gene,Mecp2_ratio,GFP_ratio,Mecp2_log_ratio,GFP_log_ratio,log_ratio_change,chromosome
Reln,1.2688178550011264,1.3105337724116857,0.3434849781251585,0.3901545323485537,-0.0466695542233951,chr5
2700038G22Rik,0.9373827645678232,1.0309619099793934,-0.0932898263144248,0.0439910317370977,-0.1372808580515225,chr5
Kcnh2,0.8015095541114637,0.9601784655038216,-0.3192083772685161,-0.0586255147117558,-0.2605828625567603,chr5
Fastk,0.7066404056721389,0.9732628221769754,-0.5009518500513964,-0.0390986485135895,-0.4618532015378069,chr5
Agap3,0.7207618395701777,0.9227115636866272,-0.4724054645908481,-0.1160483578200262,-0.3563571067708219,chr5
Cnpy1,0.85817838843585,1.152862836040264,-0.2206505248299752,0.2052208759246865,-0.4258714007546618,chr5
Rnf32,1.3625752657643977,1.46588831363643,0.446335923501287,0.5517751883960476,-0.1054392648947605,chr5
Gm9899,0.654740477812347,0.7228300997677823,-0.6110049219270709,-0.4682715113722305,-0.1427334105548403,chr5
Krtcap3,0.804769568863808,0.9646616503339432,-0.3133523420293622,-0.0519050809840274,-0.2614472610453348,chr5
Pisd,0.8826234696817995,0.9209293561878744,-0.1801299846192797,-0.1188376023995573,-0.0612923822197223,chr5
Haus3,0.9193677248213648,0.8402116217960374,-0.1212860748686823,-0.2511753535861998,0.1298892787175175,chr5
Mxd4,0.7547782750899193,0.9426395949900912,-0.4058751966854903,-0.0852218127531576,-0.3206533839323327,chr5
Adra2c,0.8800564623879826,1.0776708871086096,-0.1843320081896948,0.1079166567262063,-0.2922486649159012,chr5
Man2b2,1.0186383466966098,1.347032820678691,0.0266419337045631,0.4297850027330545,-0.4031430690284913,chr5
Bod1l,1.202632628482243,0.7879361170485781,0.2661960057644901,-0.3438494288519743,0.6100454346164644,chr5
Lcorl,0.7423160318886474,0.8132461427466613,-0.4298945676506814,-0.2982360203549979,-0.1316585472956834,chr5
Kctd8,2.109291320629024,1.892716602807826,1.0767583638854783,0.9204584119231358,0.1562999519623424,chr5
Guf1,1.5431765174248682,1.5431438284969554,0.6259030951219638,0.6258725343577478,3.05607642160366e-05,chr5
Gsx2,0.8685933166089685,1.2220544159429303,-0.2032472428694375,0.2893085272704937,-0.4925557701399312,chr5
Tmem165,0.8519164222304945,1.182056548228773,-0.2312161939527412,0.2412990540415027,-0.472515247994244,chr5
Art3,1.3357505536587162,1.8402880132393635,0.4176506151472264,0.8799315721276423,-0.4622809569804159,chr5
Shroom3,1.237725919496027,1.2157690830250358,0.3076918813044277,0.2818692366677203,0.0258226446367074,chr5
Bmp3,1.3255772526437022,1.3605700651249772,0.406620750747061,0.4442112528063195,-0.0375905020592584,chr5
Pus1,0.802731352026898,0.7094133209188372,-0.3170108492942187,-0.4953016743364013,0.1782908250421825,chr5
Ttc28,0.7802173198856903,0.9841022621912962,-0.3580520700754538,-0.0231198550437887,-0.3349322150316651,chr5
Tpst2,0.9061682513391812,0.971010396290774,-0.142149149652812,-0.0424413526961901,-0.0997077969566219,chr5
Git2,0.7134698840815911,1.101470894272392,-0.4870755607758262,0.1394313731652905,-0.6265069339411169,chr5
Gm13830,0.6378964196535742,0.7600856756308338,-0.6486059138187408,-0.3957660489084334,-0.2528398649103073,chr5
Cox6a1,0.687088934031056,0.9458906495682948,-0.5414312471080467,-0.0802546855765334,-0.4611765615315132,chr5
Srrm4,0.91370923809854,0.9373151431526748,-0.1301929531161935,-0.0933939039686783,-0.0367990491475151,chr5
Rfc5,1.3012921672200517,0.6830112253066343,0.3799449135370674,-0.5500188054479367,0.929963718985004,chr5
Rasal1,0.8376506559622625,1.03545044711601,-0.2555794046533174,0.0502585130846584,-0.3058379177379758,chr5
Zcchc8,1.1276312514265483,1.3016543195721608,0.1732953667504247,0.3803463627473808,-0.207050995996956,chr5
Dnah10,0.705246998534396,0.7106435580610716,-0.5037994740393044,-0.4928019752123493,-0.010997498826955,chr5
Aacs,0.881546565714269,0.616263930056925,-0.1818913162089494,-0.698379742286211,0.5164884260772615,chr5
Tmem132d,0.8251939985721382,0.8158207088805881,-0.2771947659820377,-0.2936759657660851,0.0164811997840474,chr5
Tpst1,0.8030405298417228,0.8371238159565665,-0.3164552917947394,-0.2564870725230814,-0.059968219271658,chr5
Cldn3,0.7886043278808594,1.1369197275028553,-0.3426264668723705,0.1851303959875871,-0.5277568628599577,chr5
Vps37d,1.031605455884706,0.6631202219653504,0.0448913082872587,-0.5926576439916899,0.6375489522789486,chr5
Mlxipl,1.0004980457735302,0.61993817873305,0.0007183492970372,-0.6898037401655138,0.690522089462551,chr5
Fzd9,0.9158375032223176,0.7797687952339641,-0.126836450813842,-0.358881672726812,0.2320452219129699,chr5
Mdh2,0.915930743496316,0.9102143464720496,-0.1266895793072901,-0.1357217691602915,0.0090321898530014,chr5
Rasa4,0.8896586525575896,0.9198663539939292,-0.16867619108335,-0.120503825496064,-0.0481723655872859,chr5
4933404O12Rik,0.8210893006186843,0.8304832730846731,-0.2843889586899047,-0.267976983991477,-0.0164119746984277,chr5
Vgf,0.918096835824704,1.3131220830467245,-0.1232817656533052,0.3930010521168271,-0.5162828177701324,chr5
Actl6b,0.7743159334387644,0.9635995614749052,-0.3690057654599074,-0.0534943578677695,-0.3155114075921378,chr5
Ppp1r35,0.8888546715054579,0.8442569752026206,-0.1699805384168163,-0.2442459011418364,0.0742653627250201,chr5
Adap1,1.1096089229902848,0.8000293596861127,0.1500512943441546,-0.3218751495169475,0.4719264438611023,chr5
3110082I17Rik,0.8242120639076738,0.9887467877515124,-0.2789125145346623,-0.0163269923335296,-0.2625855222011327,chr5
Snx8,1.007274355296847,1.206986782814475,0.0104566894191777,0.2714098778556387,-0.260953188436461,chr5
Gna12,1.0857546655523562,1.0029579549763257,0.1186981521514976,0.0042611279654903,0.1144370241860072,chr5
Papolb,0.8850759390386826,0.9481556942147772,-0.1761268519240182,-0.0768041150586937,-0.0993227368653244,chr5
Rbak,0.9968574507797764,1.0964319050884312,-0.0045408788863493,0.1328162148917476,-0.137357093778097,chr5
Zfp853,0.8198606316933434,0.7000322861889235,-0.286549408392651,-0.5145066327576229,0.2279572243649719,chr5
Grid2ip,0.8377171591928343,0.978984976062683,-0.2554648699462142,-0.0306413751259893,-0.2248234948202248,chr5
Gtf3a,1.094419312010145,0.8459451136642911,0.1301655932087486,-0.2413640329760467,0.3715296261847953,chr5
N4bp2l2,0.926855855821192,0.9197362232443264,-0.1095831058334462,-0.1207079336982976,0.0111248278648514,chr5
Etl4,1.1562474307489827,1.818799186489732,0.2094501598777544,0.8629862639083672,-0.6535361040306127,chr2
Pdss1,0.6219342431501435,0.7285117913183706,-0.6851660420172472,-0.4569757716862907,-0.2281902703309564,chr2
Zmynd19,0.8570559036074661,0.9708667971629592,-0.2225387841005291,-0.0426547232951656,-0.1798840608053635,chr2
Lrrc26,0.7629408724595376,0.8305974085170638,-0.3903568416477272,-0.2677787243591994,-0.1225781172885278,chr2
Grin1os,0.7102238938413078,0.7473790621117161,-0.4936541975719886,-0.4200879478274091,-0.0735662497445794,chr2
Tmem250-ps,0.6638399463563032,0.8444742649303063,-0.591092649146715,-0.2438746368377856,-0.3472180123089293,chr2
Notch1,0.8421384782117397,1.1018700610333445,-0.2478706105235458,0.1399541028966353,-0.3878247134201812,chr2
Surf1,0.7949608659353964,0.8697853103870675,-0.3310442532458047,-0.2012687512390809,-0.1297755020067237,chr2
Ppp1r26,0.7087548379662174,0.9022937264348504,-0.4966414169509466,-0.1483309400210229,-0.3483104769299238,chr2
Barhl1,0.5611753456748315,0.8164486362333544,-0.8334764669950732,-0.2925659679274626,-0.5409104990676106,chr2
Gle1,0.6780348979968729,0.7592011513653575,-0.560568565078345,-0.3974459146096994,-0.1631226504686455,chr2
1700001O22Rik,0.7104923242736787,0.8429722243039423,-0.4931090313336145,-0.2464429993298869,-0.2466660320037275,chr2
Fnbp1,0.7670426706586565,1.0387275275618535,-0.3826212576607334,0.0548172652259214,-0.4374385228866549,chr2
Fubp3,0.8056070187968575,1.1774626869116191,-0.311851842104596,0.2356813424193741,-0.5475331845239702,chr2
Prdm12,0.6390555102662315,0.5535869913097418,-0.6459868414810931,-0.8531180532736913,0.2071312117925982,chr2
Exosc2,0.9494188029698238,1.1338343034509029,-0.074883472671422,0.1812098227704705,-0.2560932954418926,chr2
Gm13427,0.7332197183851604,1.0186342927714716,-0.4476825102725713,0.0266361921287133,-0.4743187024012847,chr2
Lamc3,0.797909428514255,0.7533461102533211,-0.3257031008822496,-0.4086152594398246,0.082912158557575,chr2
Fam78a,0.8308732218843221,0.8700526472346665,-0.2672997335500587,-0.2008253932290735,-0.0664743403209851,chr2
Prrc2b,0.7765742535431168,0.8203923757290356,-0.3648042177998667,-0.2856140106135055,-0.0791902071863612,chr2
Swi5,1.020139133243745,0.7479236203865487,0.0287659297967043,-0.419037148458822,0.4478030782555264,chr2
Tor2a,0.7473609400974112,0.7688841701454251,-0.420122929884665,-0.3791618175627053,-0.0409611123219597,chr2
Gsn,0.8023979802679023,1.1220300126174778,-0.3176101203694079,0.1661112663881513,-0.4837213867575592,chr2
Dab2ip,0.783910722881344,1.1088059940353598,-0.351238735177446,0.1490069615972473,-0.5002456967746934,chr2
Ndufa8,0.586219266974596,0.942771283837906,-0.7704877097464433,-0.0850202791244667,-0.6854674306219766,chr2
Scai,1.6390097967199373,1.5791192818481512,0.7128244777668595,0.6591201520918525,0.053704325675007,chr2
Dpp4,1.1583874176097355,1.003221068143795,0.2121178370825967,0.0046395508875749,0.2074782861950218,chr2
Kcnh7,3.311958753747392,2.027783086650296,1.7276847060091505,1.019903334515308,0.7077813714938423,chr2
Gorasp2,1.4915548433852197,1.5411638746793044,0.5768170254942652,0.6240202743232841,-0.0472032488290189,chr2
Mettl8,1.3427970609306612,1.475438431213109,0.4252412844288571,0.5611437195928338,-0.1359024351639766,chr2
Metap1d,1.1002536857644232,1.2380251651613683,0.1378362046569295,0.3080406403070377,-0.1702044356501081,chr2
Dlx2,0.9977999732688224,1.5646658444494854,-0.0031774641909917,0.6458545830174548,-0.6490320472084465,chr2
Btbd18,1.042453488752134,0.8037134172799674,0.0599830162420657,-0.3152469282755795,0.3752299445176453,chr2
Rtn4rl2,1.0959304222464552,0.8306870280069014,0.132156208274404,-0.2676230693842431,0.3997792776586472,chr2
Creb3l1,0.902048408857068,0.9158739159612084,-0.1487232364133401,-0.1267790919119104,-0.0219441445014297,chr2
Large2,0.776265731258979,0.7419427634041779,-0.365377494608221,-0.4306201993323326,0.0652427047241115,chr2
Mir7000,0.6491978184867716,0.7722501863222306,-0.6232699429121435,-0.3728597809527067,-0.2504101619594368,chr2
2810002D19Rik,0.9732086394514936,1.2740310945129265,-0.0391789673375901,0.3494004890166302,-0.3885794563542203,chr2
Traf6,1.7353565547355911,1.560341077799053,0.7952321163480291,0.6418614248977521,0.153370691450277,chr2
Nat10,1.555403215078308,1.8773294396553304,0.6372886260065029,0.9086818410332952,-0.2713932150267923,chr2
Pax6os1,0.680495274719679,0.8739100073515379,-0.5553429510304724,-0.1944433719489907,-0.3608995790814816,chr2
Bdnf,1.4286792690804264,1.322300301264295,0.5146820753966488,0.4030498575908112,0.1116322178058376,chr2
Grem1,1.2112084372517928,1.6737080793791674,0.2764471602537557,0.7430479214619556,-0.4666007612081999,chr2
Bub1b,0.9214534265533784,0.9146576013423988,-0.1180168459912105,-0.1286963179311052,0.0106794719398946,chr2
Plcb2,0.8357077643264735,1.0245720764691464,-0.2589295552887338,0.03502147845065,-0.2939510337393838,chr2
Vps18,0.8823513276352528,0.9625297476098872,-0.180574883871868,-0.0550969660718676,-0.1254779178000004,chr2
Chac1,0.8742054570555813,1.1837734320171025,-0.1939557109957041,0.2433929831764842,-0.4373486941721883,chr2
Nusap1,1.0164055838103394,1.0815976970953116,0.0234762062352691,0.1131639849939123,-0.0896877787586432,chr2
Shf,1.1394494469438707,1.6326068496063,0.1883369191084947,0.7071774152648934,-0.5188404961563986,chr2
Sema6d,1.131526998671456,2.034645526187036,0.1782710082766793,1.0247774715642104,-0.8465064632875311,chr2
Usp8,1.0808261943593296,1.1266108798404888,0.1121345446303847,0.1719893090672761,-0.0598547644368913,chr2
Snrpb,1.038944948794089,1.1892617300542032,0.0551192113105374,0.2500662551154359,-0.1949470438048985,chr2
Idh3b,0.9883409029705968,1.1369385552775872,-0.0169193464021663,0.1851542873069741,-0.2020736337091405,chr2
Slc23a2,1.0273581836542391,1.039951195072362,0.0389392582773575,0.0565158242517188,-0.0175765659743612,chr2
Ralgapa2,1.251940269221231,1.157281653541701,0.3241657321155997,0.210740023233051,0.1134257088825487,chr2
Epb41l1,1.0937792573109546,0.8507617313123036,0.1293216078596117,-0.2331729549687283,0.36249456282834,chr2
Ralgapb,1.1262731908878796,1.177496188230023,0.1715568126177065,0.2357223895785733,-0.0641655769608667,chr2
Top1,0.9448790245951854,1.039482078006038,-0.0817984658593992,0.0558648845121023,-0.1376633503715016,chr2
2900093K20Rik,1.4219838947786732,1.1148220470201298,0.507905125256542,0.1568134389609728,0.3510916862955691,chr2
Ncoa5,0.8111725879091503,0.9112108592581056,-0.3019191949570258,-0.1341431545748055,-0.1677760403822203,chr2
Cdh22,0.7880552272204516,0.661017197415401,-0.3436313570266011,-0.59724028865641,0.2536089316298088,chr2
Sulf2,0.8880991412087911,1.015855999650481,-0.1712073568857345,0.0226959106593845,-0.1939032675451191,chr2
Cbln4,0.8185829836283264,0.8635925862469536,-0.2887994179551155,-0.2115772366944578,-0.0772221812606577,chr2
Tfap2c,0.9776005243845336,0.924915693406922,-0.0326830358694646,-0.1126062257414851,0.0799231898720204,chr2
Ppp4r1l-ps,1.2059990839043668,0.9626505723926116,0.270228811344856,-0.0549158782919119,0.325144689636768,chr2
Npepl1,0.7456887678328779,1.0364253810711852,-0.4233544842386941,0.0516162512917489,-0.474970735530443,chr2
Ntsr1,0.7839930686892931,1.2885654429768718,-0.351087195408853,0.3657658098871895,-0.7168530052960425,chr2
Chrna4,1.0224161446465925,1.155566715464133,0.0319825227137401,0.208600554734797,-0.1766180320210569,chr2
Dnajc5,0.9738865722899044,1.174875128340374,-0.0381743422143242,0.2325074280264723,-0.2706817702407966,chr2
Polr3k,0.9680128330541136,1.3837715124075027,-0.0469019212916184,0.4686057456264305,-0.515507666918049,chr2
Pitrm1,1.6280718303250403,1.1198783683807598,0.7031643525326815,0.1633420475837969,0.5398223049488846,chr13
Larp4b,1.0594124471892277,1.045040390929809,0.0832643642790659,0.0635587037109542,0.0197056605681116,chr13
Sfrp4,1.400471811058017,1.4642205942912745,0.4859129448861138,0.5501329213238919,-0.0642199764377781,chr13
H4c9,1.1943873039537514,1.3446205907713284,0.2562707351695598,0.4271991474801295,-0.1709284123105697,chr13
H2ac11,0.9857277719944718,1.2575958469662027,-0.0207388217327219,0.3306683584191148,-0.3514071801518368,chr13
Tubb2b,1.1356522573389651,1.4422364397002692,0.1835211416962268,0.528307698851111,-0.3447865571548841,chr13
Nrn1,0.9283036421019328,0.826824207800899,-0.1073313161475807,-0.2743474662074046,0.1670161500598238,chr13
Rreb1,0.815796454082645,0.988370296715413,-0.2937188585199825,-0.0168764405797181,-0.2768424179402644,chr13
Sirt5,0.7463404652719778,0.7452005319176165,-0.422094186246564,-0.4242993908243528,0.0022052045777888,chr13
Auh,0.9480074964970884,0.8441920145914928,-0.077029627413182,-0.2443569123149779,0.1673272849017958,chr13
Unc5a,0.8511511084694657,0.9757312156649576,-0.2325128124627857,-0.0354443110667117,-0.197068501396074,chr13
Uimc1,0.5937493342397375,1.167074835379435,-0.7520741042230547,0.2228970727584195,-0.9749711769814742,chr13
Lman2,0.6909042158029022,0.8187028360961922,-0.5334423798810343,-0.288588201856797,-0.2448541780242372,chr13
Ahrr,0.9254620840154514,1.005549711899556,-0.1117542104894186,0.0079844066936132,-0.1197386171830319,chr13
Polk,1.4538772653978247,1.2191219525799422,0.5399054837859429,0.2858424504717259,0.254063033314217,chr13
Arhgef28,0.8998456280864653,0.9099342045928502,-0.1522505719967433,-0.1361658640148801,-0.0160847079818631,chr13
Mccc2,0.9318379302685458,1.8578522330103573,-0.1018490386451178,0.8936357594273268,-0.9954847980724446,chr13
Ccdc125,0.890308928286143,0.8048559466162938,-0.1676220711986643,-0.3131975025911506,0.1455754313924863,chr13
Slc30a5,1.3542450818606404,1.1881308028177155,0.437488851460139,0.248693672997676,0.1887951784624629,chr13
Ipo11,1.0015011597357133,0.9954986306395444,0.0021640917886571,-0.0065087634427369,0.008672855231394,chr13
Gpbp1,1.0811676892520172,1.0328421701289316,0.1125903026193423,0.04661981105777,0.0659704915615723,chr13
Map3k1,1.3023017515330642,1.1602743064448249,0.3810637687811615,0.2144659206669955,0.1665978481141659,chr13
Osbp2,1.2372430642345118,0.9043456181146868,0.3071289547347029,-0.1450538551587757,0.4521828098934787,chr11
Mrps24,0.8871166050009904,0.7337492121689921,-0.1728043461669045,-0.4466410456943124,0.2738366995274079,chr11
Pold2,0.7257510474366943,1.072589736432984,-0.4624533458712724,0.1010983534507676,-0.5635516993220401,chr11
Camk2b,0.7967476516415806,1.246261470222936,-0.3278052331214963,0.3176067828241499,-0.6454120159456462,chr11
Grb10,1.1390397146377234,1.2774342068595606,0.1878180500416502,0.3532489883200268,-0.1654309382783766,chr11
Cobl,1.3014441573929176,1.48600154950115,0.3801134096439017,0.5714356202213675,-0.1913222105774658,chr11
Npm1,1.106319753320138,1.2031080241590224,0.145768419802677,0.266766184427368,-0.1209977646246909,chr11
Trim7,1.081285057821615,0.943572997677656,0.1127469090966037,-0.0837939614667674,0.1965408705633712,chr11
Grm6,0.7713042463335555,0.8299435771815468,-0.3746280413685526,-0.2689148351594742,-0.1057132062090784,chr11
Kif3a,0.5226258416570723,0.9085871589573686,-0.9361496332436248,-0.1383031789263797,-0.797846454317245,chr11
Gm12216,1.0403154236387833,0.8633547433420259,0.0570210198330634,-0.2119746255154602,0.2689956453485236,chr11
Lyrm7,1.1635134134684766,1.025908688612429,0.2184878428299874,0.0369023290459508,0.1815855137840365,chr11
Gpx3,1.2670104809084166,0.9449882603235196,0.341428458726596,-0.0816316881761313,0.4230601469027273,chr11
Pld6,0.7395219433016934,0.9126840329630952,-0.4353351388776181,-0.1318126026665728,-0.3035225362110453,chr11
Srebf1,0.7301367305730473,0.9399820244336364,-0.4537614363079684,-0.0892949269358247,-0.3644665093721437,chr11
Myh10,0.8297440958749537,1.056634619741974,-0.2692616361845462,0.0794765844632965,-0.3487382206478428,chr11
Chd3,1.0894384092759548,0.9694883969116804,0.1235846368908783,-0.0447044630000084,0.1682890998908868,chr11
Zmynd15,0.992658352239807,1.0645964781637467,-0.0106308306486585,0.0903066987439666,-0.1009375293926251,chr11
Fbxo39,0.7629916794579216,1.1269647089572747,-0.390260770553961,0.1724423380394049,-0.5627031085933659,chr11
Atp2a3,0.7798075848228396,0.8959118223778354,-0.358809907665176,-0.1585713488526099,-0.2002385588125661,chr11
Rap1gap2,0.8611925005958581,0.6583073149892719,-0.2155923385502061,-0.6031668660811168,0.3875745275309106,chr11
Gm12339,0.5713551179869995,0.778233877782566,-0.8075403830805773,-0.3617243103552134,-0.4458160727253639,chr11
Dbil5,0.9098490541182316,1.0683867818910835,-0.1363008758817752,0.0954340321356898,-0.231734908017465,chr11
Slc13a2os,0.7447539091923518,0.7737256272758554,-0.4251643037269331,-0.370106035422582,-0.0550582683043511,chr11
Rab11fip4,0.6812064889389854,0.8570458489855548,-0.5538359171881306,-0.2225557092954864,-0.3312802078926442,chr11
Ddx52,0.8606621561507317,1.2430952167450529,-0.2164810608615166,0.3139368060161269,-0.5304178668776435,chr11
Dusp14,1.1845417911865446,1.072901921393576,0.244329098429562,0.1015181991267197,0.1428108993028423,chr11
Hlf,0.7735304634595461,1.0940038694327938,-0.3704699853506249,0.1296178408741901,-0.5000878262248151,chr11
Sgca,1.0311155357459094,0.8853623807535425,0.0442059946933871,-0.175660020585679,0.2198660152790662,chr11
Dlx3,0.8577858915352485,0.7168063324301895,-0.2213105074980839,-0.4803447123393936,0.2590342048413096,chr11
Cbx1,0.8783327798637223,0.8336968135304679,-0.187160447953294,-0.2624052737366161,0.075244825783322,chr11
D030028A08Rik,0.6019654857680767,0.7098100454188211,-0.7322473237473789,-0.4944951029436109,-0.237752220803768,chr11
Epop,0.8417710304145384,1.025734944224123,-0.2485002347646422,0.0366579784540856,-0.2851582132187279,chr11
Fbxl20,0.7744084444273482,0.9545750469343196,-0.3688334105250669,-0.0670694707690162,-0.3017639397560507,chr11
Ppp1r1b,0.5359166435345545,0.7363819310899292,-0.8999194735164413,-0.4414738677741906,-0.4584456057422507,chr11
Pgap3,0.5640604797124129,0.8184624356669782,-0.8260782352717309,-0.2890118909192627,-0.5370663443524681,chr11
Nt5c3b,0.7231362405448193,0.8039351748967977,-0.4676606150116016,-0.3148489201316774,-0.1528116948799242,chr11
Rab5c,0.8459223804739667,0.9185426826138368,-0.241402803223788,-0.1225813331973385,-0.1188214700264494,chr11
Stat5a,0.8778235806500705,0.8285418022247407,-0.1879970695861558,-0.2713536076507055,0.0833565380645496,chr11
Hsd17b1,0.9504017532519528,0.785047630988191,-0.0733905973371046,-0.3491479059712637,0.275757308634159,chr11
Hrob,0.8454872180347683,1.078007671385674,-0.242145150562266,0.1083674447237105,-0.3505125952859765,chr11
Kansl1,0.878050247349216,1.082303152620665,-0.1876245930227561,0.1141046539937747,-0.3017292470165308,chr11
2610035D17Rik,0.8551793840649053,1.0487319916839288,-0.2257010206711301,0.0686460376197095,-0.2943470582908397,chr11
Kif19a,1.0164086691760073,0.8290044568822469,0.0234805856238352,-0.2705482369484462,0.2940288225722815,chr11
Grin2c,0.527384759638332,0.9684678316236484,-0.9230722140752752,-0.0462239654473564,-0.8768482486279188,chr11
Jpt1,0.990160193568851,0.9404577370900152,-0.0142661436636067,-0.0885649824633355,0.0742988387997288,chr11
Mif4gd,0.5922363934922252,0.7739885167380023,-0.7557549466591488,-0.3696159328691412,-0.3861390137900075,chr11
Llgl2,0.7248422140495226,0.9850051401440604,-0.4642611160119981,-0.0217968417488089,-0.4424642742631892,chr11
Galr2,0.9824207523022108,1.042191899412703,-0.0255870588868519,0.0596209463697798,-0.0852080052566318,chr11
St6galnac2,0.8553512471563155,0.7974221404863091,-0.2254111152745263,-0.3265844324586132,0.1011733171840868,chr11
Usp36,0.7196720374124564,1.095327033457652,-0.4745884908215004,0.1313616817954912,-0.6059501726169917,chr11
Rbfox3,0.9741793373169596,0.8868893703020806,-0.0377407114487789,-0.1731739394823633,0.1354332280335844,chr11
Cbx2,0.9215193527927492,1.2821984800233694,-0.117913630729747,0.3586196035959485,-0.4765332343256955,chr11
Ccdc57,0.8641941348764074,0.801301883332177,-0.2105726552272866,-0.3195822273647806,0.1090095721374939,chr11
Rab40b,1.2360226642883017,1.0450482580656226,0.3057051974142588,0.0635695643773952,0.2421356330368635,chr11
Fn3krp,0.9970567376428154,1.0512848387951854,-0.0042524911797493,0.0721536111098766,-0.0764061022896259,chr11
Pnpla6,0.740123948916426,0.8494826330658226,-0.4341611950746417,-0.2353436418226896,-0.1988175532519521,chr8
Tfdp1,0.7665704807351128,1.1605088193552573,-0.3835096512976315,0.2147574865701561,-0.5982671378677876,chr8
Gas6,0.8693928607938796,1.3609899413655289,-0.2019198462227726,0.4446564043909932,-0.6465762506137659,chr8
Dlgap2,1.069725470057431,1.017150185413173,0.097240596809263,0.0245327133683527,0.0727078834409103,chr8
Gins4,1.270454465788123,1.3182955130775789,0.3453446688514164,0.3986738054473876,-0.0533291365959712,chr8
Zmat4,0.7780612357967687,0.8226065230242594,-0.3620443906993686,-0.2817255828625388,-0.0803188078368298,chr8
Mak16,0.8777016160112854,1.231313905782056,-0.1881975312829253,0.3001986030764595,-0.4883961343593849,chr8
Helt,0.7878928742267941,0.8361925476177817,-0.3439286077538765,-0.258092909150348,-0.0858356986035285,chr8
Cenpu,1.0190501687484446,0.8180924940372456,0.0272250784153436,-0.2896641305160365,0.3168892089313801,chr8
Mfap3l,0.9844376807258994,0.8082717546115961,-0.0226282148686238,-0.3070876619168918,0.2844594470482679,chr8
Zfp866,0.6987264003456113,0.6615269606028541,-0.5172004434851252,-0.5961281399927492,0.0789276965076239,chr8
Cilp2,0.8765940453801303,0.7354288241998427,-0.1900192160815302,-0.4433423726360178,0.2533231565544875,chr8
Yjefn3,0.7547086971937098,0.7895366833172452,-0.4060081950985024,-0.3409217969963933,-0.065086398102109,chr8
Tmem59l,0.5611799859671093,0.7067408564268287,-0.8334645375704628,-0.5007467818086304,-0.3327177557618324,chr8
Lsm4,0.8145690067810684,1.087548704198856,-0.2958911720435687,0.1210800112903539,-0.4169711833339226,chr8
Mpv17l2,0.6668183082510523,0.7786253179027379,-0.5846343791947143,-0.3609988385416516,-0.2236355406530626,chr8
Dda1,0.8076605977544224,0.6552521610558144,-0.3081789365705601,-0.609877888242307,0.3016989516717469,chr8
Fcho1,0.7594776662454443,0.8091351120751149,-0.3969205544795446,-0.3055474660946925,-0.091373088384852,chr8
Rab8a,1.3101283623894204,1.3186956151244198,0.3897081695568397,0.3991115962591071,-0.0094034267022674,chr8
Cacna1a,0.8878012153446622,1.0562516036073095,-0.1716914112631971,0.0789535317044615,-0.2506449429676586,chr8
Trmt1,0.9367824354990756,1.2139280704936763,-0.0942140690652497,0.2796829393724714,-0.3738970084377212,chr8
Klf1,0.6288676330314892,0.8625074390733198,-0.6691717109549031,-0.2133911949000287,-0.4557805160548744,chr8
Rtbdn,0.8759301962003329,0.8657637197438486,-0.1911121903670505,-0.2079547499184204,0.0168425595513699,chr8
Wdr83,0.6122540827873799,0.7324995960568594,-0.7077976055224182,-0.4491001309387244,-0.2586974745836938,chr8
Cyld,0.7641427803300614,0.7658155150752827,-0.3880858633954348,-0.3849312060554812,-0.0031546573399536,chr8
Aktip,1.0677944152502208,1.0112018855708098,0.0946339085897943,0.0160710587988563,0.0785628497909379,chr8
Gins3,1.2911900934881382,1.1838756354191406,0.3687014148541344,0.2435175357070111,0.1251838791471232,chr8
Got2,1.118282243116614,0.7878043396202328,0.161284355761541,-0.344090730827834,0.505375086589375,chr8
Car7,1.355573514167087,1.1529786181987722,0.4389033541556374,0.2053657586925252,0.2335375954631122,chr8
E2f4,0.7876985870849539,0.9114308157513148,-0.3442844069624211,-0.1337949455462778,-0.2104894614161432,chr8
Zdhhc1,0.7182381776048925,0.8569225600431518,-0.4774657540855903,-0.2227632607826329,-0.2547024933029573,chr8
Edc4,0.8673237366102772,1.2042884583085187,-0.2053575016416486,0.2681809963559069,-0.4735384979975555,chr8
Atxn1l,0.560160712314224,0.8098743764898311,-0.8360872934404248,-0.3042299529032347,-0.53185734053719,chr8
Rfwd3,1.0562611778024535,1.258853175802466,0.0789666086846118,0.3321100265883312,-0.2531434179037194,chr8
Cdh13,0.8644470055046137,1.0804204812637948,-0.2101505720136225,0.1115928940317472,-0.3217434660453698,chr8
Hsbp1,0.9244039042676075,0.8093218749987129,-0.1134047417719732,-0.3052145045800589,0.1918097628080857,chr8
Usp10,0.8805982611305582,0.995169740660106,-0.1834440994210927,-0.006985475639999,-0.1764586237810937,chr8
Jph3,0.7512977057907854,0.8481387845257239,-0.4125433981182819,-0.2376277365088025,-0.1749156616094794,chr8
Klhdc4,1.159009847570739,1.3397118094122085,0.2128928243091082,0.4219226903489437,-0.2090298660398354,chr8
Fanca,0.7194713986475774,0.9365112144727444,-0.4749907586507155,-0.0946318244261487,-0.3803589342245667,chr8
Rab4a,0.931654887721902,0.7781594545304115,-0.1021324575803716,-0.3618622832630419,0.2597298256826702,chr8
Pgbd5,1.207172661829753,1.2042670275045573,0.2716320394321425,0.2681553227812017,0.0034767166509407,chr8
Map3k21,1.1743080081378323,0.9591030401385646,0.2318108612011923,-0.0602422770252731,0.2920531382264655,chr8
Prr18,0.4862836249527137,0.7297327992306983,-1.0401300836053615,-0.4545597949933724,-0.5855702886119891,chr17
Tcp1,0.7101175692909351,0.7794286335397066,-0.4938701933811875,-0.3595111627299832,-0.1343590306512043,chr17
Zscan10,0.8115032024243691,1.0957006697689944,-0.3013313068144976,0.1318537278411901,-0.4331850346556878,chr17
Mmp25,0.7164761903667307,0.9507108185243311,-0.4810093326338417,-0.0729215173401395,-0.4080878152937022,chr17
Flywch1,0.6048517177568496,0.6898456822739297,-0.7253465926277198,-0.5356544262106028,-0.189692166417117,chr17
Pdpk1,0.6999607500028753,0.8378676678520954,-0.5146540690637726,-0.2552056910691963,-0.2594483779945763,chr17
Baiap3,0.5755428165791496,0.7928824708491816,-0.7970048355678007,-0.3348210641274515,-0.4621837714403491,chr17
Ciao3,0.6553912685524779,0.9201759969507256,-0.6095716421775015,-0.1200182710606416,-0.4895533711168598,chr17
Mcrip2,0.6411063653770869,0.8958748647628961,-0.641364361956398,-0.1586308632671172,-0.4827334986892808,chr17
Kifc5b,0.5750015372456811,1.079704029524622,-0.7983622818325126,0.1106358923368169,-0.9089981741693296,chr17
Itpr3,0.4897837983078151,0.622892103575986,-1.0297830434998934,-0.6829458114403522,-0.3468372320595412,chr17
Fkbp5,0.9358446032941548,0.7259368833223591,-0.0956591042551865,-0.4620839765234235,0.3664248722682369,chr17
Brpf3,1.0789012980538373,1.208922118489599,0.1095628876975201,0.2737213058873058,-0.1641584181897857,chr17
Cdkn1a,0.7098840768731973,0.8146173588618355,-0.494344641220176,-0.2958055375101219,-0.1985391037100541,chr17
Pi16,0.7669638311494877,0.8578299048382177,-0.3827695508640151,-0.2212364841951102,-0.1615330666689049,chr17
Akap8l,0.7462264024826482,0.924830902953208,-0.4223146893602152,-0.11273848901194,-0.3095762003482751,chr17
Kifc1,0.5849853334719517,1.0824563263041025,-0.7735276404349601,0.1143088179353212,-0.8878364583702814,chr17
Atf6b,1.2200670776576883,0.9040030658125392,0.2869604674142586,-0.1456004295200779,0.4325608969343366,chr17
Msh5,0.7539086064805675,0.7646764687106098,-0.4075384533151115,-0.3870786159896269,-0.0204598373254845,chr17
Rnf39,1.0095033939853937,1.556282708389639,0.0136457610682618,0.6381041586172784,-0.6244583975490167,chr17
Tmem151b,0.647592954903219,0.8705611353276027,-0.6268408040916557,-0.1999824799093608,-0.4268583241822948,chr17
Slc29a1,0.6912365663010372,0.8559417314682224,-0.5327485570361459,-0.2244155068860617,-0.3083330501500841,chr17
Mrps18a,0.7641386339408329,0.7699406268247319,-0.3880936917641132,-0.377180896726741,-0.0109127950373721,chr17
Abcc10,0.7217256207854327,0.9109573276142352,-0.4704776244884329,-0.1345446200929897,-0.3359330043954431,chr17
Ttbk1,0.6787621000313812,1.1716559251369472,-0.55902208337048,0.2285489622699459,-0.7875710456404259,chr17
Gnmt,0.6324401373863349,0.6648598622836706,-0.6609991646188177,-0.5888778103547393,-0.0721213542640784,chr17
Gm20517,0.8807362509456904,0.644305474888574,-0.1832180467081902,-0.6341832409924657,0.4509651942842754,chr17
Safb,0.9470387620447914,0.8098745132171659,-0.0785046188607059,-0.3042297093397427,0.2257250904790367,chr17
Nrtn,0.6983624573418922,0.7118892150793731,-0.5179520904195627,-0.4902753498913534,-0.0276767405282092,chr17
Rab31,0.7833170075684267,0.9629283763290248,-0.3523318120315357,-0.0544996020707273,-0.2978322099608083,chr17
Mtcl1,0.8888044984068109,1.14144798983846,-0.1700619763908088,0.1908651245546541,-0.360927100945463,chr17
Ehd3,0.7064850212914445,0.7393507171854157,-0.5012691216425594,-0.4356692137124954,-0.0655999079300639,chr17
Fam98a,0.9404664901946432,1.0584242632282503,-0.0885515549573719,0.0819180393273474,-0.1704695942847193,chr17
Mta3,0.8778193263821187,0.9264957146999756,-0.1880040614536388,-0.1101437914846773,-0.0778602699689614,chr17
Pigf,1.176210600517068,0.9031891804010064,0.2341463978608159,-0.1468998911893217,0.3810462890501377,chr17
Kcnk12,0.5906296842354164,0.8297909570781065,-0.7596742287252827,-0.2691801598393539,-0.4904940688859288,chr17
Nrxn1,1.2342513872694958,1.2311430024267165,0.303636266635175,0.2999983466392453,0.0036379199959297,chr17
Gdf7,0.5820980553125266,0.9404857014892388,-0.7806658970844923,-0.0885220847352517,-0.6921438123492406,chr12
Vsnl1,1.142528073078524,1.4231001421009009,0.1922296142055253,0.5090371864104057,-0.3168075722048803,chr12
Atp6v1c2,0.5309894093204046,0.7593660477662283,-0.9132450083839284,-0.3971325992412813,-0.516112409142647,chr12
Rnaseh1,0.7073445017806462,0.8618808840205493,-0.4995150651993711,-0.2144395990154472,-0.2850754661839239,chr12
Mir5627,1.039900044657098,1.0320983665267272,0.0564448629742526,0.0455804767082745,0.010864386265978,chr12
Ttc6,0.819021113246973,0.9909819375170404,-0.2880274518317092,-0.0130693330276413,-0.2749581188040679,chr12
Tmx1,1.4403312703220363,1.5391263935641193,0.526400663811004,0.6221117111207933,-0.0957110473097893,chr12
Six4,1.0320862204923729,1.212639378945417,0.045563498552697,0.2781505780271245,-0.2325870794744274,chr12
Wdr89,0.9522822484539352,1.0991632413445334,-0.070538855289301,0.136405662892475,-0.206944518181776,chr12
Mthfd1,1.1421070397458508,0.9777189301421668,0.1916978682785162,-0.0325083090245355,0.2242061773030517,chr12
Plek2,0.8455878172802406,0.9341243170416398,-0.2419735034978835,-0.098313532485053,-0.1436599710128305,chr12
Smoc1,0.8102010813521485,0.8657036699516352,-0.30364808433803,-0.2080548194178323,-0.0955932649201976,chr12
Ttc9,0.9397225287921652,1.1878048634796856,-0.0896932587660248,0.2482978448814299,-0.3379911036474547,chr12
Abcd4,0.8643044242812171,0.8874333466634753,-0.2103885486490606,-0.1722893292409126,-0.038099219408148,chr12
Gpatch2l,0.5878242744274161,0.8768788306214119,-0.766543158026478,-0.1895505937668643,-0.5769925642596136,chr12
Esrrb,0.8804948711418458,1.104220989443303,-0.1836134944649219,0.1430289297871037,-0.3266424242520256,chr12
Ism2,1.0653832544449449,1.2177977008797034,0.0913725100973995,0.2842744943463239,-0.1929019842489244,chr12
Golga5,1.0377993044194835,1.4747626634560458,0.0535274740294824,0.5604827973182674,-0.506955323288785,chr12
Ddx24,1.0575540412396534,0.9931933143264252,0.0807313872567168,-0.0098535448311016,0.0905849320878184,chr12
Snhg10,0.5917689335681923,0.7287109514053347,-0.7568941343534006,-0.4565814225409321,-0.3003127118124684,chr12
Vrk1,1.0782930537532354,1.0405889455273416,0.1087493207060742,0.0574002863484472,0.0513490343576269,chr12
Bcl11b,0.8298479303551154,1.031978641625001,-0.2690811080939909,0.0454131122916342,-0.3144942203856252,chr12
Mok,0.8859372391150822,0.9472340736919446,-0.1747235947803308,-0.0782071166841891,-0.0965164780961417,chr12
Amn,0.7657620402377838,0.807655300274663,-0.3850319490869204,-0.3081883992989187,-0.0768435497880017,chr12
Mir203,0.6783395510776176,0.8776197781591711,-0.5599204822477182,-0.1883320560074343,-0.3715884262402837,chr12
Kif26a,0.8921766477548166,0.6242913882810296,-0.1645987080505067,-0.6797085300539437,0.5151098220034369,chr12
Shisa7,0.7646705361116856,0.8010962233548726,-0.3870898089118619,-0.3199525531031315,-0.0671372558087303,chr7
Isoc2a,0.9494352286173744,0.7249650893776699,-0.0748585131960004,-0.4640165709244254,0.3891580577284249,chr7
Epn1,0.6880933842321296,0.6606026164540694,-0.5393237220731971,-0.5981454111588149,0.0588216890856178,chr7
Zfp606,0.7338604645447383,0.7830380704676732,-0.4464223182579508,-0.3528456433867296,-0.0935766748712212,chr7
Ercc2,0.7197192315138419,0.8463427409177003,-0.474493885973573,-0.2406860692648266,-0.2338078167087464,chr7
Ppp1r37,0.6321351979567548,0.9138506348726424,-0.6616949469878997,-0.1299697129058791,-0.5317252340820205,chr7
Clasrp,0.7134538733078517,0.6629938873775502,-0.4871079362461426,-0.5929325257421808,0.1058245894960381,chr7
Gm19345,0.723426576132592,0.706239630262493,-0.4670814964092588,-0.501770315450876,0.0346888190416172,chr7
Zfp428,0.7073553777726224,0.8869329079310687,-0.4994928827705524,-0.1731031189472775,-0.3263897638232749,chr7
Xrcc1,0.6058123245708787,0.7606628316516894,-0.7230571664463459,-0.3946709826761172,-0.3283861837702286,chr7
Pou2f2,0.912736800017816,1.0784809460262454,-0.1317291953044853,0.1090006880270883,-0.2407298833315737,chr7
Tmem145,0.764077933626253,0.8171832411376636,-0.3882082986133379,-0.2912684774235439,-0.0969398211897939,chr7
B3gnt8,0.6832483729898089,0.9691091064293278,-0.5495179756051501,-0.0452689953528929,-0.5042489802522572,chr7
Eid2,1.023971566204216,0.688875430227867,0.0341756549221816,-0.5376849718135532,0.5718606267357349,chr7
Lrfn1,0.7209486559431456,0.6958974213483434,-0.4720315766886861,-0.5230534333804714,0.0510218566917852,chr7
Dpf1,0.7341141913853183,0.7283598574945813,-0.4459236033015152,-0.4572766824427013,0.0113530791411861,chr7
Syne4,0.7514121494324736,0.8915176330426365,-0.4123236520720705,-0.1656647621502835,-0.246658889921787,chr7
Lrfn3,0.7370466350779427,1.0819344291752788,-0.4401721891801409,0.1136130670296267,-0.5537852562097677,chr7
Nphs1os,0.8225007609341727,0.8411990605409717,-0.2819110813337694,-0.2494808560321708,-0.0324302253015986,chr7
Cox6b1,1.026367248234251,1.0437087854005769,0.0375470393322108,0.0617192287031616,-0.0241721893709508,chr7
Lrp3,1.122221129465197,0.9478670683044724,0.1663569816059636,-0.0772433494190782,0.2436003310250419,chr7
Pdcd5,0.937218871489819,0.8947256004431031,-0.0935420908243102,-0.1604827986315151,0.0669407078072049,chr7
Zfp658,1.1004164697096712,1.0003472283613737,0.1380496374518351,0.0005008576840447,0.1375487797677903,chr7
Shank1,0.650967393546258,1.1021722029781649,-0.6193428131665327,0.1403496476602589,-0.7596924608267916,chr7
Lrrc4b,0.5385965255798967,0.8325287002448414,-0.8927231716664568,-0.2644280869831077,-0.628295084683349,chr7
Emc10,0.556841035090471,1.139807055814563,-0.844662563765147,0.188789628619631,-1.033452192384778,chr7
Ptov1,0.7196272231193052,0.8049657101683031,-0.4746783308711469,-0.3130007660995869,-0.16167756477156,chr7
Nosip,0.7429294546705599,1.2195186951527657,-0.4287028696266688,0.2863118747371697,-0.7150147443638385,chr7
Slc17a7,0.7350622172095143,0.7278824268744277,-0.4440617270325642,-0.4582226607598205,0.0141609337272562,chr7
Pth2,0.7377571919099227,0.8264190969985448,-0.4387820152758857,-0.2750545023170541,-0.1637275129588315,chr7
Kcna7,0.8219258906337701,0.9434830251789176,-0.2829197764489212,-0.0839315332995828,-0.1989882431493383,chr7
A030001D20Rik,0.7899135899621146,0.9642573531821184,-0.3402332519159286,-0.052509852364745,-0.2877233995511835,chr7
Sec1,0.5705746175428932,0.9443195010592124,-0.8095125259549312,-0.082653031267163,-0.7268594946877681,chr7
Grwd1,0.7232576678897104,0.7384181559931383,-0.467418381374288,-0.4374900689361224,-0.0299283124381655,chr7
Kcnj11,0.7040575731824221,0.9108867673469182,-0.5062346871205222,-0.1346563716397598,-0.3715783154807623,chr7
Myod1,1.0512308143739435,0.7591017858385352,0.0720794706253458,-0.3976347493270326,0.4697142199523785,chr7
Fancf,1.6965245966204563,1.7295223634867023,0.7625823467392023,0.7903736685144083,-0.0277913217752059,chr7
Gabra5,1.207172237439053,1.400855950253891,0.2716315322416758,0.4863086113440174,-0.2146770791023416,chr7
Ndn,1.997563245004464,1.5788521114257676,0.9982411811556832,0.6588760425694006,0.3393651385862826,chr7
4833412C05Rik,0.8911401448213288,0.7595973061017597,-0.166275760402194,-0.3966933058830003,0.2304175454808063,chr7
Klhl25,0.6730006216152663,1.3345154232263745,-0.5713202575096483,0.4163159790532212,-0.9876362365628696,chr7
Ticrr,1.2521358253159234,0.7717495446765306,0.3243910669680169,-0.373795368220406,0.6981864351884229,chr7
Mesp1,0.940590468482346,0.8414740427712443,-0.0883613822352959,-0.2490093259379446,0.1606479437026486,chr7
Prc1,0.6723098964552435,0.7636475917706853,-0.5728017085756446,-0.3890210782219973,-0.1837806303536472,chr7
Man2a2,1.1167290058520432,0.88958276416995,0.1592791326910037,-0.1687992590375307,0.3280783917285345,chr7
Blm,1.223716548564718,1.660511632083722,0.2912694229510092,0.7316278291283193,-0.44035840617731,chr7
Sec11a,1.1048475977590604,0.8717728538280404,0.1438473785570559,-0.1979758146382349,0.3418231931952909,chr7
Sh3gl3,1.777010011743123,0.7495964649411427,0.8294518095891377,-0.4158139455507592,1.245265755139897,chr7
Omp,0.6083325945108731,0.6488180857043668,-0.7170677888865508,-0.6241140598692599,-0.0929537290172908,chr7
Emsy,1.0153601493442008,1.1096237315322612,0.0219915436795752,0.1500705480353159,-0.1280790043557406,chr7
Arrb1,0.9369204582774076,0.98788256458323,-0.094001522264099,-0.0175885445381216,-0.0764129777259773,chr7
Tpbgl,1.00885621519432,1.08823860332015,0.0127205724544964,0.121994911447112,-0.1092743389926156,chr7
Neu3,1.3415905765519287,1.5010209042749638,0.4239444604359261,0.5859440690863952,-0.161999608650469,chr7
Ppme1,1.1575466154061338,1.0440043253085012,0.2110702932359182,0.062127689003773,0.1489426042321451,chr7
Coa4,0.9891520339972024,1.1334676831214143,-0.015735812693046,0.1807432582466584,-0.1964790709397045,chr7
Rrm1,1.0272920506507683,1.1966568732710292,0.0388463862599344,0.2590095364125733,-0.2201631501526388,chr7
Mrpl17,2.0627642268275035,1.4903857628874218,1.044578931149054,0.5756857979175387,0.4688931332315154,chr7
Rnf141,1.116011268338412,1.587681828009218,0.1583515940970948,0.6669218248583398,-0.508570230761245,chr7
Parva,0.7270155608950682,0.9865554549538234,-0.459941851257085,-0.0195279467887306,-0.4404139044683542,chr7
Plekha7,0.8965834973611077,0.859306034858235,-0.1574901496972882,-0.2187560678984829,0.0612659182011947,chr7
Prkcb,1.080910968196794,1.023278658645085,0.1122476969572155,0.0331990724552314,0.0790486245019841,chr7
Kctd13,0.8700889885065153,1.420462776938483,-0.2007651344873635,0.5063610263673892,-0.7071261608547528,chr7
Sephs2,0.901247334846663,0.5757400715124956,-0.1500050068409066,-0.7965104675547652,0.6465054607138585,chr7
Prss36,0.7415736594260257,0.9311059644940952,-0.4313380943035584,-0.1029827318821604,-0.328355362421398,chr7
Ate1,0.8744368957121416,1.284448919632564,-0.193573819977783,0.3611495178307124,-0.5547233378084955,chr7
Htra1,0.6580495569443533,0.8904245000044512,-0.6037318591553121,-0.1674348059489022,-0.4362970532064099,chr7
Pstk,1.1941506484711086,1.0597502127960348,0.2559848517554164,0.0837242560837405,0.1722605956716759,chr7
Gm10584,1.1614231013218272,1.1074030432212605,0.2158936354086029,0.1471803916135886,0.0687132437950142,chr7
Nkx1-2,1.1582043555528956,1.0857927953285018,0.21188982736143,0.1187488161502838,0.0931410112111462,chr7
Uros,0.6902085069057007,1.1117056915848975,-0.5348958396085223,0.1527749054273594,-0.6876707450358817,chr7
B4galnt4,0.6173771737476155,0.7944910076099068,-0.6957759516328892,-0.331897204262607,-0.3638787473702822,chr7
Slc25a22,0.8480442635952483,0.6147095807842973,-0.2377885267937302,-0.7020231239828546,0.4642345971891243,chr7
Brsk2,0.886811497223978,1.0058034887397462,-0.1733006204867271,0.0083484626840393,-0.1816490831707665,chr7
Ano1,0.6637731044288805,1.0004431096957125,-0.591237921170428,0.0006391305685535,-0.5918770517389815,chr7
Vcpip1,1.111105970141382,1.1752184301829194,0.1519964182632273,0.2329289260281114,-0.0809325077648841,chr1
Sgk3,1.333694747653546,1.5364082744990584,0.4154285042737936,0.6195616387984679,-0.2041331345246743,chr1
Arfgef1,1.1050721905876184,1.0807139298747748,0.1441406190292252,0.111984685357855,0.0321559336713702,chr1
Gdap1,0.7004606228609448,0.6101558601584092,-0.5136241445881631,-0.7127502785137161,0.199126133925553,chr1
Vwa3b,1.1878957423233787,1.244448199759246,0.2484082211273772,0.3155061792897866,-0.0670979581624093,chr1
Tsga10,1.2641464569402323,1.4576173796846004,0.3381636157787097,0.5436120661154609,-0.2054484503367511,chr1
Lipt1,1.7974286775253758,1.819161302914048,0.8459345252560058,0.8632734707501306,-0.0173389454941248,chr1
Mfsd6,0.947017470505811,1.0004499083471108,-0.0785370542205156,0.0006489345716348,-0.0791859887921505,chr1
Ica1l,0.8126752692708071,0.6597794994404902,-0.2992491029804506,-0.5999441434698576,0.3006950404894069,chr1
Tns1,1.0013490363133153,1.12230383933883,0.0019449363990512,0.1664633071102333,-0.1645183707111821,chr1
Fev,0.8855532240407508,0.8831155482007742,-0.1753490755983935,-0.179325880218526,0.0039768046201324,chr1
Speg,0.920310983583412,1.017985514086349,-0.1198066482151972,0.0257170320378903,-0.1455236802530876,chr1
Obsl1,0.6627274858987114,0.7040916341631738,-0.5935123400309548,-0.5061648939369995,-0.0873474460939552,chr1
Slc4a3,0.9569911440958287,1.2377729295646365,-0.0634225206756914,0.307746675264755,-0.3711691959404465,chr1
Ap1s3,1.3303893272713463,0.8662083376656161,0.4118485001099914,-0.2072140357918028,0.6190625359017943,chr1
Cops7b,0.7982669742117535,1.39125533951853,-0.325056769546416,0.4763872245175469,-0.801443994063963,chr1
Nppc,0.8540563092601903,0.9061830816896608,-0.2275969027789152,-0.1421255386975828,-0.0854713640813323,chr1
Twist2,0.6588763731687851,0.7488726867949297,-0.6019203011987552,-0.4172076228543447,-0.1847126783444104,chr1
Dusp28,0.7606407508761827,0.920944067247218,-0.3947128623189322,-0.1188145567634226,-0.2758983055555095,chr1
Cdh20,2.2163613795716737,2.9697219705858697,1.1481931331964372,1.5703278702742869,-0.4221347370778494,chr1
Vps4b,0.5254254261875035,0.7060767761172778,-0.9284420783765154,-0.5021030296609075,-0.4263390487156079,chr1
Ralb,0.8417131227351359,0.7879455323483343,-0.2485994850269985,-0.3438321897321811,0.0952327047051826,chr1
Tmem185b,0.6002608587833634,0.8190524213352194,-0.7363384976874663,-0.2879723040954145,-0.4483661935920517,chr1
2900009J06Rik,1.2306915781997378,1.3890624107790062,0.2994692554435786,0.4741114212765344,-0.1746421658329558,chr1
Rab29,0.8916591698795656,0.9232611348539036,-0.1654357388780707,-0.1151893379421084,-0.0502464009359623,chr1
Lemd1,1.054088327727984,1.109203445311277,0.0759957632141835,0.1495240026708568,-0.0735282394566732,chr1
Klhdc8a,1.1659877816248754,0.7933112438648353,0.2215526706296972,-0.3340410979572678,0.5555937685869651,chr1
Snrpe,0.8403026054189324,1.005820004877353,-0.251019137566656,0.008372152753176,-0.259391290319832,chr1
Ube2t,1.2256194539359218,1.3994978249257797,0.2935111020769894,0.4849092447020175,-0.1913981426250281,chr1
Gm4793,0.9102561968052107,1.0236539607911377,-0.1356554376633663,0.0337281045746776,-0.169383542238044,chr1
Ascl5,0.9311139512888288,0.8341779472742952,-0.1029703568570013,-0.2615729219296456,0.1586025650726443,chr1
Inava,1.1210492851836356,0.8564986901568288,0.1648497053752936,-0.2234770548894627,0.3883267602647564,chr1
Kif14,1.104920280518638,1.2935078358281695,0.1439422835992274,0.3712887936254374,-0.2273465100262099,chr1
Dhx9,0.8871838902393968,0.950804869167868,-0.172694926054493,-0.072778803400926,-0.0999161226535669,chr1
BC034090,0.714225086796998,0.7349227088380929,-0.4855492861356184,-0.4443355639034736,-0.0412137222321448,chr1
Brinp2,0.9312874948644924,2.24232153102942,-0.1027014884481738,1.1649931639427729,-1.2676946523909467,chr1
Dnm3,1.124625074844397,1.1116002017705082,0.1694441189399354,0.1526380015198469,0.0168061174200885,chr1
Dcaf8,1.1408522706216753,1.5641492053990087,0.1901119886117417,0.6453781390020997,-0.4552661503903579,chr1
Igsf9,1.0113674876418552,1.1540119927921209,0.0163073061091897,0.2066582169225772,-0.1903509108133874,chr1
Exo1,0.6560961950065857,1.6268057441893513,-0.608020740585637,0.7020419900231214,-1.3100627306087584,chr1
Catspere2,1.057899928464761,1.3052014684995292,0.0812031628622963,0.3842725157387038,-0.3030693528764075,chr1
Desi2,1.1836431009757868,0.6428278741293681,0.2432341366494374,-0.6374956067637078,0.8807297434131451,chr1
Smyd3,0.9228029450829792,0.9478636188390523,-0.1159054865645277,-0.0772485996655285,-0.0386568868989991,chr1
Capn2,0.908502844034394,1.0155485245384328,-0.1384370641176859,0.0222591755655574,-0.1606962396832433,chr1
Mia3,1.1868583617741917,1.3021232294020002,0.2471477757899478,0.3808659877005287,-0.1337182119105809,chr1
Kcnk2,1.1665740740851656,1.0539316796295373,0.2222779171998693,0.0757813483277773,0.1464965688720919,chr1
Il7,2.401616737033037,1.7029332628157392,1.264005936347731,0.7680218975582266,0.4959840387895043,chr3
Ythdf3,0.9227547854114736,2.1208966810717405,-0.1159807805725341,1.0846743420678906,-1.2006551226404247,chr3
Gnb4,0.5506637485867156,1.1055826390945511,-0.8607564590799519,0.1448068664530934,-1.0055633255330454,chr3
Atp11b,1.422379172520744,1.428225755825839,0.5083061044764499,0.5142240403390166,-0.0059179358625667,chr3
Cog6,1.5401115940447787,1.6709807155593326,0.6230348901033522,0.7406950836519686,-0.1176601935486163,chr3
Mlf1,1.3174674956286192,1.1709986160901025,0.3977673683339333,0.2277393708338963,0.1700279975000369,chr3
Trim2,0.8788866531459225,0.8797254369140868,-0.1862509767182699,-0.1848747672843526,-0.0013762094339173,chr3
Lrba,1.1989359490446367,1.382223861092906,0.2617545874727927,0.4669912894845348,-0.2052367020117421,chr3
Bcan,0.773246455804108,0.7208566825722734,-0.3709997791891245,-0.4722156369396598,0.1012158577505352,chr3
Iqgap3,0.9781650488570962,0.8234739232454519,-0.0318501787103159,-0.2802051296960569,0.2483549509857409,chr3
Fdps,1.07440917588361,0.8268005607048573,0.103543531122642,-0.2743887277424794,0.3779322588651215,chr3
Ints3,0.7427469744115648,0.8848904066707576,-0.4290572716497243,-0.1764293058421495,-0.2526279658075747,chr3
Ilf2,0.8814166661163276,0.744435401155974,-0.1821039190616001,-0.4257814314062406,0.2436775123446405,chr3
Ankrd35,0.7784759881899108,0.9645925630266418,-0.3612755543031381,-0.0520084078706394,-0.3092671464324987,chr3
Pias3,0.713782764178181,1.114810090386101,-0.4864430300581228,0.1567979657568241,-0.643240995814947,chr3
Wnt2b,0.6669990700769413,0.9779975869217798,-0.5842433448662884,-0.0320971893624876,-0.5521461555038008,chr3
Kcna2,1.1800099811372,1.3099194079453371,0.2387990627025746,0.3894780534923139,-0.1506789907897393,chr3
Slc6a17,1.1238716263718695,1.195133902234926,0.168477253909644,0.2571722661290235,-0.0886950122193794,chr3
Sypl2,1.104557746533597,1.4233434134109195,0.1434688450941485,0.5092837862860502,-0.3658149411919016,chr3
Wdr47,0.8531675087014287,1.1992809201697658,-0.2290990705214469,0.2621696359542666,-0.4912687064757135,chr3
Tram1l1,2.023270124731341,2.176047685736733,1.016688945498982,1.121710172039588,-0.1050212265406058,chr3
Mcub,0.941301908255024,0.6304633851830748,-0.0872705752438676,-0.6655155079162244,0.5782449326723567,chr3
Rpl34,0.9034016377907466,1.1567049427996885,-0.1465605656254974,0.2100209026071397,-0.3565814682326371,chr3
Dkk2,1.7518577761345584,1.680969853252297,0.8088856550794398,0.7492938513120884,0.0595918037673514,chr3
Pdha2,1.806778491931331,1.9644874353269828,0.8534196450067866,0.9741529404871462,-0.1207332954803596,chr3
2410004B18Rik,0.763795430401775,1.1159879322500046,-0.3887418061869755,0.1583214266498919,-0.5470632328368674,chr3
Mcoln2,0.8566955567391897,1.1976347181493032,-0.2231454889344012,0.2601879493010741,-0.4833334382354753,chr3
Acadm,1.0463609373115093,1.487623645344109,0.0653805883426627,0.5730095844618233,-0.5076289961191605,chr3
Lrrc7,1.2330869037809915,1.2387379109369692,0.3022744795750928,0.3088709779636203,-0.0065964983885274,chr3
Stx11,0.8777917582884572,0.9219372379366996,-0.188049370294945,-0.1172595542104551,-0.0707898160844898,chr10
Gm9767,0.7418835343001292,1.4192811162116217,-0.430735373911547,0.5051603714962486,-0.9358957454077956,chr10
9330159F19Rik,0.9119262163673696,1.59432828761543,-0.1330109937287977,0.6729487247801168,-0.8059597185089146,chr10
Trmt11,0.7878698874259656,1.018329932353061,-0.3439706990437211,0.0262050610718832,-0.3701757601156044,chr10
Amd2,1.343816425070471,1.5300558007494256,0.4263360691216298,0.6135842686019047,-0.1872481994802749,chr10
Armc2,0.7760701919660793,0.9505599601424168,-0.3657409514675731,-0.0731504617307684,-0.2925904897368047,chr10
Psap,0.9962239479551848,0.8312633044195439,-0.0054580029082644,-0.2666225687798633,0.2611645658715988,chr10
Cdh23,0.7791506370348337,0.7687012323786111,-0.3600258162876042,-0.3795051134990298,0.0194792972114256,chr10
Kifbp,0.7891988600307605,1.0215422708150628,-0.3415392227452476,0.0307489031739393,-0.372288125919187,chr10
Stox1,0.7620439644731285,0.7152594588394015,-0.3920538616075162,-0.4834614235126678,0.0914075619051516,chr10
Ccar1,0.6519039651945583,0.9839773414050672,-0.6172686444527662,-0.0233030006835373,-0.5939656437692288,chr10
Dna2,0.991785146016748,1.3741538979445616,-0.0119004766427059,0.4585435873932693,-0.4704440640359752,chr10
Ube2d1,0.6126158222022674,0.8829179523015337,-0.7069454665760714,-0.1796487173844606,-0.5272967491916107,chr10
Cabin1,1.0622092998757395,0.982725682930102,0.0870680657106476,-0.0251393345846651,0.1122074002953128,chr10
Gstt2,0.6364670102636624,1.1630429533672522,-0.6518423574495851,0.2179043792407111,-0.8697467366902962,chr10
Pfkl,0.7842637325194224,0.9483185950433888,-0.3505892088940784,-0.0765562696547207,-0.2740329392393577,chr10
Slc1a6,1.5029968057889755,1.3295707675608224,0.5878419432015155,0.4109605679379135,0.1768813752636019,chr10
Bsg,0.9447895944132216,1.013503857710596,-0.0819350194104538,0.0193515801608594,-0.1012865995713133,chr10
Mbd3,0.7901749806338522,0.8081909094848275,-0.3397559280034491,-0.3072319706796698,-0.0325239573237793,chr10
Rexo1,0.909880461572724,0.8663458312490736,-0.1362510757565838,-0.2069850544243124,0.0707339786677286,chr10
Btbd2,0.7820000200725692,0.6653413039670433,-0.3547594503232825,-0.5878334967922046,0.2330740464689221,chr10
Ap3d1,0.7489415374901338,0.7312630151287607,-0.4170749888400695,-0.4515376977728509,0.0344627089327814,chr10
Thop1,0.9530112441351184,0.7760499431535798,-0.0694348589659152,-0.3657785939937122,0.296343735027797,chr10
Pias4,1.1733956385966673,0.9250829236943876,0.2306895347675155,-0.1123454014307644,0.3430349361982799,chr10
Atcayos,0.556812907276178,0.6644605202591928,-0.8447354407274714,-0.5897446123435296,-0.2549908283839418,chr10
Matk,0.5041357698835381,0.6371911901258029,-0.988115773543879,-0.6502017747436613,-0.3379139988002178,chr10
Pip5k1c,0.6165325629412922,1.303574044004722,-0.6977510004972273,0.382472531384824,-1.0802235318820512,chr10
Cactin,0.5248906389345617,0.791959947857273,-0.9299112265882666,-0.3365006247956189,-0.5934106017926477,chr10
S1pr4,0.6105573874163188,0.8272258187646516,-0.7118011917305417,-0.2736468801938587,-0.438154311536683,chr10
Slc41a2,1.0581182094640376,1.0815925906623285,0.081500809570185,0.1131571737340956,-0.0316563641639106,chr10
Ascl4,0.8171258516932081,1.3289870879495866,-0.2913697990980211,0.4103270878785031,-0.7016968869765241,chr10
Slc5a8,1.2572276306909884,1.300583106774375,0.3302458843944033,0.3791585899002531,-0.0489127055058498,chr10
Kcnc2,1.9051919382490397,1.2065544525021896,0.9299363491154656,0.2708930266868216,0.659043322428644,chr10
Lgr5,1.0324079222665292,1.0886900097137608,0.0460131172252468,0.1225932239236195,-0.0765801066983726,chr10
Nup107,0.7638172817228881,1.5209689066397976,-0.3887005329082725,0.6049906601662316,-0.9936911930745042,chr10
Kif5a,0.7181557668364635,0.8761620043272246,-0.4776312986529686,-0.1907304428346374,-0.2869008558183312,chr10
Baz2a,1.111169085059892,1.1301840346929473,0.1520783663368931,0.176557714517211,-0.0244793481803179,chr10
Coq10a,0.7609264753423729,0.6393816392616124,-0.3941710350921419,-0.6452507791807977,0.2510797440886557,chr10
Clcn5,1.5448556518746217,1.2380194906032562,0.6274720419784637,0.3080340276178614,0.3194380143606023,chrX
Cacna1f,0.9557855054941404,1.199634066342275,-0.0652412056355653,0.2625943965133801,-0.3278356021489454,chrX
Slc35a2,0.8118864417547371,1.0123332881772544,-0.3006501425682563,0.0176843434314481,-0.3183344859997044,chrX
Porcn,0.6391712471524371,1.1641797910590923,-0.6457255841865419,0.2193138792421188,-0.8650394634286607,chrX
Xk,3.9387053640684906,3.375484217419095,1.9777214997913592,1.7550944734111416,0.2226270263802177,chrX
Bcor,0.7793829888906588,0.8930598523101492,-0.3595956518470716,-0.1631712277855922,-0.1964244240614793,chrX
Cask,0.9755873160816488,1.7335927612138493,-0.0356570935645195,0.7937650344425368,-0.8294221280070563,chrX
Wdr44,1.5609605432880278,1.5711177731402546,0.6424340704855043,0.6517913310820557,-0.0093572605965513,chrX
Slc25a43,2.1609112566034647,1.1081431454457673,1.1116398254195436,0.1481442549302056,0.963495570489338,chrX
Sowahd,0.7207827047505825,0.9385002699971464,-0.4723637009250385,-0.0915709347822111,-0.3807927661428273,chrX
Bcorl1,0.9084050632849184,0.8405363067851299,-0.1385923474998878,-0.2506179571777601,0.1120256096778723,chrX
Elf4,0.6022499679541164,0.8066698011470602,-0.7315656831898073,-0.3099498473239305,-0.4216158358658768,chrX
Aifm1,1.466461013375199,0.8525319657139575,0.5523387168105749,-0.2301741658386236,0.7825128826491985,chrX
Rbmx2,1.1498295359366355,1.4044404825287693,0.2014199951804776,0.4899954871343197,-0.2885754919538421,chrX
AW822252,1.1416995153792246,1.326154059456855,0.1911829968348786,0.4072483832211461,-0.2160653863862675,chrX
Smim10l2a,1.4836656825474697,1.3874927028241937,0.5691660431260765,0.4724801839838015,0.096685859142275,chrX
Gpr101,1.0976697554307804,2.086550747113872,0.134444070858384,1.0611200088923274,-0.9266759380339432,chrX
Plxna3,1.031823544915716,1.5491396060881268,0.0451962724653911,0.6314671634531174,-0.5862708909877262,chrX
G6pdx,1.0208191733106893,1.2123209067278429,0.0297273315709025,0.2777716371477117,-0.2480443055768091,chrX
Dkc1,1.086311559762032,2.358675488721954,0.1194379348734424,1.2379769433692325,-1.1185390084957898,chrX
Nr0b1,1.3060124261065214,1.3369850216845298,0.385168623528273,0.4189833029312707,-0.0338146794029976,chrX
Maged1,1.969713729859734,1.6077591865293606,0.977985969518116,0.6850513328742781,0.2929346366438378,chrX
Snx12,1.4524885455243788,1.1000179560882437,0.5385267864316391,0.1375270737026901,0.4009997127289489,chrX
Rtl5,0.682767630803085,0.9917034667136048,-0.5505334313471629,-0.0120192959037779,-0.5385141354433849,chrX
Magee2,2.121099982923703,2.096465578157935,1.084812627218534,1.0679591427869604,0.0168534844315735,chrX
Tspan6,0.88469942540115,1.081862196331426,-0.1767407087747859,0.1135167456245314,-0.2902574543993173,chrX
Bhlhb9,1.0657822160453978,1.724196840842305,0.0919126651789004,0.7859244873598591,-0.6940118221809586,chrX
Tro,1.898963936325142,1.471471938344831,0.92521250718361,0.5572600296743137,0.3679524775092962,chrX
Huwe1,0.9812226211152518,0.902456522335966,-0.0273476007038304,-0.1480706659581563,0.1207230652543259,chrX
Rragb,1.4697459226682634,1.3427601121285422,0.5555667756138549,0.4252015862581222,0.1303651893557327,chrX
Txlng,1.2353693656369606,0.8271584576624034,0.304942460677189,-0.2737643638155309,0.5787068244927199,chrX
Ap1s2,1.3833404966321654,1.330646138622789,0.4681563064099321,0.412126963489431,0.0560293429205011,chrX
Gemin8,0.8859246045227241,0.6950624893530302,-0.1747441695941114,-0.524785406220983,0.3500412366268716,chrX
Tasor,0.7659133858097714,1.1047746455462313,-0.3847468423297518,0.1437521153997198,-0.5284989577294718,chr14
Ncoa4,0.7741059329502347,0.9819551079237948,-0.369397088615205,-0.0262710245797148,-0.3431260640354901,chr14
Arhgap22,1.0434813954460134,0.8652227178733609,0.061404878468952,-0.2088565487125831,0.2702614271815351,chr14
Gm15217,1.5347585294968509,1.3876253297220806,0.6180116877119647,0.472618080942253,0.1453936067697117,chr14
Cdkn3,0.9654929544239632,1.1518051715454498,-0.0506623635775124,0.2038967047870712,-0.2545590683645837,chr14
Lgals3,0.765873820369761,1.2517301985549418,-0.3848213707810615,0.323923633234694,-0.7087450040157555,chr14
Pnp,0.7300954306017406,0.99515093332532,-0.4538430442404508,-0.0070127408430221,-0.4468303033974286,chr14
Zfp219,0.9855570908437558,1.254867739003728,-0.0209886495023849,0.3275353145037589,-0.3485239640061438,chr14
Mettl3,0.8137915171571312,1.189703537344933,-0.2972688528378963,0.2506021126190548,-0.5478709654569511,chr14
Nrl,1.4769569180467896,0.8347429689610049,0.5626277441617822,-0.2605960583663393,0.8232238025281216,chr14
Sdr39u1,0.8919155730181697,1.1323891742177372,-0.165020940966681,0.1793698620770319,-0.344390803043713,chr14
Cenpj,0.8896981348638379,1.1563308211867367,-0.1686121669058053,0.2095542056292499,-0.3781663725350552,chr14
Gjb2,1.0317618792853989,1.2137159946814755,0.0451100490427647,0.2794308754659688,-0.234320826423204,chr14
Gjb6,1.2719835576764322,1.1617959994289055,0.3470800217134727,0.2163567671504906,0.1307232545629821,chr14
Fgf9,1.3983955788323887,1.0678474404866811,0.4837725287335641,0.0947055491090073,0.3890669796245568,chr14
Mtmr6,0.9749881923744812,0.92136508831818,-0.036543347723504,-0.1181551614388912,0.0816118137153871,chr14
Fam124a,0.7887647695663252,0.9897828249905586,-0.3423329801733522,-0.0148160865437592,-0.3275168936295929,chr14
Fzd3,0.919779108358467,1.0068892532202494,-0.1206406658256719,0.0099050114317845,-0.1305456772574565,chr14
Esco2,1.0988660235390109,1.3213014638906055,0.13601550006475,0.4019596647991112,-0.2659441647343612,chr14
Scara3,0.7903729051952187,1.1107517626370615,-0.3393946042027514,0.1515364307431272,-0.4909310349458786,chr14
Nefl,1.5368725733327129,1.3344100292101562,0.6199975518588524,0.4162020369987683,0.2037955148600841,chr14
1700092C10Rik,0.8735960183849596,0.8542201244739719,-0.1949618140295098,-0.2273202082198821,0.0323583941903723,chr14
Tnfrsf10b,1.0684333931123031,0.9795766176004614,0.0954969721794997,-0.0297697575661826,0.1252667297456824,chr14
Med4,1.0285207983747875,1.1940384588972022,0.0405709678140189,0.2558493052515537,-0.2152783374375348,chr14
Serp2,1.0091545759504468,1.2867953870579996,0.0131471743223209,0.3637826692968883,-0.3506354949745673,chr14
Tnfsf11,0.9555954464934244,1.0737572917387903,-0.065528115660935,0.1026679285415484,-0.1681960442024835,chr14
Dgkh,0.6752994842996438,0.8507291715346242,-0.5664006391046729,-0.2332281698743356,-0.3331724692303373,chr14
Pcca,1.1787888757303342,1.4102892571205028,0.2373053508779039,0.4959910966767202,-0.2586857457988163,chr14
Wdr33,0.6407852229947334,0.8623342810941013,-0.6420872164260522,-0.2136808610831078,-0.4284063553429443,chr18
Pcdhgb7,0.6947460596092162,0.6892884161408604,-0.5254423479708653,-0.5368203246265923,0.011377976655727,chr18
Pcdhga12,0.7402415788803056,0.728202310115158,-0.4339319217462377,-0.4575887773589911,0.0236568556127534,chr18
Fbn2,1.1545613116536295,1.4496812262387715,0.2073447878110097,0.5357356975613906,-0.3283909097503809,chr18
Adamts19,1.4604772932864525,2.479767445101769,0.5464399280967821,1.3102048296726574,-0.7637649015758753,chr18
Fbxo38,1.190110946481077,1.1223570551045734,0.2510960730937595,0.1665317130966694,0.0845643599970901,chr18
Grp,1.1759928322363893,1.0440933822670089,0.2338792668677045,0.0622507503260542,0.1716285165416502,chr18
Poli,1.4275217697234497,1.304941553258692,0.5135127468718881,0.3839851916900821,0.1295275551818059,chr18
Mbd1,0.835567158494731,1.0916981424818049,-0.2591723056990747,0.1265740022780353,-0.38574630797711,chr18
Ctif,1.0316437372749627,0.9905130880365012,0.0449448436256667,-0.0137520567533104,0.0586969003789771,chr18
Zbtb7c,0.8741217904988865,1.2151724755628854,-0.1940937919261395,0.2811610973533529,-0.4752548892794924,chr18
Carns1,0.5795885030686716,0.763717883939771,-0.7868991175396568,-0.3888882872620894,-0.3980108302775674,chr19
Grk2,0.8567533126302577,0.9476726156029204,-0.2230482299625731,-0.0775393452788143,-0.1455088846837587,chr19
Tmem151a,0.6619340316508306,0.6998813708803856,-0.5952406496864044,-0.514817687324404,-0.0804229623620004,chr19
Sart1,0.6200372883108971,0.9088803684136328,-0.6895731148014331,-0.1378376830363092,-0.551735431765124,chr19
Cdc42bpg,0.6162592467474324,0.6135511370233898,-0.6983907061163559,-0.7047445031499001,0.0063537970335442,chr19
Mir5046,1.062776464456752,0.5907713677426611,0.0878381843265542,-0.7593281885826648,0.8471663729092191,chr19
Mark2,1.0972063983127014,1.0233579777137451,0.1338349403384649,0.0333108980964109,0.100524042242054,chr19
Ddb1,0.7764974150680525,0.8631633534354869,-0.3649469729466584,-0.2122944799909926,-0.1526524929556657,chr19
A330040F15Rik,0.7346335553530876,1.0252079028201977,-0.4449033003208145,0.0359165048068612,-0.4808198051276757,chr19
Cpeb3,1.1296169113631718,1.3329825257851131,0.1758335923027793,0.4146578681025051,-0.2388242757997258,chr19
Cyp26c1,1.0331527378217054,1.8056755699613205,0.0470535531467516,0.8525387036418307,-0.8054851504950791,chr19
Pi4k2a,0.959436510567816,1.2804517505016226,-0.0597407537293559,0.3566528908709426,-0.4163936446002986,chr19
Kcnip2,0.7157173896852107,0.918397726963684,-0.4825380618474496,-0.1228090235426193,-0.3597290383048303,chr19
Ccdc186,1.0262739423185134,0.8433261784307544,0.0374158795536461,-0.2458373557852743,0.2832532353389204,chr19
Eno4,1.114600810371147,1.3279348743668924,0.1565271074412796,0.4091843946277412,-0.2526572871864616,chr19
Srl,0.8988698634597069,0.8078917718135421,-0.1538158344663288,-0.3077660577592845,0.1539502232929557,chr16
Alg1,1.1651087145605934,1.0820360155908009,0.2204645768880259,0.1137485200977196,0.1067160567903063,chr16
Rbfox1,1.0595700911565484,0.8904970602781082,0.0834790259538873,-0.1673172461985314,0.2507962721524188,chr16
Tmem114,0.6854256363074995,1.141000650963828,-0.5449279423036574,0.1902996147133768,-0.7352275570170342,chr16
Grin2a,0.7705138756381241,1.2848917690198107,-0.3761071574411863,0.3616468412288823,-0.7377539986700685,chr16
Tekt5,0.9771535186450346,1.5119521220946528,-0.0333428559395799,0.5964124554913619,-0.6297553114309419,chr16
Txndc11,0.2688769806326944,0.1940887342673371,-1.8949818478529117,-2.365211714539714,0.4702298666868025,chr16
Shisa9,0.8743963899188646,1.0238507040176636,-0.1936406502555213,0.0340053595992838,-0.2276460098548052,chr16
Parn,1.006577834333934,0.9488784634145556,0.0094587339740738,-0.0757047826228609,0.0851635165969347,chr16
Mpv17l,0.88715096234377,1.0873765341423025,-0.172748472781216,0.1208515998646008,-0.2936000726458168,chr16
Spag6l,0.4016213516823543,0.416533813051227,-1.316092124534419,-1.2634944805899877,-0.0525976439444315,chr16
Slc7a4,0.7742026590118657,0.4947267345657649,-0.369216832288597,-1.0152962314060028,0.6460793991174059,chr16
Tbx1,0.9930003550441212,0.8337677789550308,-0.0101338613025939,-0.2622824747679126,0.2521486134653187,chr16
Eef1akmt4,0.6345998661194605,0.9471018926097742,-0.656080877994892,-0.0784084505504603,-0.5776724274444317,chr16
Ephb3,0.8547087527207036,1.0449688370067856,-0.2264951983824149,0.0634599189892769,-0.2899551173716919,chr16
Dlg1,1.2124117655102111,1.2458505728983642,0.2778797575325329,0.3171310421450883,-0.0392512846125553,chr16
Lsamp,2.696438355410208,1.9754424687253875,1.4310550520718852,0.982175830981145,0.4488792210907402,chr16
Sidt1,1.0498058017342964,1.6111310227500897,0.0701224757134991,0.688073823768548,-0.6179513480550488,chr16
Boc,0.9949032290492208,1.228296140196036,-0.0073718885881816,0.2966584340669332,-0.3040303226551149,chr16
Mir3081,0.9751311242162982,1.1633749059743632,-0.036331866243382,0.2183160906462236,-0.2546479568896057,chr16
Eva1c,0.9399224502572264,1.1315229849044794,-0.089386364953083,0.178265890721385,-0.267652255674468,chr16
Paxbp1,1.12816290660689,1.0144778619370964,0.1739754077937195,0.020737382766286,0.1532380250274334,chr16
Olig1,0.860834040956996,1.1696784086863112,-0.2161929657047079,0.2261119298360929,-0.4423048955408008,chr16
Son,0.7338333460614453,1.2301479363925587,-0.4464756314232512,0.2988318230979537,-0.745307454521205,chr16
Hlcs,0.951813544175698,0.939950147271728,-0.071249110891074,-0.0893438531940158,0.0180947423029418,chr16
Ndufa5,1.4139110031293691,1.158667124211096,0.4996913143590011,0.2124661511350828,0.2872251632239182,chr6
Tnpo3,0.8625999668988364,0.776874165467389,-0.2132364341765132,-0.3642471584911292,0.1510107243146159,chr6
Mkln1os,1.2373281469220097,1.538638049041234,0.3072281625253809,0.621653890361302,-0.3144257278359211,chr6
Slc37a3,0.738164777843487,1.3406740969923066,-0.4379851950752411,0.4229585766935512,-0.8609437717687923,chr6
Zfp786,0.9286374477486588,1.0428650385730251,-0.1068126354430911,0.0605524648760341,-0.1673651003191253,chr6
AI854703,0.8119982133918039,0.8154358265626245,-0.3004515417793987,-0.2943567511725384,-0.0060947906068602,chr6
Igf2bp3,1.563916567693325,1.2911973232244425,0.6451635493551561,0.3687094928866134,0.2764540564685426,chr6
9130019P16Rik,0.9038865968647636,1.1687379435866492,-0.1457863138437454,0.2249514825896077,-0.3707377964333531,chr6
Prr15,1.159743562930053,1.431978383925466,0.2138058386389988,0.5180097149213676,-0.3042038762823688,chr6
Ggct,0.901353386519257,0.9532243699127246,-0.1498352518635647,-0.0691122592815391,-0.0807229925820256,chr6
Pde1c,1.2518765329502357,1.2806149476266375,0.3240922826507429,0.3568367546363318,-0.0327444719855888,chr6
Lsm5,1.085460520025702,1.43538668346597,0.1183072537292512,0.521439441548554,-0.4031321878193028,chr6
Qrfprl,1.5000088238273168,1.7950396346227655,0.5849709874241356,0.8440156992251677,-0.2590447118010321,chr6
Eif2ak3,0.8555274678818903,1.2853988982087623,-0.2251139197275211,0.362216140868657,-0.5873300605961782,chr6
Tmem150a,1.017967622549714,0.9691944476696124,0.0256916758244164,-0.0451419549995271,0.0708336308239436,chr6
Tgoln1,0.8066013505244893,0.9819278949106184,-0.3100722735802801,-0.0263110066754946,-0.2837612669047855,chr6
Aup1,0.817987771594236,0.7533460929939777,-0.2898488189479916,-0.4086152924923207,0.118766473544329,chr6
Mrpl53,0.4875200214494109,0.8421974292935392,-1.036466626276093,-0.2477696230269034,-0.7886970032491897,chr6
Mthfd2,0.9654289823215768,1.2947756449884915,-0.05075795753514,0.3727021335074315,-0.4234600910425715,chr6
Vax2,0.727980511607162,0.8243295082054333,-0.458028265595308,-0.2787069555010157,-0.1793213100942923,chr6
Exoc6b,1.258353107209112,0.9154608495660144,0.3315368145364654,-0.1274299055820572,0.4589667201185226,chr6
Egr4,0.9074667367841862,0.9265165431587872,-0.1400833328324185,-0.1101113587642669,-0.0299719740681515,chr6
Zxdc,1.0215795097698852,1.1488895157532577,0.0308014937301819,0.2002400662705112,-0.1694385725403293,chr6
Iqsec1,1.0409591288452689,1.202318548908566,0.0579134252465577,0.2658191822761595,-0.2079057570296018,chr6
Fbln2,0.8207224254624107,0.991354178157772,-0.2850337207767908,-0.0125275180160837,-0.2725062027607071,chr6
Ccdc174,0.9220013715498592,1.100442761932631,-0.1171591981083364,0.138084107316272,-0.2552433054246085,chr6
Uba3,1.177124649449102,1.1010716971933203,0.2352671000027707,0.1389084142405897,0.096358685762181,chr6
Mtmr14,1.0577004681919568,1.2176522240477656,0.080931126283237,0.2841021412200269,-0.2031710149367899,chr6
Creld1,1.004565640636604,1.2049911852852562,0.0065718361736467,0.2690225929351033,-0.2624507567614565,chr6
Tamm41,0.8302627733404865,1.0101655458772003,-0.2683600815638112,0.0145917411405374,-0.2829518227043486,chr6
Hnrnpf,0.8229377345932359,0.9425236141600414,-0.281144817815001,-0.0853993305062625,-0.1957454873087385,chr6
Ankrd26,0.9055772992234862,1.0790784427786866,-0.1430903013688318,0.1097997442460762,-0.2528900456149081,chr6
Rad52,0.7640276409189174,0.7101858325762457,-0.3883032619989844,-0.4937315144156386,0.1054282524166541,chr6
Eno2,0.7958943177308473,0.730181041863484,-0.3293512186508494,-0.4536738832011109,0.1243226645502615,chr6
Tuba3a,0.6806300123634739,0.8337514813028529,-0.5550573265798747,-0.2623106753920809,-0.2927466511877938,chr6
Tnfrsf1a,0.7925779388009284,0.8000964703221443,-0.3353752840607095,-0.3217541338067644,-0.0136211502539451,chr6
Tigar,1.2318224504235968,0.9374134135142116,0.3007943271751256,-0.0932426562983089,0.3940369834734345,chr6
Plbd1,0.893289190441126,0.9806164454101662,-0.1628007906782336,-0.0282391383700813,-0.1345616523081523,chr6
Recql,0.9461902835223254,1.0077023812312973,-0.0797977490727979,0.0110696105423815,-0.0908673596151795,chr6
Kcnj8,1.4638056053176558,1.1171703563625264,0.5497239751618993,0.1598491979426643,0.3898747772192349,chr6
Klhl42,0.8210665007691695,1.7073857585714116,-0.2844290197240677,0.7717890508103693,-1.056218070534437,chr6
Ergic2,1.2860060616591644,1.2883348589867731,0.3628974429030343,0.3655076218776199,-0.0026101789745856,chr6
Pdzd2,0.9625252216967392,1.6085860777978631,-0.0551037497871988,0.6857931387817081,-0.7408968885689069,chr15
Vps13b,1.097712816332727,0.8924495308464129,0.1345006657776492,-0.1641575096743122,0.2986581754519614,chr15
Sybu,1.1554520774114756,0.8803675247649095,0.2084574250028265,-0.1838221672007682,0.3922795922035947,chr15
Med30,1.7260449304869636,1.774749924222369,0.7874700196426186,0.8276157522220619,-0.0401457325794432,chr15
Ptp4a3,1.0321155936552042,0.9561364972500724,0.0456045570539195,-0.0647115040361931,0.1103160610901126,chr15
Ly6e,1.1034793114433037,0.9786427373901556,0.1420595815360202,-0.0311458081571453,0.1732053896931656,chr15
Rhpn1,0.7316906063192111,1.4215457934145503,-0.4506943576990265,0.5074605744765363,-0.9581549321755628,chr15
Scx,0.7559577013955693,0.696300897958068,-0.4036225822585736,-0.5222172109656199,0.1185946287070462,chr15
Pdxp,0.9220976411463546,1.0828530395292173,-0.1170085688106444,0.1148374594476733,-0.2318460282583177,chr15
Baiap2l2,0.7767001701647833,0.8127035926927298,-0.3645703128526546,-0.2991988229364446,-0.06537148991621,chr15
Tomm22,0.7557509776749618,0.7744383765859246,-0.4040171546951054,-0.3687776490693041,-0.0352395056258012,chr15
Nptxr,0.624196504453323,0.8112067056988209,-0.6799278168067479,-0.3018585167097564,-0.3780693000969914,chr15
Sgsm3,0.7760019125620347,0.8225196367260968,-0.3658678867528427,-0.2818779729158535,-0.0839899138369892,chr15
L3mbtl2,0.7565731813455272,0.7286760880288222,-0.4024484575769381,-0.4566504463747551,0.0542019887978169,chr15
Prr5,0.8648358178457238,0.993456158327688,-0.2095018202441212,-0.0094717927962495,-0.2000300274478717,chr15
Cdpf1,1.004013339838822,1.0458962712616866,0.0057784378060779,0.0647397766737883,-0.0589613388677103,chr15
Zbed4,1.0865385817418904,0.7573746374644216,0.1197394038790127,-0.4009209850156452,0.5206603888946579,chr15
Mapk12,0.7299168030003139,0.6907929515819271,-0.4541960620441362,-0.5336747323008918,0.0794786702567555,chr15
Mapk11,0.7665627411229186,0.8476138843914423,-0.3835242174161813,-0.2385208748287431,-0.1450033425874381,chr15
Mapk8ip2,0.8337381430468949,0.8080120150366942,-0.2623337556385114,-0.3075513490575983,0.0452175934190868,chr15
Shank3,0.605463307273432,0.6276749606605827,-0.72388856357002,-0.6719104371075677,-0.0519781264624522,chr15
Twf1,1.9961580642915624,1.037500630957792,0.9972259639320916,0.0531122138372982,0.9441137500947931,chr15
Vdr,1.1298024243520588,0.741958696402717,0.1760705015523892,-0.4305892182212514,0.6066597197736407,chr15
Ccdc184,0.915048286136744,1.1072895065306243,-0.1280802199803082,0.147032471469367,-0.2751126914496752,chr15
Rnd1,1.3299821112622632,0.7162611212824905,0.4114068410897857,-0.4814424603273688,0.8928493014171546,chr15
C1ql4,0.6011548985085726,0.9141994223490986,-0.7341913193968932,-0.1294191875340758,-0.6047721318628174,chr15
Dnajc22,0.6122035390515744,1.0487654250074965,-0.7079167100071067,0.0686920296573935,-0.7766087396645002,chr15
Bcdin3d,1.0901395266430451,1.424598192886926,0.1245127969413188,0.5105550653323463,-0.3860422683910274,chr15
Aqp5,0.7183110196184841,0.9682706422895446,-0.4773194467929891,-0.0465177418960019,-0.4308017048969871,chr15
Racgap1,0.6191651791404867,0.8112086551210299,-0.691603755985636,-0.3018550497532403,-0.3897487062323956,chr15
Fignl2,0.898867403082411,1.0965301341043148,-0.1538197834016817,0.132945459731967,-0.2867652431336488,chr15
Krt87,1.0262582566087746,1.0097711331378971,0.0373938290390034,0.0140283400040571,0.0233654890349462,chr15
Eif4b,1.249972896546235,1.322934217464188,0.3218968129335512,0.4037413257906677,-0.0818445128571164,chr15
Espl1,0.8066363867040764,0.9206118820533896,-0.3100096088887923,-0.1193350317858327,-0.1906745771029596,chr15
Pcbp2,0.9347231350868662,1.508291242993837,-0.0973889927610377,0.5929150322229781,-0.6903040249840159,chr15
Smug1,0.6614328522103176,0.8549202658277525,-0.5963333914450345,-0.2261382216244532,-0.3701951698205813,chr15
Shfl,0.7285788806309231,0.9814511884696384,-0.4568429187067914,-0.0270115764612252,-0.4298313422455661,chr9
Zglp1,0.7651417844846228,0.824814266856821,-0.3862009839193911,-0.2778588075916544,-0.1083421763277366,chr9
S1pr5,0.8428166676621879,0.8051013017283715,-0.2467092495078812,-0.3127577733914398,0.0660485238835586,chr9
Prkcsh,0.8477639240984791,0.9155090978756364,-0.2382655198975182,-0.1273538720052787,-0.1109116478922394,chr9
Dpy19l1,1.821058699850477,1.8689069251761603,0.8647774267729,0.902194722143326,-0.037417295370426,chr9
Tbx20,1.0139110571861245,1.1105960239179662,0.019931101074492,0.1513341360106757,-0.1314030349361836,chr9
Adamts15,1.0430009798362685,1.0020876113902024,0.0607405131829529,0.0030086472483477,0.0577318659346052,chr9
Chek1,1.301042454869917,1.647737367647799,0.3796680400195456,0.7204863101262637,-0.3408182701067181,chr9
Slc37a2,1.0978129177598874,1.2744973939112998,0.1346322204485034,0.3499284233443533,-0.2152962028958498,chr9
Robo3,1.3643239784238816,0.8408278499186612,0.4481862738088683,-0.2501176398187999,0.6983039136276683,chr9
Clmp,0.946478307977335,0.7893416785841795,-0.0793586532290025,-0.3412781668974104,0.2619195136684079,chr9
Usp2,1.1847488312361134,1.110485668928743,0.2445812377413981,0.1511907746959313,0.0933904630454667,chr9
Mcam,0.7888594900183563,0.7438036297779704,-0.342159741551101,-0.427006306536951,0.0848465649858499,chr9
Cbl,0.7170875577847896,0.9914604266412248,-0.4797788093357967,-0.0123729053155771,-0.4674059040202196,chr9
Hinfp,0.7922306587932869,0.8886239745160083,-0.3360075612374035,-0.1703550300094336,-0.1656525312279698,chr9
Drd2,1.174879559869196,1.8877370068649024,0.2325128697389089,0.916657787305557,-0.6841449175666481,chr9
Cul5,0.9391382438284251,0.953654391344109,-0.0905905525507593,-0.0684615731344639,-0.0221289794162954,chr9
Tnfaip8l3,1.2545879498383743,1.6835339044057234,0.3272136109209321,0.75149277565054,-0.4242791647296078,chr9
Crabp1,0.7527921657091693,1.2208179421773286,-0.4096764808370424,0.287848070512505,-0.6975245513495475,chr9
Pml,0.6979862993563696,1.0309638969224089,-0.518729376567924,0.0439938121987664,-0.5627231887666904,chr9
Tipin,1.0511654833384942,1.0984924092535346,0.0719898084042016,0.1355249005576217,-0.0635350921534201,chr9
Snx22,0.7115343613821711,0.960945042631236,-0.4909946658957611,-0.0574741706423165,-0.4335204952534445,chr9
Dapk2,0.8588858097106229,1.2051726574315629,-0.2194617594666523,0.2692398470166647,-0.488701606483317,chr9
Fbxl22,1.1988331730194124,1.2077096168934125,0.2616309104593223,0.272273613083259,-0.0106427026239367,chr9
Fam81a,1.121569064868386,0.9333881667940088,0.1655184625777437,-0.099450917510114,0.2649693800878577,chr9
Mns1,0.9939331525022588,1.298331767013327,-0.0087792690520087,0.3766590870855814,-0.3854383561375901,chr9
Hmgcll1,1.981322876238814,1.398354835233253,0.9864640008695772,0.4837304938146602,0.502733507054917,chr9
Mto1,0.9823421784297012,1.052557873707077,-0.0257024500462641,0.073899560431568,-0.0996020104778321,chr9
Sh3bgrl2,0.9880389991016912,1.1707332008473392,-0.0173601070245816,0.2274123365822535,-0.2447724436068351,chr9
Me1,1.276531532722898,1.3623793986391364,0.3522291754583698,0.4461285244318891,-0.0938993489735193,chr9
Nt5e,1.3106823591653471,1.7225750603942112,0.3903180941169225,0.7845668490538829,-0.3942487549369603,chr9
Tbc1d2b,0.8163444983679449,1.375595304022951,-0.2927499951370521,0.4600560959450903,-0.7528060910821424,chr9
Atr,1.0718127246047642,1.1013761981258132,0.1000528489983974,0.1393073358123429,-0.0392544868139454,chr9
Esyt3,0.7970099651130456,0.9666402365277934,-0.3273303323663504,-0.0489490464998085,-0.2783812858665419,chr9
Slco2a1,0.7574609135835323,1.0592442312073644,-0.4007566501751582,0.0830352716036769,-0.4837919217788351,chr9
Rab6b,0.7421462528320866,0.8936734254752061,-0.4302245718637034,-0.1621803703271766,-0.2680442015365267,chr9
Grm2,0.748200694603705,0.8975987651670585,-0.4185027896497119,-0.1558574036650175,-0.2626453859846943,chr9
Rbm15b,1.026894622603587,0.7813529874746524,0.0382881434406254,-0.3559536409751704,0.3942417844157959,chr9
Rassf1,0.9869874786257672,1.028852912741194,-0.0188963127782299,0.0410367458600739,-0.0599330586383038,chr9
Rbm6,0.9873078130955536,1.136993348473521,-0.0184281508401652,0.1852238143424435,-0.2036519651826088,chr9
Camkv,1.2142685035681575,0.8997635151435333,0.2800874709633426,-0.1523822271798575,0.4324696981432001,chr9
Qrich1,0.7985693154276879,0.9129136372191828,-0.324510456588817,-0.1314497089920445,-0.1930607475967725,chr9
Ip6k2,1.1239502651780666,1.0474094061858965,0.1685781976865462,0.066825465978585,0.1017527317079612,chr9
Celsr3,0.5272135890082629,0.941818815217171,-0.9235405383840172,-0.0864785504731507,-0.8370619879108663,chr9
Uqcrc1,0.7427652820292312,0.7416231570717141,-0.4290217117826083,-0.4312418022845862,0.0022200905019779,chr9
Map4,1.3584223394585244,1.2535189745261832,0.441932089534377,0.3259838344228637,0.1159482551115132,chr9
Smarcc1,1.0979628765253029,1.07501774517213,0.134829275874747,0.1043604743826754,0.0304688014920716,chr9
Nbeal2,1.0582074730735893,1.2557561609973915,0.0816225112231689,0.3285563531849997,-0.2469338419618308,chr9
Vipr1,0.7703843083467925,0.8542081446452396,-0.3763497770912694,-0.2273404411319866,-0.1490093359592827,chr9
Nktr,1.0342310684805704,0.9675500149001668,0.0485585493940098,-0.0475918554562085,0.0961504048502183,chr9
Klhl40,0.911470355080338,0.811838842803885,-0.1337323604815212,-0.3007347267907459,0.1670023663092246,chr9
Snrk,1.0080852173370092,1.5967779849804271,0.0116176005768639,0.6751637352702083,-0.6635461346933443,chr9
Ano10,0.7683468105229827,0.9715826994070268,-0.3801704442476963,-0.0415912941909696,-0.3385791500567267,chr9
9530059O14Rik,0.7273124002740716,1.120015432605556,-0.4593529212256065,0.1635186112026225,-0.622871532428229,chr9
Epha7,1.9474223998912203,2.2588034687777374,0.9615658414974122,1.1755587519376829,-0.2139929104402704,chr4
Srsf12,0.9762630402818626,1.3928953984545216,-0.0346581809292088,0.4780869206835133,-0.5127451016127221,chr4
Smu1,0.6330702389322501,0.712344708596737,-0.6595625198189347,-0.4893525544851514,-0.1702099653337832,chr4
Tesk1,1.4436621982657076,1.177230718836412,0.5297332062838073,0.2353970937847012,0.2943361124991061,chr4
Nans,0.7585714689426878,0.6889701321344306,-0.3986429842477801,-0.5374866535478358,0.1388436693000556,chr4
Tbc1d2,1.12811434174034,1.291432084867142,0.1739133016920026,0.3689717755490703,-0.1950584738570677,chr4
Nr4a3,1.162390488890649,1.122666957061485,0.2170948034667096,0.1669300108581317,0.0501647926085778,chr4
Tal2,0.7645847488773403,1.1304937651203495,-0.3872516717727016,0.1769530353846595,-0.5642047071573612,chr4
Actl7b,0.9728522991730506,0.9718641396478124,-0.0397073067622412,-0.0411734464429718,0.0014661396807305,chr4
Frrs1l,1.2529334145591564,1.323972558334915,0.32530974663279,0.4048732200572039,-0.0795634734244138,chr4
Svep1,1.1043834750862287,1.3690705841431288,0.1432412061230907,0.4531968284571637,-0.309955622334073,chr4
Prpf4,0.7740338526777067,1.0844749878593931,-0.3695314302977358,0.1169967793289143,-0.4865282096266501,chr4
Wdr31,0.9447339029242808,1.3409019628462866,-0.0820200628989853,0.4232037615631804,-0.5052238244621657,chr4
Tnc,1.259028498324162,1.616013317540037,0.3323109390741042,0.6924390873655744,-0.3601281482914701,chr4
Brinp1,1.1521891765652033,2.063080167058951,0.2043776106046214,1.0447998824804678,-0.8404222718758464,chr4
Adamtsl1,1.5722683501923738,1.2179663315916338,0.6528474736087809,0.2844742531809147,0.3683732204278662,chr4
Ak4,0.7313622895415783,0.6809298779085217,-0.4513418544453469,-0.5544218575933697,0.1030800031480227,chr4
Pde4b,1.2061961567302566,1.1178104034843797,0.2704645434982475,0.1606755073681998,0.1097890361300476,chr4
Usp24,1.0873183192002738,1.567088604912592,0.1207743601469811,0.6480867536803759,-0.5273123935333948,chr4
Ttc4,1.0126050845598564,0.7923837088732715,0.018071633534639,-0.3357288756510634,0.3538005091857025,chr4
Glis1,0.751372673404024,0.8067701887403198,-0.4123994471820901,-0.3097703195025587,-0.1026291276795313,chr4
Dmrtb1,1.2200671866741593,1.1657997212602178,0.2869605963231669,0.2213199618123356,0.0656406345108312,chr4
Osbpl9,1.2632130626665026,1.192677023568535,0.3370979950463361,0.2542034147173702,0.0828945803289659,chr4
Elavl4,1.7378176396984042,1.650038757569947,0.7972766988921537,0.7224999121663999,0.0747767867257538,chr4
Faah,0.9264663588455088,0.8498138136153186,-0.1101895037485908,-0.2347813002214001,0.1245917964728092,chr4
Mycl,0.9529093506821869,0.8566796019436332,-0.0695891163675966,-0.2231723574276342,0.1535832410600376,chr4
Akirin1,1.022469969797488,0.9812511980548708,0.0320584714697532,-0.0273055845417067,0.05936405601146,chr4
Epha10,0.7679717866453583,1.0336186255991806,-0.3808747839597944,0.0477039724523939,-0.4285787564121883,chr4
Eva1b,0.6136235024864478,0.7449969995313158,-0.7045743541076283,-0.4246934797421041,-0.2798808743655241,chr4
Zmym1,0.985978013363362,0.7720422631778335,-0.0203726190400663,-0.3732482691451051,0.3528756501050388,chr4
Ak2,0.8225560020228875,0.8505118152696179,-0.2818141897898827,-0.2335968170087148,-0.0482173727811679,chr4
Serinc2,0.7757758738724948,0.7658959501375352,-0.3662881852022797,-0.3847796850044641,0.0184914998021843,chr4
Nkain1,0.7005176705891336,0.7012671132189469,-0.5135066517262361,-0.5119640222427837,-0.0015426294834524,chr4
Sdc3,0.8663689461634804,0.89298951749284,-0.2069465624892036,-0.16328485475907,-0.0436617077301335,chr4
Ptpru,0.7677814016897964,0.9449605992666534,-0.3812324813225508,-0.0816739183871415,-0.2995585629354092,chr4
Mecr,0.6628384541989238,0.9384338960217884,-0.593270792761304,-0.0916729707586096,-0.5015978220026944,chr4
Sesn2,1.0823996856955052,1.2000116259153968,0.1142333255009958,0.2630483829748274,-0.1488150574738316,chr4
Eya3,0.6159388307155068,1.231678705801693,-0.6991410118328707,0.3006259654490622,-0.9997669772819328,chr4
Themis2,0.8743110835936712,0.6355995037460282,-0.1937814068020276,-0.6538100966065684,0.4600286898045407,chr4
Map3k6,0.7911280687676281,0.7198681478975189,-0.3380168360676533,-0.4741954102685525,0.1361785742008992,chr4
Tent5b,1.0646281055029112,1.0710724079015448,0.0903495581076265,0.0990560141585712,-0.0087064560509446,chr4
Zfp593,0.624946865463815,0.9354501477015958,-0.6781945614175068,-0.0962673239227314,-0.5819272374947754,chr4
Selenon,0.6774966818729028,0.9051422874638334,-0.5617142141879834,-0.1437834946441105,-0.4179307195438729,chr4
Ncmap,0.9209320673440288,0.7319019819995188,-0.1188333552053997,-0.450277642487022,0.3314442872816223,chr4
Rcan3,0.9240999136903668,0.7938644753197995,-0.1138792506130754,-0.3330353563758951,0.2191561057628197,chr4
Aldh4a1,0.8341829100280425,0.885767265499653,-0.261564338966087,-0.175000413055811,-0.086563925910276,chr4
Mir7020,0.6336291499181184,0.8267710197018688,-0.6582893871924631,-0.2744402751432982,-0.3838491120491649,chr4
Zbtb17,0.8465062374376675,1.1662566986383809,-0.2404073963030816,0.2218853675204369,-0.4622927638235184,chr4
Agtrap,0.6001369925412325,0.9883183160326456,-0.7366362343315178,-0.0169523172481871,-0.7196839170833307,chr4
Mtor,0.9591427069061434,0.8308600661465269,-0.0601826110007605,-0.2673225768279945,0.207139965827234,chr4
Casz1,0.9326170202917304,1.346876708112242,-0.1006433357366756,0.4296177938321754,-0.5302611295688511,chr4
Rbp7,0.6789376298112747,0.7357464958393803,-0.5586490466248352,-0.442719328869755,-0.1159297177550801,chr4
Park7,0.6662306866812931,0.8963427987545763,-0.5859062886035117,-0.1578775105038423,-0.4280287780996693,chr4
Plekhg5,0.6738446646785877,0.5895539081263822,-0.5695120366047663,-0.7623043572874967,0.1927923206827303,chr4
Tnfrsf25,0.6283519433887496,0.7925076430544887,-0.6703552479374589,-0.3355032460155863,-0.3348520019218726,chr4
Gpr153,0.5575427399682308,0.7349445519952033,-0.8428456918691871,-0.4442926851819964,-0.3985530066871907,chr4
Rpl22,0.7481033216928226,0.9531908584709732,-0.4186905581971665,-0.0691629793871205,-0.349527578810046,chr4
Megf6,1.247052859675056,0.8284586435828748,0.3185226189565107,-0.271498414564465,0.5900210335209757,chr4
