gene,chrom,start,end,strand,promoter_start,promoter_end,s2s_signal,s3_signal,ratio,state,cell_type,condition
Reln,chr5,21884454,22344702,-,22344702,22354702,3.8722077130556105,5.074658981752395,1.3105337724116857,Mixed,Neu,GFP
2700038G22Rik,chr5,23850597,23855038,+,23840597,23850597,2.9137192468523976,3.0039335598786674,1.0309619099793934,Mixed,Neu,GFP
Kcnh2,chr5,24319589,24351604,-,24351604,24361604,5.304090671825408,5.092873642166455,0.9601784655038216,Mixed,Neu,GFP
Fastk,chr5,24438440,24445287,-,24445287,24455287,4.660180554413796,4.535580478243033,0.9732628221769754,Mixed,Neu,GFP
Agap3,chr5,24452177,24502047,+,24442177,24452177,5.088397531867027,4.6951232432882,0.9227115636866272,Mixed,Neu,GFP
Cnpy1,chr5,28200819,28245806,-,28245806,28255806,3.678492564558983,4.240797370330493,1.152862836040264,Mixed,Neu,GFP
Rnf32,chr5,29195992,29228457,+,29185992,29195992,3.464855683684349,5.07909145514965,1.46588831363643,Mixed,Neu,GFP
Gm9899,chr5,30573987,30588619,-,30588619,30598619,5.985264200639725,4.3263291192849485,0.7228300997677823,Mixed,Neu,GFP
Krtcap3,chr5,31251691,31253202,+,31241691,31251691,4.850395371079444,4.678990403437616,0.9646616503339432,Mixed,Neu,GFP
Pisd,chr5,32736301,32785646,-,32785646,32795646,4.451745929956437,4.099743513186772,0.9209293561878744,Mixed,Neu,GFP
Haus3,chr5,34153880,34169527,-,34169527,34179527,5.311461082148552,4.462751329938571,0.8402116217960374,Mixed,Neu,GFP
Mxd4,chr5,34173883,34187720,-,34187720,34197720,5.229497139334679,4.929531065424283,0.9426395949900912,Mixed,Neu,GFP
Adra2c,chr5,35278319,35281763,+,35268319,35278319,3.998740688800812,4.309326425417264,1.0776708871086096,Mixed,Neu,GFP
Man2b2,chr5,36806921,36830653,-,36830653,36840653,3.209083968997002,4.3227414305528,1.347032820678691,Mixed,Neu,GFP
Bod1l,chr5,41787538,41844315,-,41844315,41854315,5.461394385695456,4.303229885935783,0.7879361170485781,Mixed,Neu,GFP
Lcorl,chr5,45697181,45857615,-,45857615,45867615,1.9175427836179733,1.5594342723290124,0.8132461427466613,Mixed,Neu,GFP
Kctd8,chr5,69109285,69341679,-,69341679,69351679,3.003432787704468,5.684647102705639,1.892716602807826,Mixed,Neu,GFP
Guf1,chr5,69556923,69575973,+,69546923,69556923,3.307979551672936,5.104688229958216,1.5431438284969554,Mixed,Neu,GFP
Gsx2,chr5,75075601,75077893,+,75065601,75075601,3.608538534045219,4.409830450630188,1.2220544159429303,Mixed,Neu,GFP
Tmem165,chr5,76183880,76209245,+,76173880,76183880,3.921082686543465,4.634941465775172,1.182056548228773,Mixed,Neu,GFP
Art3,chr5,92331827,92414628,+,92321827,92331827,2.5979665245771413,4.781006653976441,1.8402880132393635,Mixed,Neu,GFP
Shroom3,chr5,92683435,92965318,+,92673435,92683435,3.0853957327604293,3.751128740787506,1.2157690830250358,Mixed,Neu,GFP
Bmp3,chr5,98854415,98884396,+,98844415,98854415,3.772909031271934,5.13330708638827,1.3605700651249772,Mixed,Neu,GFP
Pus1,chr5,110773667,110780659,-,110780659,110790659,6.089558596086502,4.3200139865795775,0.7094133209188372,Mixed,Neu,GFP
Ttc28,chr5,110879803,111289780,+,110869803,110879803,3.9917583576440814,3.9282984298785535,0.9841022621912962,Mixed,Neu,GFP
Tpst2,chr5,112276691,112315361,+,112266691,112276691,4.676242360043526,4.540679947177569,0.971010396290774,Mixed,Neu,GFP
Git2,chr5,114727407,114775517,-,114775517,114785517,4.46878114784956,4.922232367229462,1.101470894272392,Mixed,Neu,GFP
Gm13830,chr5,115301120,115319208,+,115291120,115301120,6.044612075567246,4.594423053383827,0.7600856756308338,Mixed,Neu,GFP
Cox6a1,chr5,115345642,115348981,-,115348981,115358981,4.552799104571342,4.306450102376938,0.9458906495682948,Mixed,Neu,GFP
Srrm4,chr5,116439275,116591817,-,116591817,116601817,5.285039183139801,4.953747258512179,0.9373151431526748,Mixed,Neu,GFP
Rfc5,chr5,117378103,117389047,-,117389047,117399047,5.81827854013443,3.973949554872512,0.6830112253066343,Mixed,Neu,GFP
Rasal1,chr5,120648812,120679597,+,120638812,120648812,4.044174306178093,4.187542093547186,1.03545044711601,Mixed,Neu,GFP
Zcchc8,chr5,123698294,123721100,-,123721100,123731100,4.277204584360123,5.567441822926203,1.3016543195721608,Mixed,Neu,GFP
Dnah10,chr5,124725085,124834308,+,124715085,124725085,6.578773873209953,4.675163272937138,0.7106435580610716,Mixed,Neu,GFP
Aacs,chr5,125475814,125517410,+,125465814,125475814,6.988887334346771,4.306999175389608,0.616263930056925,Mixed,Neu,GFP
Tmem132d,chr5,127781630,128433077,-,128433077,128443077,4.720678625333309,3.8512273825168606,0.8158207088805881,Mixed,Neu,GFP
Tpst1,chr5,130073326,130135729,+,130063326,130073326,5.066344259405136,4.241157439382872,0.8371238159565665,Mixed,Neu,GFP
Cldn3,chr5,134986214,134987472,+,134976214,134986214,3.863987399506569,4.393043501321475,1.1369197275028553,Mixed,Neu,GFP
Vps37d,chr5,135072900,135078266,-,135078266,135088266,5.904933178424835,3.9156805999676383,0.6631202219653504,Mixed,Neu,GFP
Mlxipl,chr5,135089890,135138382,+,135079890,135089890,6.445082497954369,3.995552705566088,0.61993817873305,Mixed,Neu,GFP
Fzd9,chr5,135248938,135251230,-,135251230,135261230,5.307022391796112,4.138250456730525,0.7797687952339641,Mixed,Neu,GFP
Mdh2,chr5,135778480,135790398,+,135768480,135778480,4.782230694890022,4.3528549866278965,0.9102143464720496,Mixed,Neu,GFP
Rasa4,chr5,136083916,136111860,+,136073916,136083916,5.211198581838608,4.793606239414215,0.9198663539939292,Mixed,Neu,GFP
4933404O12Rik,chr5,136919146,136937112,+,136909146,136919146,5.800501305294037,4.81721930955251,0.8304832730846731,Mixed,Neu,GFP
Vgf,chr5,137026392,137033351,+,137016392,137026392,2.7111702493906025,3.5600975253740947,1.3131220830467245,Mixed,Neu,GFP
Actl6b,chr5,137553517,137569582,+,137543517,137553517,5.144663106274605,4.957395113142332,0.9635995614749052,Mixed,Neu,GFP
Ppp1r35,chr5,137778849,137780110,+,137768849,137778849,5.220243246555328,4.407226773158709,0.8442569752026206,Mixed,Neu,GFP
Adap1,chr5,139271876,139325622,-,139325622,139335622,5.820597845268249,4.6566491671403245,0.8000293596861127,Mixed,Neu,GFP
3110082I17Rik,chr5,139359739,139460527,-,139460527,139470527,5.498184862112999,5.436312620878219,0.9887467877515124,Mixed,Neu,GFP
Snx8,chr5,140340299,140389262,-,140389262,140399262,3.314482161998749,4.000536161406835,1.206986782814475,Mixed,Neu,GFP
Gna12,chr5,140758408,140830431,-,140830431,140840431,4.838914435029031,4.853227726062139,1.0029579549763257,Mixed,Neu,GFP
Papolb,chr5,142525838,142530076,-,142530076,142540076,4.841532822132111,4.5905269140323,0.9481556942147772,Mixed,Neu,GFP
Rbak,chr5,143172186,143180775,-,143180775,143190775,3.670695053696632,4.02466717072328,1.0964319050884312,Mixed,Neu,GFP
Zfp853,chr5,143287038,143293623,-,143293623,143303623,6.171759068727493,4.320430610688528,0.7000322861889235,Mixed,Neu,GFP
Grid2ip,chr5,143357338,143392152,+,143347338,143357338,4.860298121237755,4.758158839877447,0.978984976062683,Mixed,Neu,GFP
Gtf3a,chr5,146948657,146955614,+,146938657,146948657,5.523046328592301,4.67219405421416,0.8459451136642911,Mixed,Neu,GFP
N4bp2l2,chr5,150608007,150666183,-,150666183,150676183,4.062580263614654,3.736502228283882,0.9197362232443264,Mixed,Neu,GFP
Etl4,chr2,19909780,20810713,+,19899780,19909780,3.374275092482567,6.137128793199857,1.818799186489732,Mixed,Neu,GFP
Pdss1,chr2,22895522,22940266,+,22885522,22895522,7.152300898790359,5.210535539825757,0.7285117913183706,Mixed,Neu,GFP
Zmynd19,chr2,24949792,24962075,+,24939792,24949792,4.941750823688507,4.797781794571876,0.9708667971629592,Mixed,Neu,GFP
Lrrc26,chr2,25289915,25291180,+,25279915,25289915,5.441491426825523,4.519688677589099,0.8305974085170638,Mixed,Neu,GFP
Grin1os,chr2,25291220,25298925,+,25281220,25291220,5.446311905980109,4.070459484259287,0.7473790621117161,Mixed,Neu,GFP
Tmem250-ps,chr2,26136814,26140521,-,26140521,26150521,4.895301284909248,4.1339559541861215,0.8444742649303063,Mixed,Neu,GFP
Notch1,chr2,26457903,26516663,-,26516663,26526663,4.366850845873356,4.811702208065986,1.1018700610333445,Mixed,Neu,GFP
Surf1,chr2,26913381,26916530,-,26916530,26926530,6.235521035075188,5.42356459891796,0.8697853103870675,Mixed,Neu,GFP
Ppp1r26,chr2,28446800,28455508,+,28436800,28446800,4.915660187125206,4.435369348128637,0.9022937264348504,Mixed,Neu,GFP
Barhl1,chr2,28907679,28916668,-,28916668,28926668,6.036139441418648,4.928197815060616,0.8164486362333544,Mixed,Neu,GFP
Gle1,chr2,29935426,29960371,+,29925426,29935426,6.252664874744415,4.747030372007688,0.7592011513653575,Mixed,Neu,GFP
1700001O22Rik,chr2,30794769,30803661,-,30803661,30813661,4.85190946712494,4.090024915623665,0.8429722243039423,Mixed,Neu,GFP
Fnbp1,chr2,31026206,31142008,-,31142008,31152008,3.7886550614357,3.935380304749806,1.0387275275618535,Mixed,Neu,GFP
Fubp3,chr2,31572651,31617526,+,31562651,31572651,4.01513492538929,4.727671557561557,1.1774626869116191,Mixed,Neu,GFP
Prdm12,chr2,31640037,31655795,+,31630037,31640037,6.961424297189712,3.853753931911786,0.5535869913097418,Mixed,Neu,GFP
Exosc2,chr2,31670715,31681349,+,31660715,31670715,3.899814746499062,4.421743736684323,1.1338343034509029,Mixed,Neu,GFP
Gm13427,chr2,31676364,31688469,-,31688469,31698469,4.856806170248985,4.947309318359694,1.0186342927714716,Mixed,Neu,GFP
Lamc3,chr2,31887291,31946539,+,31877291,31887291,5.86519883608818,4.418524729029337,0.7533461102533211,Mixed,Neu,GFP
Fam78a,chr2,32050055,32084857,-,32084857,32094857,5.4585273368358616,4.749206159416835,0.8700526472346665,Mixed,Neu,GFP
Prrc2b,chr2,32151082,32234537,+,32141082,32151082,5.616626959562302,4.607837934939067,0.8203923757290356,Mixed,Neu,GFP
Swi5,chr2,32278816,32288075,-,32288075,32298075,6.675602911233902,4.992841097633044,0.7479236203865487,Mixed,Neu,GFP
Tor2a,chr2,32757234,32762244,+,32747234,32757234,4.9779870593070985,3.8274954490900033,0.7688841701454251,Mixed,Neu,GFP
Gsn,chr2,35256380,35307892,+,35246380,35256380,4.858781444907188,5.451698605934779,1.1220300126174778,Mixed,Neu,GFP
Dab2ip,chr2,35558266,35730994,+,35548266,35558266,4.294518323898315,4.761787659033139,1.1088059940353598,Mixed,Neu,GFP
Ndufa8,chr2,36036326,36049406,-,36049406,36059406,4.997199254989624,4.711215957220396,0.942771283837906,Mixed,Neu,GFP
Scai,chr2,39066214,39190734,-,39190734,39200734,3.5646514247655867,5.629009797914822,1.5791192818481512,Mixed,Neu,GFP
Dpp4,chr2,62330073,62412231,-,62412231,62422231,4.363087404274941,4.377141206121444,1.003221068143795,Mixed,Neu,GFP
Kcnh7,chr2,62693414,63184287,-,63184287,63194287,2.7994087617397305,5.676593739676474,2.027783086650296,Mixed,Neu,GFP
Gorasp2,chr2,70661576,70712636,+,70651576,70661576,3.2127801270484926,4.951420669094722,1.5411638746793044,Mixed,Neu,GFP
Mettl8,chr2,70964561,71055583,-,71055583,71065583,2.5846182441711423,3.8134450874646495,1.475438431213109,Mixed,Neu,GFP
Metap1d,chr2,71453276,71525194,+,71443276,71453276,3.1007962406635285,3.838863777979215,1.2380251651613683,Mixed,Neu,GFP
Dlx2,chr2,71543408,71546754,-,71546754,71556754,2.4009679169893268,3.756712493332227,1.5646658444494854,Mixed,Neu,GFP
Btbd18,chr2,84659079,84668780,+,84649079,84659079,5.298025547540188,4.258094217650095,0.8037134172799674,Mixed,Neu,GFP
Rtn4rl2,chr2,84871924,84886710,-,84886710,84896710,5.129532422423362,4.261036043047905,0.8306870280069014,Mixed,Neu,GFP
Creb3l1,chr2,91982328,92024502,-,92024502,92034502,4.797518098068238,4.393921687372526,0.9158739159612084,Mixed,Neu,GFP
Large2,chr2,92365046,92374869,-,92374869,92384869,6.712459865140915,4.980261021582286,0.7419427634041779,Mixed,Neu,GFP
Mir7000,chr2,92387384,92387446,-,92387446,92397446,6.039999219059944,4.66439052230517,0.7722501863222306,Mixed,Neu,GFP
2810002D19Rik,chr2,94406151,94411682,+,94396151,94406151,4.385034452629089,5.58667024315993,1.2740310945129265,Mixed,Neu,GFP
Traf6,chr2,101678429,101701669,+,101668429,101678429,3.415214287984371,5.328899143028259,1.560341077799053,Mixed,Neu,GFP
Nat10,chr2,103721256,103761270,-,103761270,103771270,2.7659533820152284,5.192605712771415,1.8773294396553304,Mixed,Neu,GFP
Pax6os1,chr2,105536080,105670330,-,105670330,105680330,4.130248069286346,3.6094651205937054,0.8739100073515379,Mixed,Neu,GFP
Bdnf,chr2,109674700,109727007,+,109664700,109674700,2.939358438014984,3.886714548110962,1.322300301264295,Mixed,Neu,GFP
Grem1,chr2,113746164,113758646,-,113758646,113768646,2.9256522305250168,4.896687775683403,1.6737080793791674,Mixed,Neu,GFP
Bub1b,chr2,118598211,118641591,+,118588211,118598211,4.263962996482849,3.90006616657575,0.9146576013423988,Mixed,Neu,GFP
Plcb2,chr2,118707517,118728438,-,118728438,118738438,3.4551069153547287,3.540006066687902,1.0245720764691464,Mixed,Neu,GFP
Vps18,chr2,119288740,119298453,+,119278740,119288740,3.881956911802292,3.736499006549517,0.9625297476098872,Mixed,Neu,GFP
Chac1,chr2,119351229,119354381,+,119341229,119351229,3.9909667589664455,4.724400417327881,1.1837734320171025,Mixed,Neu,GFP
Nusap1,chr2,119618298,119651244,+,119608298,119618298,4.155218267154694,4.494274508682888,1.0815976970953116,Mixed,Neu,GFP
Shf,chr2,122348892,122369162,-,122369162,122379162,2.664702080059051,4.350410868064562,1.6326068496063,Mixed,Neu,GFP
Sema6d,chr2,124089969,124667770,+,124079969,124089969,2.441574386358261,4.9677384020566935,2.034645526187036,Mixed,Neu,GFP
Usp8,chr2,126707328,126759297,+,126697328,126707328,3.9490460121631625,4.449038202293714,1.1266108798404888,Mixed,Neu,GFP
Snrpb,chr2,130171414,130179403,-,130179403,130189403,3.7241014810562127,4.428931370258332,1.1892617300542032,Mixed,Neu,GFP
Idh3b,chr2,130279309,130284547,-,130284547,130294547,4.5007629393816,5.117090913947424,1.1369385552775872,Mixed,Neu,GFP
Slc23a2,chr2,132052496,132145108,-,132145108,132155108,4.318937370109558,4.491484079488119,1.039951195072362,Mixed,Neu,GFP
Ralgapa2,chr2,146239879,146512344,-,146512344,146522344,3.0205599484205248,3.49563861172994,1.157281653541701,Mixed,Neu,GFP
Epb41l1,chr2,156420909,156543214,+,156410909,156420909,4.468681684327126,3.801783366441727,0.8507617313123036,Mixed,Neu,GFP
Ralgapb,chr2,158409848,158499253,+,158399848,158409848,3.809498507499695,4.485669971648853,1.177496188230023,Mixed,Neu,GFP
Top1,chr2,160645888,160722764,+,160635888,160645888,3.5951281688213346,3.737071299624443,1.039482078006038,Mixed,Neu,GFP
2900093K20Rik,chr2,163419795,163420361,+,163409795,163419795,4.43832527422905,4.947942867557209,1.1148220470201298,Mixed,Neu,GFP
Ncoa5,chr2,165000357,165034867,-,165034867,165044867,4.84256345243454,4.412596404504776,0.9112108592581056,Mixed,Neu,GFP
Cdh22,chr2,165111507,165234853,-,165234853,165244853,5.826679685354233,3.8515354758501057,0.661017197415401,Mixed,Neu,GFP
Sulf2,chr2,166073089,166155663,-,166155663,166165663,4.186902052688598,4.253289570172627,1.015855999650481,Mixed,Neu,GFP
Cbln4,chr2,172036233,172043466,-,172043466,172053466,5.344028309559822,4.615063228829702,0.8635925862469536,Mixed,Neu,GFP
Tfap2c,chr2,172549593,172558622,+,172539593,172549593,4.433129471111298,4.100271018735568,0.924915693406922,Mixed,Neu,GFP
Ppp4r1l-ps,chr2,173579320,173659640,-,173659640,173669640,4.4802483154535295,4.3129136053323744,0.9626505723926116,Mixed,Neu,GFP
Npepl1,chr2,174110349,174123070,+,174100349,174110349,5.033353343749047,5.216695157361031,1.0364253810711852,Mixed,Neu,GFP
Ntsr1,chr2,180499976,180544980,+,180489976,180499976,3.9514617707729336,5.091717087062199,1.2885654429768718,Mixed,Neu,GFP
Chrna4,chr2,181018380,181043546,-,181043546,181053546,4.289984287881851,4.9573630529403685,1.155566715464133,Mixed,Neu,GFP
Dnajc5,chr2,181520485,181555133,+,181510485,181520485,4.447029806137085,5.224704714218776,1.174875128340374,Mixed,Neu,GFP
Polr3k,chr2,181864337,181870830,+,181854337,181864337,3.527505668401718,4.881261853790284,1.3837715124075027,Mixed,Neu,GFP
Pitrm1,chr13,6548149,6580515,+,6538149,6548149,4.218300306558609,4.723983264648914,1.1198783683807598,Mixed,Neu,GFP
Larp4b,chr13,9093881,9174451,+,9083881,9093881,3.9165134170055382,4.09291471238931,1.045040390929809,Mixed,Neu,GFP
Sfrp4,chr13,19623104,19632994,+,19613104,19623104,3.111438545036316,4.555832395513852,1.4642205942912745,Mixed,Neu,GFP
H4c9,chr13,22040636,22041362,-,22041362,22051362,3.1314874153137207,4.210662458372116,1.3446205907713284,Mixed,Neu,GFP
H2ac11,chr13,22042460,22042944,-,22042944,22052944,3.189451704978943,4.011041218280793,1.2575958469662027,Mixed,Neu,GFP
Tubb2b,chr13,34126748,34130466,-,34130466,34140466,3.1257618034839627,4.508087574807803,1.4422364397002692,Mixed,Neu,GFP
Nrn1,chr13,36725361,36735131,-,36735131,36745131,4.983885012626648,4.120796777335802,0.826824207800899,Mixed,Neu,GFP
Rreb1,chr13,37778400,37952005,+,37768400,37778400,4.1200055282115935,4.072091086387634,0.988370296715413,Mixed,Neu,GFP
Sirt5,chr13,43365496,43395203,+,43355496,43365496,5.726814866685867,4.267625484848022,0.7452005319176165,Mixed,Neu,GFP
Auh,chr13,52835119,52929681,-,52929681,52939681,5.228782185757161,4.414096167254447,0.8441920145914928,Mixed,Neu,GFP
Unc5a,chr13,54949411,55006018,+,54939411,54949411,3.8278413928270334,3.734944335595767,0.9757312156649576,Mixed,Neu,GFP
Uimc1,chr13,55027880,55100300,-,55100300,55110300,4.0450689219236375,4.720898146152496,1.167074835379435,Mixed,Neu,GFP
Lman2,chr13,55343833,55362783,-,55362783,55372783,5.11858165204525,4.190597315319379,0.8187028360961922,Mixed,Neu,GFP
Ahrr,chr13,74211118,74292331,-,74292331,74302331,4.736309816861153,4.762594971811772,1.005549711899556,Mixed,Neu,GFP
Polk,chr13,96480690,96542579,-,96542579,96552579,3.553423389554024,4.332056461016338,1.2191219525799422,Mixed,Neu,GFP
Arhgef28,chr13,97899469,98206439,-,98206439,98216439,4.664965325713157,4.244811513106028,0.9099342045928502,Mixed,Neu,GFP
Mccc2,chr13,99948530,100015639,-,100015639,100025639,3.0151317839622496,5.6016693176547685,1.8578522330103573,Mixed,Neu,GFP
Ccdc125,chr13,100669717,100697240,+,100659717,100669717,5.442624470043183,4.38052866991361,0.8048559466162938,Mixed,Neu,GFP
Slc30a5,chr13,100802648,100833427,-,100833427,100843427,3.684173576807976,4.377280109532674,1.1881308028177155,Mixed,Neu,GFP
Ipo11,chr13,106794439,106936958,-,106936958,106946958,4.073882818055153,4.055544766759873,0.9954986306395444,Mixed,Neu,GFP
Gpbp1,chr13,111425680,111490111,-,111490111,111500111,3.63469181227684,3.754062979141871,1.0328421701289316,Mixed,Neu,GFP
Map3k1,chr13,111746428,111808993,-,111808993,111818993,3.253293547701836,3.774712914721171,1.1602743064448249,Mixed,Neu,GFP
Osbp2,chr11,3703731,3863903,-,3863903,3873903,4.0204114819765095,3.635841506743431,0.9043456181146868,Mixed,Neu,GFP
Mrps24,chr11,5703983,5715680,-,5715680,5725680,6.190523767709732,4.542291937470437,0.7337492121689921,Mixed,Neu,GFP
Pold2,chr11,5872180,5878292,-,5878292,5888292,4.432275374388695,4.754013075613975,1.072589736432984,Mixed,Neu,GFP
Camk2b,chr11,5969644,6066362,-,6066362,6076362,4.209555576205254,5.246206921386719,1.246261470222936,Mixed,Neu,GFP
Grb10,chr11,11930508,12038683,-,12038683,12048683,3.5171893372297287,4.492977971378962,1.2774342068595606,Mixed,Neu,GFP
Cobl,chr11,12236608,12464960,-,12464960,12474960,3.162707578897476,4.69978836286068,1.48600154950115,Mixed,Neu,GFP
Npm1,chr11,33152287,33163206,-,33163206,33173206,3.744877213001252,4.505491824452082,1.2031080241590224,Mixed,Neu,GFP
Trim7,chr11,48826140,48852209,+,48816140,48826140,4.44306631731987,4.192357403914134,0.943572997677656,Mixed,Neu,GFP
Grm6,chr11,50850685,50866208,+,50840685,50850685,5.880959478080272,4.880864546497663,0.8299435771815468,Mixed,Neu,GFP
Kif3a,chr11,53567379,53601967,+,53557379,53567379,2.720656714606285,2.471953754822413,0.9085871589573686,Mixed,Neu,GFP
Gm12216,chr11,53783418,53859256,-,53859256,53869256,2.775053788161278,2.395855851038297,0.8633547433420259,Mixed,Neu,GFP
Lyrm7,chr11,54826866,54860916,-,54860916,54870916,4.647524404525757,4.767935667141278,1.025908688612429,Mixed,Neu,GFP
Gpx3,chr11,54902453,54910377,+,54892453,54902453,4.990776014733314,4.716224743827183,0.9449882603235196,Mixed,Neu,GFP
Pld6,chr11,59783897,59787645,-,59787645,59797645,5.8746634021997455,5.3617114862203605,0.9126840329630952,Mixed,Neu,GFP
Srebf1,chr11,60199089,60222581,-,60222581,60232581,5.224466610455513,4.910904701081912,0.9399820244336364,Mixed,Neu,GFP
Myh10,chr11,68691559,68816632,+,68681559,68691559,4.52355342643261,4.779743154621125,1.056634619741974,Mixed,Neu,GFP
Chd3,chr11,69343273,69369406,-,69369406,69379406,4.464228374719619,4.32801761045456,0.9694883969116804,Mixed,Neu,GFP
Zmynd15,chr11,70459433,70466202,+,70449433,70459433,4.086643694519997,4.350626484696071,1.0645964781637467,Mixed,Neu,GFP
Fbxo39,chr11,72314444,72319416,+,72304444,72314444,4.902923003530503,5.52542119571368,1.1269647089572747,Mixed,Neu,GFP
Atp2a3,chr11,72961169,72993044,+,72951169,72961169,5.4140981477499,4.850554538083077,0.8959118223778354,Mixed,Neu,GFP
Rap1gap2,chr11,74383356,74610915,-,74610915,74620915,6.049243370831013,3.982261161168416,0.6583073149892719,Mixed,Neu,GFP
Gm12339,chr11,75794768,75825241,+,75784768,75794768,6.002711583852768,4.671513513112068,0.778233877782566,Mixed,Neu,GFP
Dbil5,chr11,76217608,76218666,+,76207608,76217608,3.979857009959221,4.252026623257001,1.0683867818910835,Mixed,Neu,GFP
Slc13a2os,chr11,78394485,78405657,+,78384485,78394485,5.715583425164223,4.42229337088267,0.7737256272758554,Mixed,Neu,GFP
Rab11fip4,chr11,79591212,79698023,+,79581212,79591212,5.005253997969628,4.289732162078222,0.8570458489855548,Mixed,Neu,GFP
Ddx52,chr11,83942062,83963088,+,83932062,83942062,4.2259976485252375,5.253317462857564,1.2430952167450529,Mixed,Neu,GFP
Dusp14,chr11,84048041,84069261,-,84069261,84079261,3.908627233648301,4.19357366899252,1.072901921393576,Mixed,Neu,GFP
Hlf,chr11,90336536,90390895,-,90390895,90400895,4.115099046707153,4.501934280196826,1.0940038694327938,Mixed,Neu,GFP
Sgca,chr11,94962791,94976327,-,94976327,94986327,4.776337752270699,4.22878976363341,0.8853623807535425,Mixed,Neu,GFP
Dlx3,chr11,95120119,95125296,+,95110119,95120119,4.808138984799385,3.446504471508662,0.7168063324301895,Mixed,Neu,GFP
Cbx1,chr11,96789127,96808640,+,96779127,96789127,4.331331649065017,3.611017394169172,0.8336968135304679,Mixed,Neu,GFP
D030028A08Rik,chr11,96916270,96965060,+,96906270,96916270,6.287767109274864,4.463120257417361,0.7098100454188211,Mixed,Neu,GFP
Epop,chr11,97627389,97629702,-,97629702,97639702,2.8529392295122147,2.926359461458524,1.025734944224123,Mixed,Neu,GFP
Fbxl20,chr11,98082556,98150403,-,98150403,98160403,5.079069527542592,4.848353032636642,0.9545750469343196,Mixed,Neu,GFP
Ppp1r1b,chr11,98348404,98357796,+,98338404,98348404,4.845868100142479,3.568409709390005,0.7363819310899292,Mixed,Neu,GFP
Pgap3,chr11,98388677,98400490,-,98400490,98410490,4.610102044463158,3.773195347984632,0.8184624356669782,Mixed,Neu,GFP
Nt5c3b,chr11,100422321,100441808,-,100441808,100451808,5.95062664372921,4.7839180715719865,0.8039351748967977,Mixed,Neu,GFP
Rab5c,chr11,100715009,100738215,-,100738215,100748215,5.397646370530129,4.957968576987585,0.9185426826138368,Mixed,Neu,GFP
Stat5a,chr11,100859351,100885169,+,100849351,100859351,5.139340872597694,4.2581587488293655,0.8285418022247407,Mixed,Neu,GFP
Hsd17b1,chr11,101078411,101080527,+,101068411,101078411,5.594767913413048,4.3921592963536575,0.785047630988191,Mixed,Neu,GFP
Hrob,chr11,102248882,102265187,+,102238882,102248882,4.876092995524407,5.256465655565261,1.078007671385674,Mixed,Neu,GFP
Kansl1,chr11,104333229,104468861,-,104468861,104478861,4.665229007065296,5.049192062044145,1.082303152620665,Mixed,Neu,GFP
2610035D17Rik,chr11,113043895,113201838,-,113201838,113211838,3.2855229304790496,3.445633006604512,1.0487319916839288,Mixed,Neu,GFP
Kif19a,chr11,114765388,114790739,+,114755388,114765388,5.034391053915024,4.173532621383667,0.8290044568822469,Mixed,Neu,GFP
Grin2c,chr11,115249169,115267243,-,115267243,115277243,5.056027428889275,4.896599920686086,0.9684678316236484,Mixed,Neu,GFP
Jpt1,chr11,115497353,115514387,-,115514387,115524387,4.535785259509087,4.265714341084163,0.9404577370900152,Mixed,Neu,GFP
Mif4gd,chr11,115607918,115612969,-,115612969,115622969,5.757370006775856,4.456138271856307,0.7739885167380023,Mixed,Neu,GFP
Llgl2,chr11,115824049,115855780,+,115814049,115824049,4.158810323357582,4.0964495453914,0.9850051401440604,Mixed,Neu,GFP
Galr2,chr11,116280939,116283938,+,116270939,116280939,4.253148344945908,4.43259675210317,1.042191899412703,Mixed,Neu,GFP
St6galnac2,chr11,116677483,116681290,-,116681290,116691290,6.251824022889137,4.985342894275983,0.7974221404863091,Mixed,Neu,GFP
Usp36,chr11,118259651,118290244,-,118290244,118300244,4.884896599054336,5.35055930058956,1.095327033457652,Mixed,Neu,GFP
Rbfox3,chr11,118489762,118911597,-,118911597,118921597,4.436821397137642,3.934969735050201,0.8868893703020806,Mixed,Neu,GFP
Cbx2,chr11,119022962,119031270,+,119012962,119022962,3.9029127703428266,5.004308821797371,1.2821984800233694,Mixed,Neu,GFP
Ccdc57,chr11,120826529,120932872,-,120932872,120942872,5.687383869194985,4.557311405618985,0.801301883332177,Mixed,Neu,GFP
Rab40b,chr11,121356125,121388251,-,121388251,121398251,3.30901861345768,3.4580841379006704,1.0450482580656226,Mixed,Neu,GFP
Fn3krp,chr11,121421401,121431288,+,121411401,121421401,4.17081778523922,4.3847175029993055,1.0512848387951854,Mixed,Neu,GFP
Pnpla6,chr8,3515384,3544267,+,3505384,3515384,5.70661713051796,4.847672145930925,0.8494826330658226,Mixed,Neu,GFP
Tfdp1,chr8,13338751,13378448,+,13328751,13338751,4.208691867399216,4.884224030065536,1.1605088193552573,Mixed,Neu,GFP
Gas6,chr8,13465374,13494490,-,13494490,13504490,3.517817410469055,4.787714111208916,1.3609899413655289,Mixed,Neu,GFP
Dlgap2,chr8,14095865,14847680,+,14085865,14095865,5.202114421129227,5.291331647992135,1.017150185413173,Mixed,Neu,GFP
Gins4,chr8,23226616,23237659,-,23237659,23247659,3.459080726861953,4.560090601595244,1.3182955130775789,Mixed,Neu,GFP
Zmat4,chr8,23636019,24156585,+,23626019,23636019,5.575555117845536,4.586488009421031,0.8226065230242594,Mixed,Neu,GFP
Mak16,chr8,31159463,31168764,-,31168764,31178764,1.93816479678154,2.386489265974363,1.231313905782056,Mixed,Neu,GFP
Helt,chr8,46292039,46294671,-,46294671,46304671,5.254690378069878,4.393932934180896,0.8361925476177817,Mixed,Neu,GFP
Cenpu,chr8,46552028,46580007,+,46542028,46552028,5.299863122344017,4.335778239814441,0.8180924940372456,Mixed,Neu,GFP
Mfap3l,chr8,60632827,60676729,+,60622827,60632827,5.15711295056343,4.168348733282089,0.8082717546115961,Mixed,Neu,GFP
Zfp866,chr8,69761326,69791178,-,69791178,69801178,7.648999216079712,5.060019203066826,0.6615269606028541,Mixed,Neu,GFP
Cilp2,chr8,69880369,69887687,-,69887687,69897687,5.919351128220558,4.353261440253258,0.7354288241998427,Mixed,Neu,GFP
Yjefn3,chr8,69887788,69902712,-,69902712,69912712,6.193446016311645,4.8899528260231016,0.7895366833172452,Mixed,Neu,GFP
Tmem59l,chr8,70483867,70487358,-,70487358,70497358,5.991052241325378,4.234121391932169,0.7067408564268287,Mixed,Neu,GFP
Lsm4,chr8,70673248,70678752,+,70663248,70673248,3.838521268606186,4.174578831712405,1.087548704198856,Mixed,Neu,GFP
Mpv17l2,chr8,70758649,70760946,-,70760946,70770946,5.57699508292675,4.342389569385847,0.7786253179027379,Mixed,Neu,GFP
Dda1,chr8,71469199,71476098,+,71459199,71469199,6.765175435757637,4.432895824201903,0.6552521610558144,Mixed,Neu,GFP
Fcho1,chr8,71708387,71725716,-,71725716,71735716,4.968681631326676,4.020334768629074,0.8091351120751149,Mixed,Neu,GFP
Rab8a,chr8,72161200,72183904,+,72151200,72161200,3.433552423477173,4.527810525139173,1.3186956151244198,Mixed,Neu,GFP
Cacna1a,chr8,84338639,84640246,+,84328639,84338639,4.322231098890304,4.565363529364268,1.0562516036073095,Mixed,Neu,GFP
Trmt1,chr8,84686307,84699808,+,84676307,84686307,4.178573518800736,5.072487689093749,1.2139280704936763,Mixed,Neu,GFP
Klf1,chr8,84901928,84905295,+,84891928,84901928,4.942345716929436,4.262809947323799,0.8625074390733198,Mixed,Neu,GFP
Rtbdn,chr8,84946991,84956603,+,84936991,84946991,3.9897866441726686,3.454212526043257,0.8657637197438486,Mixed,Neu,GFP
Wdr83,chr8,85075035,85081306,-,85081306,85091306,3.915913167095185,2.86840481309096,0.7324995960568594,Mixed,Neu,GFP
Cyld,chr8,88697028,88751945,+,88687028,88697028,5.097408755207062,3.903674711418152,0.7658155150752827,Mixed,Neu,GFP
Aktip,chr8,91111784,91199976,-,91199976,91209976,4.1352146723032,4.181536873873075,1.0112018855708098,Mixed,Neu,GFP
Gins3,chr8,95633453,95645060,+,95623453,95633453,3.675007645368576,4.350752011330923,1.1838756354191406,Mixed,Neu,GFP
Got2,chr8,95864134,95888547,-,95888547,95898547,5.586887125134468,4.40137392214934,0.7878043396202328,Mixed,Neu,GFP
Car7,chr8,104534689,104550343,+,104524689,104534689,4.292258793234825,4.948882612375418,1.1529786181987722,Mixed,Neu,GFP
E2f4,chr8,105297663,105305370,+,105287663,105297663,5.685399156033993,5.181847990655899,0.9114308157513148,Mixed,Neu,GFP
Zdhhc1,chr8,105472423,105496902,-,105496902,105506902,5.044302346205711,4.322576480142275,0.8569225600431518,Mixed,Neu,GFP
Edc4,chr8,105880881,105894908,+,105870881,105880881,4.485425095438957,5.401745673044522,1.2042884583085187,Mixed,Neu,GFP
Atxn1l,chr8,109726451,109737739,-,109737739,109747739,1.4510015156030658,1.1751289477348328,0.8098743764898311,Mixed,Neu,GFP
Rfwd3,chr8,111270944,111300222,-,111300222,111310222,4.051913712096214,5.100764444549879,1.258853175802466,Mixed,Neu,GFP
Cdh13,chr8,118283733,119324921,+,118273733,118283733,3.712082235336304,4.010609675192833,1.0804204812637948,Mixed,Neu,GFP
Hsbp1,chr8,119344488,119348922,+,119334488,119344488,4.139066867971421,3.3498373583316803,0.8093218749987129,Mixed,Neu,GFP
Usp10,chr8,119910360,119957560,+,119900360,119910360,4.913166798472404,4.889434928655625,0.995169740660106,Mixed,Neu,GFP
Jph3,chr8,121729623,121794276,+,121719623,121729623,5.830561496973038,4.945125341145197,0.8481387845257239,Mixed,Neu,GFP
Klhdc4,chr8,121796313,121829569,-,121829569,121839569,1.0238342187404634,1.371642793726921,1.3397118094122085,Mixed,Neu,GFP
Fanca,chr8,123268300,123318576,-,123318576,123328576,4.803843519926071,4.498853328982988,0.9365112144727444,Mixed,Neu,GFP
Rab4a,chr8,123805985,123835287,+,123795985,123805985,5.243725463867188,4.080454546670119,0.7781594545304115,Mixed,Neu,GFP
Pgbd5,chr8,124369049,124439658,-,124439658,124449658,4.10700319442749,4.945928528904915,1.2042670275045573,Mixed,Neu,GFP
Map3k21,chr8,125910450,125947440,+,125900450,125910450,5.064352683186531,4.857236054778099,0.9591030401385646,Mixed,Neu,GFP
Prr18,chr17,8337459,8344113,+,8327459,8337459,2.4277202801465987,1.7715871157805123,0.7297327992306983,Mixed,Neu,GFP
Tcp1,chr17,12915701,12925067,+,12905701,12915701,5.9485740400552745,4.636488935550054,0.7794286335397066,Mixed,Neu,GFP
Zscan10,chr17,23600856,23611019,+,23590856,23600856,4.343276345419884,4.758930800668398,1.0957006697689944,Mixed,Neu,GFP
Mmp25,chr17,23628311,23645277,-,23645277,23655277,5.257733361577987,4.998583987768492,0.9507108185243311,Mixed,Neu,GFP
Flywch1,chr17,23752793,23771602,-,23771602,23781602,5.031114452338219,3.470692581971487,0.6898456822739297,Mixed,Neu,GFP
Pdpk1,chr17,24073680,24150924,-,24150924,24160924,6.354541423201562,5.324264802527428,0.8378676678520954,Mixed,Neu,GFP
Baiap3,chr17,25242659,25256364,-,25256364,25266364,4.582945602536202,3.633737233106295,0.7928824708491816,Mixed,Neu,GFP
Ciao3,chr17,25773776,25783332,+,25763776,25773776,4.408668331623077,4.056750777276357,0.9201759969507256,Mixed,Neu,GFP
Mcrip2,chr17,25863698,25868764,-,25868764,25878764,4.8882401897192,4.379251518893242,0.8958748647628961,Mixed,Neu,GFP
Kifc5b,chr17,26917091,26932583,+,26907091,26917091,2.7606613704442977,2.980697205821673,1.079704029524622,Mixed,Neu,GFP
Itpr3,chr17,27057304,27122223,+,27047304,27057304,6.745640997028351,4.201806510607401,0.622892103575986,Mixed,Neu,GFP
Fkbp5,chr17,28399094,28517527,-,28517527,28527527,6.666219981622697,4.839254957000414,0.7259368833223591,Mixed,Neu,GFP
Brpf3,chr17,28801090,28839949,+,28791090,28801090,3.794486010074616,4.587238065878551,1.208922118489599,Mixed,Neu,GFP
Cdkn1a,chr17,29090976,29100727,+,29080976,29090976,3.938619318366051,3.2084676666895557,0.8146173588618355,Mixed,Neu,GFP
Pi16,chr17,29317680,29330593,+,29307680,29317680,5.30461502802372,4.550457404692968,0.8578299048382177,Mixed,Neu,GFP
Akap8l,chr17,32321424,32350607,-,32350607,32360607,5.200281776118278,4.809381290618579,0.924830902953208,Mixed,Neu,GFP
Kifc1,chr17,33875659,33890661,-,33890661,33900661,2.19519033575058,2.3761976663748423,1.0824563263041025,Mixed,Neu,GFP
Atf6b,chr17,34647146,34655074,+,34637146,34647146,5.18000500216484,4.682740402881304,0.9040030658125392,Mixed,Neu,GFP
Msh5,chr17,35028605,35046745,-,35046745,35056745,4.850835395038128,3.709319680174192,0.7646764687106098,Mixed,Neu,GFP
Rnf39,chr17,36942918,36947986,+,36932918,36942918,3.046449431371689,4.741136572027206,1.556282708389639,Mixed,Neu,GFP
Tmem151b,chr17,45541952,45549677,-,45549677,45559677,5.211311146616936,4.536764948344231,0.8705611353276027,Mixed,Neu,GFP
Slc29a1,chr17,45585200,45599606,-,45599606,45609606,4.979397365760804,4.262074002917608,0.8559417314682224,Mixed,Neu,GFP
Mrps18a,chr17,46110986,46128910,+,46100986,46110986,5.43186819922924,4.182216006143888,0.7699406268247319,Mixed,Neu,GFP
Abcc10,chr17,46303221,46328352,-,46328352,46338352,4.519322395539284,4.1169098520676295,0.9109573276142352,Mixed,Neu,GFP
Ttbk1,chr17,46442448,46487675,-,46487675,46497675,4.1269727348089225,4.835392057617505,1.1716559251369472,Mixed,Neu,GFP
Gnmt,chr17,46725664,46729168,-,46729168,46739168,6.248192579507827,4.154172457933426,0.6648598622836706,Mixed,Neu,GFP
Gm20517,chr17,47611589,47683861,+,47601589,47611589,5.964994391489029,3.84327854411602,0.644305474888574,Mixed,Neu,GFP
Safb,chr17,56584825,56606294,+,56574825,56584825,5.753888617932796,4.659927743554115,0.8098745132171659,Mixed,Neu,GFP
Nrtn,chr17,56751325,56757530,-,56757530,56767530,5.439491167426109,3.872315097610156,0.7118892150793731,Mixed,Neu,GFP
Rab31,chr17,65651729,65772752,-,65772752,65782752,4.49288513636589,4.326326589393616,0.9629283763290248,Mixed,Neu,GFP
Mtcl1,chr17,66336982,66449750,-,66449750,66459750,3.878825174808502,4.427477198719978,1.14144798983846,Mixed,Neu,GFP
Ehd3,chr17,73804134,73832094,+,73794134,73804134,6.125652029705048,4.529005221390724,0.7393507171854157,Mixed,Neu,GFP
Fam98a,chr17,75537086,75551946,-,75551946,75561946,3.8292171469211578,4.052936337471009,1.0584242632282503,Mixed,Neu,GFP
Mta3,chr17,83706163,83821516,+,83696163,83706163,4.29922005673647,3.983208959118525,0.9264957146999756,Mixed,Neu,GFP
Pigf,chr17,86997256,87025406,-,87025406,87035406,4.269685096621513,3.856333382987976,0.9031891804010064,Mixed,Neu,GFP
Kcnk12,chr17,87745801,87797994,-,87797994,87807994,3.6281663889169695,3.0106196602980297,0.8297909570781065,Mixed,Neu,GFP
Nrxn1,chr17,90033631,91093071,-,91093071,91103071,3.8043016881942746,4.683639402540526,1.2311430024267165,Mixed,Neu,GFP
Gdf7,chr12,8297918,8301954,-,8301954,8311954,5.469240524768829,5.1437425115505855,0.9404857014892388,Mixed,Neu,GFP
Vsnl1,chr12,11325242,11436613,-,11436613,11446613,3.312485925364494,4.713999191093445,1.4231001421009009,Mixed,Neu,GFP
Atp6v1c2,chr12,17284721,17329359,-,17329359,17339359,4.5726498626708985,3.4723150540351866,0.7593660477662283,Mixed,Neu,GFP
Rnaseh1,chr12,28649602,28659589,+,28639602,28649602,4.324273190808296,3.727008400440216,0.8618808840205493,Mixed,Neu,GFP
Mir5627,chr12,44210313,44210373,+,44200313,44210313,4.8064549834728245,4.960734337226549,1.0320983665267272,Mixed,Neu,GFP
Ttc6,chr12,57564113,57737928,+,57554113,57564113,4.841364306306839,4.7977045804897935,0.9909819375170404,Mixed,Neu,GFP
Tmx1,chr12,70453095,70468040,+,70443095,70453095,3.3573764222860336,5.167426664670309,1.5391263935641193,Mixed,Neu,GFP
Six4,chr12,73099609,73113456,-,73113456,73123456,3.5653886114358904,4.323530631470681,1.212639378945417,Mixed,Neu,GFP
Wdr89,chr12,75630596,75669537,-,75669537,75679537,5.049761981725693,5.550512747852007,1.0991632413445334,Mixed,Neu,GFP
Mthfd1,chr12,76255298,76319803,+,76245298,76255298,2.93377252972126,2.8684049390395483,0.9777189301421668,Mixed,Neu,GFP
Plek2,chr12,78888691,78906964,-,78906964,78916964,2.8922486377716066,2.701719783473015,0.9341243170416398,Mixed,Neu,GFP
Smoc1,chr12,81026808,81186414,+,81016808,81026808,5.514917490530015,4.774284311032296,0.8657036699516352,Mixed,Neu,GFP
Ttc9,chr12,81631249,81667557,+,81621249,81631249,3.879295447373391,4.6078459992647165,1.1878048634796856,Mixed,Neu,GFP
Abcd4,chr12,84601464,84617413,-,84617413,84627413,5.453399604129792,4.839528661386172,0.8874333466634753,Mixed,Neu,GFP
Gpatch2l,chr12,86241858,86291784,+,86231858,86241858,4.504105766654014,3.94955499765873,0.8768788306214119,Mixed,Neu,GFP
Esrrb,chr12,86361117,86521628,+,86351117,86361117,4.027078792285919,4.4467849285841,1.104220989443303,Mixed,Neu,GFP
Ism2,chr12,87278638,87299705,-,87299705,87309705,3.579553479790688,4.359171997865041,1.2177977008797034,Mixed,Neu,GFP
Golga5,chr12,102469135,102497907,+,102459135,102469135,2.3471024404764176,3.4614190465211867,1.4747626634560458,Mixed,Neu,GFP
Ddx24,chr12,103407982,103425830,-,103425830,103435830,5.421266860961914,5.384366001486779,0.9931933143264252,Mixed,Neu,GFP
Snhg10,chr12,105030617,105032279,-,105032279,105042279,6.754033179235458,4.921737943863868,0.7287109514053347,Mixed,Neu,GFP
Vrk1,chr12,106010228,106077426,+,106000228,106010228,4.269748182940483,4.44305275935332,1.0405889455273416,Mixed,Neu,GFP
Bcl11b,chr12,107910403,108003602,-,108003602,108013602,3.956090999007225,4.08260141530037,1.031978641625001,Mixed,Neu,GFP
Mok,chr12,110807798,110840939,-,110840939,110850939,5.717120214772224,5.415451070825259,0.9472340736919446,Mixed,Neu,GFP
Amn,chr12,111271095,111276426,+,111261095,111271095,5.762635766744614,4.654223320563634,0.807655300274663,Mixed,Neu,GFP
Mir203,chr12,112130880,112130955,+,112120880,112130880,5.360516662836075,4.704495444456737,0.8776197781591711,Mixed,Neu,GFP
Kif26a,chr12,112146208,112181747,+,112136208,112146208,5.797392574715615,3.619262258879344,0.6242913882810296,Mixed,Neu,GFP
Shisa7,chr7,4825552,4844696,-,4844696,4854696,5.471853174757958,4.3834809130509695,0.8010962233548726,Mixed,Neu,GFP
Isoc2a,chr7,4877153,4896973,+,4867153,4877153,5.641294779062271,4.089741773708662,0.7249650893776699,Mixed,Neu,GFP
Epn1,chr7,5080235,5098178,+,5070235,5080235,6.338148233532905,4.186997306545576,0.6606026164540694,Mixed,Neu,GFP
Zfp606,chr7,12478293,12496235,+,12468293,12478293,6.5631609723329545,5.139204903944334,0.7830380704676732,Mixed,Neu,GFP
Ercc2,chr7,19382010,19395694,+,19372010,19382010,5.318643675923347,4.501395466645559,0.8463427409177003,Mixed,Neu,GFP
Ppp1r37,chr7,19530800,19563076,-,19563076,19573076,5.367449836564063,4.9050474407911295,0.9138506348726424,Mixed,Neu,GFP
Clasrp,chr7,19581035,19604486,-,19604486,19614486,6.547637859606743,4.341043877681097,0.6629938873775502,Mixed,Neu,GFP
Gm19345,chr7,19852003,19858350,+,19842003,19852003,6.229648262858391,4.399624485826492,0.706239630262493,Mixed,Neu,GFP
Zfp428,chr7,24507006,24515682,+,24497006,24507006,5.660424455356598,5.020416722313563,0.8869329079310687,Mixed,Neu,GFP
Xrcc1,chr7,24546289,24573440,+,24536289,24546289,6.352433251094817,4.832059864656131,0.7606628316516894,Mixed,Neu,GFP
Pou2f2,chr7,25087344,25179726,-,25179726,25189726,4.173571190428734,4.501117005761464,1.0784809460262454,Mixed,Neu,GFP
Tmem145,chr7,25306106,25316195,+,25296106,25306106,6.006265923905373,4.908219854831696,0.8171832411376636,Mixed,Neu,GFP
B3gnt8,chr7,25626654,25635100,+,25616654,25626654,5.334706846594811,5.169912985165914,0.9691091064293278,Mixed,Neu,GFP
Eid2,chr7,28267881,28269272,+,28257881,28267881,4.651236686706543,3.2041226736466086,0.688875430227867,Mixed,Neu,GFP
Lrfn1,chr7,28451980,28468242,+,28441980,28451980,5.883085388302803,4.094023951292038,0.6958974213483434,Mixed,Neu,GFP
Dpf1,chr7,29303951,29318243,+,29293951,29303951,6.188918538212777,4.507759824538231,0.7283598574945813,Mixed,Neu,GFP
Syne4,chr7,30314807,30319046,+,30304807,30314807,4.955044191002846,4.417509268784523,0.8915176330426365,Mixed,Neu,GFP
Lrfn3,chr7,30355489,30362772,-,30362772,30372772,4.095644456219674,4.431218746844928,1.0819344291752788,Mixed,Neu,GFP
Nphs1os,chr7,30462164,30465591,-,30465591,30475591,6.553170056939125,5.512520495462418,0.8411990605409717,Mixed,Neu,GFP
Cox6b1,chr7,30616861,30626151,-,30626151,30636151,4.375045547413826,4.566273474363487,1.0437087854005769,Mixed,Neu,GFP
Lrp3,chr7,35200027,35215498,-,35215498,35225498,4.820294869947434,4.568998766740163,0.9478670683044724,Mixed,Neu,GFP
Pdcd5,chr7,35641982,35647521,-,35647521,35657521,4.837226120471954,4.327990045118332,0.8947256004431031,Mixed,Neu,GFP
Zfp658,chr7,43562256,43575461,+,43552256,43562256,4.608486534523964,4.61008673175176,1.0003472283613737,Mixed,Neu,GFP
Shank1,chr7,44310253,44360572,+,44300253,44310253,4.401385904061795,4.85108519803683,1.1021722029781649,Mixed,Neu,GFP
Lrrc4b,chr7,44429018,44463351,+,44419018,44429018,5.4037934767246245,4.498813159569104,0.8325287002448414,Mixed,Neu,GFP
Emc10,chr7,44489937,44496529,-,44496529,44506529,4.826271300625802,5.501018081728617,1.139807055814563,Mixed,Neu,GFP
Ptov1,chr7,44863067,44869788,-,44869788,44879788,6.000454571413994,4.8301601754109065,0.8049657101683031,Mixed,Neu,GFP
Nosip,chr7,45062429,45078210,+,45052429,45062429,4.018996583521366,4.901241469359398,1.2195186951527657,Mixed,Neu,GFP
Slc17a7,chr7,45163949,45176142,+,45153949,45163949,7.102761716032028,5.169975435376167,0.7278824268744277,Mixed,Neu,GFP
Pth2,chr7,45180995,45181838,+,45170995,45180995,5.410855994224548,4.471634724736214,0.8264190969985448,Mixed,Neu,GFP
Kcna7,chr7,45405653,45409763,+,45395653,45405653,5.464805333781243,5.155951068329811,0.9434830251789176,Mixed,Neu,GFP
A030001D20Rik,chr7,45635680,45638765,-,45638765,45648765,4.91473333644867,4.739067758599917,0.9642573531821184,Mixed,Neu,GFP
Sec1,chr7,45677686,45694402,-,45694402,45704402,4.919566818451882,4.6456428834279375,0.9443195010592124,Mixed,Neu,GFP
Grwd1,chr7,45825223,45830944,-,45830944,45840944,6.344018477582931,4.684538425803185,0.7384181559931383,Mixed,Neu,GFP
Kcnj11,chr7,46093953,46100764,-,46100764,46110764,4.610896626734734,4.200004722897211,0.9108867673469182,Mixed,Neu,GFP
Myod1,chr7,46376474,46379099,+,46366474,46376474,6.23742893679142,4.734843444959322,0.7591017858385352,Mixed,Neu,GFP
Fancf,chr7,51860577,51862267,-,51862267,51872267,3.270507766723633,5.656416322505474,1.7295223634867023,Mixed,Neu,GFP
Gabra5,chr7,57407672,57510059,-,57510059,57520059,3.1480952301740643,4.410027935155232,1.400855950253891,Mixed,Neu,GFP
Ndn,chr7,62346569,62350262,+,62336569,62346569,3.61119284248352,5.701539444120725,1.5788521114257676,Mixed,Neu,GFP
4833412C05Rik,chr7,67784538,67804139,-,67804139,67814139,4.688346901524067,3.561255676468213,0.7595973061017597,Mixed,Neu,GFP
Klhl25,chr7,75848310,75874131,+,75838310,75848310,1.758142731666565,2.34626859164238,1.3345154232263745,Mixed,Neu,GFP
Ticrr,chr7,79660196,79698148,+,79650196,79660196,4.902352677726746,3.783388446879387,0.7717495446765306,Mixed,Neu,GFP
Mesp1,chr7,79792241,79793788,-,79793788,79803788,5.782390272378922,4.865731319379807,0.8414740427712443,Mixed,Neu,GFP
Prc1,chr7,80294450,80316259,+,80284450,80294450,6.549176627874374,5.001262959957123,0.7636475917706853,Mixed,Neu,GFP
Man2a2,chr7,80349097,80371375,-,80371375,80381375,4.557083696246147,4.05390311106046,0.88958276416995,Mixed,Neu,GFP
Blm,chr7,80454733,80535119,-,80535119,80545119,2.5574493965387344,4.246674471418063,1.660511632083722,Mixed,Neu,GFP
Sec11a,chr7,80904889,80947780,-,80947780,80957780,5.226845071315766,4.556621644337972,0.8717728538280404,Mixed,Neu,GFP
Sh3gl3,chr7,82173840,82307419,+,82163840,82173840,3.485427973151207,2.612664487481117,0.7495964649411427,Mixed,Neu,GFP
Omp,chr7,98143359,98145502,-,98145502,98155502,6.471832206463814,4.19904178319772,0.6488180857043668,Mixed,Neu,GFP
Emsy,chr7,98587137,98656783,-,98656783,98666783,4.323722647833825,4.797705258599918,1.1096237315322612,Mixed,Neu,GFP
Arrb1,chr7,99535466,99606771,+,99525466,99535466,4.475951179742813,4.4217141303936645,0.98788256458323,Mixed,Neu,GFP
Tpbgl,chr7,99624082,99627103,-,99627103,99637103,4.38472726278305,4.771629472390811,1.08823860332015,Mixed,Neu,GFP
Neu3,chr7,99811439,99828417,-,99828417,99838417,3.492196587753296,5.241860080055395,1.5010209042749638,Mixed,Neu,GFP
Ppme1,chr7,100326737,100372307,-,100372307,100382307,4.59769552283287,4.800014012289047,1.0440043253085012,Mixed,Neu,GFP
Coa4,chr7,100537071,100540369,+,100527071,100537071,3.755236289286614,4.2564389763911565,1.1334676831214143,Mixed,Neu,GFP
Rrm1,chr7,102441695,102469771,+,102431695,102441695,3.6695841031670575,4.391233039100965,1.1966568732710292,Mixed,Neu,GFP
Mrpl17,chr7,105803206,105811099,-,105811099,105821099,3.1592504136800765,4.708501837944984,1.4903857628874218,Mixed,Neu,GFP
Rnf141,chr7,110800432,110844457,-,110844457,110854457,3.3255829135775565,5.279967559425036,1.587681828009218,Mixed,Neu,GFP
Parva,chr7,112427505,112591692,+,112417505,112427505,3.924907497763634,3.872138902107874,0.9865554549538234,Mixed,Neu,GFP
Plekha7,chr7,116123485,116308376,-,116308376,116318376,5.114600218939781,4.395006834022204,0.859306034858235,Mixed,Neu,GFP
Prkcb,chr7,122288751,122634402,+,122278751,122288751,4.650195585775375,4.758445901449521,1.023278658645085,Mixed,Neu,GFP
Kctd13,chr7,126928879,126945631,+,126918879,126928879,3.6188423117399218,5.140430799436569,1.420462776938483,Mixed,Neu,GFP
Sephs2,chr7,127271879,127274055,-,127274055,127284055,6.864097257137298,3.9519358456929528,0.5757400715124956,Mixed,Neu,GFP
Prss36,chr7,127932638,127946725,-,127946725,127956725,5.076517582654954,4.7267758000691735,0.9311059644940952,Mixed,Neu,GFP
Ate1,chr7,130391493,130520369,-,130520369,130530369,3.790822969317437,4.869118467458089,1.284448919632564,Mixed,Neu,GFP
Htra1,chr7,130936111,130985660,+,130926111,130936111,4.754306438481808,4.2333509333531065,0.8904245000044512,Mixed,Neu,GFP
Pstk,chr7,131371141,131394482,+,131361141,131371141,3.828864339613914,4.057639798672994,1.0597502127960348,Mixed,Neu,GFP
Gm10584,chr7,132315664,132318291,+,132305664,132315664,3.9734871129274367,4.400251721056303,1.1074030432212605,Mixed,Neu,GFP
Nkx1-2,chr7,132594878,132599637,-,132599637,132609637,4.918170962452888,5.340114597225189,1.0857927953285018,Mixed,Neu,GFP
Uros,chr7,133686243,133710072,-,133710072,133720072,4.321781614303589,4.804549218408266,1.1117056915848975,Mixed,Neu,GFP
B4galnt4,chr7,141061104,141072400,+,141051104,141061104,5.9784881530523295,4.749855076702436,0.7944910076099068,Mixed,Neu,GFP
Slc25a22,chr7,141429744,141437892,-,141437892,141447892,7.270523004817963,4.469260148374239,0.6147095807842973,Mixed,Neu,GFP
Brsk2,chr7,141949751,142004247,+,141939751,141949751,4.44403209540844,4.469822985633214,1.0058034887397462,Mixed,Neu,GFP
Ano1,chr7,144588549,144751974,-,144751974,144761974,5.571098029971124,5.573566637523968,1.0004431096957125,Mixed,Neu,GFP
Vcpip1,chr1,9718622,9748382,-,9748382,9758382,4.081873563599586,4.797093041618665,1.1752184301829194,Mixed,Neu,GFP
Sgk3,chr1,9798107,9900845,+,9788107,9798107,3.30336064696312,5.0753106316487,1.5364082744990584,Mixed,Neu,GFP
Arfgef1,chr1,10137571,10232670,-,10232670,10242670,3.974733154892921,4.29554948802789,1.0807139298747748,Mixed,Neu,GFP
Gdap1,chr1,17145362,17164271,+,17135362,17145362,6.8439783540964125,4.17589349954923,0.6101558601584092,Mixed,Neu,GFP
Vwa3b,chr1,37026596,37187613,+,37016596,37026596,4.001914749884605,4.98017560608387,1.244448199759246,Mixed,Neu,GFP
Tsga10,chr1,37754776,37866429,-,37866429,37876429,4.000898475968838,5.831779152925809,1.4576173796846004,Mixed,Neu,GFP
Lipt1,chr1,37871738,37876228,+,37861738,37871738,3.235396068263054,5.885707326984406,1.819161302914048,Mixed,Neu,GFP
Mfsd6,chr1,52656286,52727462,-,52727462,52737462,3.861064542174339,3.8628016673405967,1.0004499083471108,Mixed,Neu,GFP
Ica1l,chr1,59982490,60043184,-,60043184,60053184,4.217651390480995,2.7827199232260384,0.6597794994404902,Mixed,Neu,GFP
Tns1,chr1,73910231,74124449,-,74124449,74134449,3.498906351828575,3.926836032144229,1.12230383933883,Mixed,Neu,GFP
Fev,chr1,74881509,74885419,-,74885419,74895419,4.392476842164994,3.879064594427744,0.8831155482007742,Mixed,Neu,GFP
Speg,chr1,75375297,75432320,+,75365297,75375297,4.512662230610848,4.593824780726433,1.017985514086349,Mixed,Neu,GFP
Obsl1,chr1,75479310,75506452,-,75506452,75516452,5.857878745317459,4.124483418520292,0.7040916341631738,Mixed,Neu,GFP
Slc4a3,chr1,75546266,75562172,+,75536266,75546266,4.2045064474821086,5.204224262873332,1.2377729295646365,Mixed,Neu,GFP
Ap1s3,chr1,79606876,79671972,-,79671972,79681972,5.247217740178108,4.54518375608921,0.8662083376656161,Mixed,Neu,GFP
Cops7b,chr1,86582904,86609375,+,86572904,86582904,3.5752736682891846,4.97411858124733,1.39125533951853,Mixed,Neu,GFP
Nppc,chr1,86666291,86670571,-,86670571,86680571,5.277548667669297,4.782425315435727,0.9061830816896608,Mixed,Neu,GFP
Twist2,chr1,91801461,91848028,+,91791461,91801461,6.569669758439064,4.919846243357658,0.7488726867949297,Mixed,Neu,GFP
Dusp28,chr1,92906981,92908435,+,92896981,92906981,5.378156042718887,4.952980900271734,0.920944067247218,Mixed,Neu,GFP
Cdh20,chr1,104768529,104995481,+,104758529,104768529,1.5746120159626007,4.676159898952643,2.9697219705858697,Mixed,Neu,GFP
Vps4b,chr1,106764071,106796728,-,106796728,106806728,5.79187535777092,4.089508680287996,0.7060767761172778,Mixed,Neu,GFP
Ralb,chr1,119470305,119504794,-,119504794,119514794,6.680503122663498,5.2638725893418,0.7879455323483343,Mixed,Neu,GFP
Tmem185b,chr1,119526160,119528983,+,119516160,119526160,5.9522997171878815,4.875245495875676,0.8190524213352194,Mixed,Neu,GFP
2900009J06Rik,chr1,127753616,127774092,-,127774092,127784092,3.786733633756637,5.260009350283941,1.3890624107790062,Mixed,Neu,GFP
Rab29,chr1,131867224,131872887,+,131857224,131867224,4.546458660960197,4.197568582884471,0.9232611348539036,Mixed,Neu,GFP
Lemd1,chr1,132191431,132259227,+,132181431,132191431,3.6885550167560575,4.091357932806015,1.109203445311277,Mixed,Neu,GFP
Klhdc8a,chr1,132298626,132307357,+,132288626,132298626,4.82360640501976,3.826621197080612,0.7933112438648353,Mixed,Neu,GFP
Snrpe,chr1,133603871,133610291,-,133610291,133620291,4.749561400938035,4.7772038714567815,1.005820004877353,Mixed,Neu,GFP
Ube2t,chr1,134962565,134974162,+,134952565,134962565,3.067585368037224,4.293079050342242,1.3994978249257797,Mixed,Neu,GFP
Gm4793,chr1,135584773,135599948,+,135574773,135584773,4.512355619382858,4.619090702279409,1.0236539607911377,Mixed,Neu,GFP
Ascl5,chr1,136050804,136051370,+,136040804,136050804,5.212744885444641,4.348356828204792,0.8341779472742952,Mixed,Neu,GFP
Inava,chr1,136213531,136234264,-,136234264,136244264,5.217015674924851,4.468367092100779,0.8564986901568288,Mixed,Neu,GFP
Kif14,chr1,136466343,136531511,+,136456343,136466343,3.847497576713562,4.976768263808887,1.2935078358281695,Mixed,Neu,GFP
Dhx9,chr1,153455758,153487660,-,153487660,153497660,4.506592824578285,4.284890400966009,0.950804869167868,Mixed,Neu,GFP
BC034090,chr1,155212471,155244444,-,155244444,155254444,5.401614726924897,3.969769327211381,0.7349227088380929,Mixed,Neu,GFP
Brinp2,chr1,158245269,158356326,-,158356326,158366326,1.85534790802002,4.160286561703682,2.24232153102942,Mixed,Neu,GFP
Dnm3,chr1,161982453,162478034,-,162478034,162488034,3.95496231353283,4.39633690571785,1.1116002017705082,Mixed,Neu,GFP
Dcaf8,chr1,172148084,172197005,+,172138084,172148084,3.268908601808548,5.113060792040825,1.5641492053990087,Mixed,Neu,GFP
Igsf9,chr1,172481788,172498878,+,172471788,172481788,4.109023001480102,4.741861822366714,1.1540119927921209,Mixed,Neu,GFP
Exo1,chr1,175880581,175913489,+,175870581,175880581,2.6213459082245825,4.264420581007003,1.6268057441893513,Mixed,Neu,GFP
Catspere2,chr1,177983423,178172705,+,177973423,177983423,3.7599782824516295,4.907529175782204,1.3052014684995292,Mixed,Neu,GFP
Desi2,chr1,178187417,178257301,+,178177417,178187417,2.9957406162023545,1.925745571756363,0.6428278741293681,Mixed,Neu,GFP
Smyd3,chr1,178951960,179518041,-,179518041,179528041,4.144580878043175,3.92849742963314,0.9478636188390523,Mixed,Neu,GFP
Capn2,chr1,182467260,182517608,-,182517608,182527608,4.8471273171901705,4.9224929952224095,1.0155485245384328,Mixed,Neu,GFP
Mia3,chr1,183326725,183369553,-,183369553,183379553,3.552725517511368,4.626086424040794,1.3021232294020002,Mixed,Neu,GFP
Kcnk2,chr1,189207930,189402273,-,189402273,189412273,4.151376416921616,4.375267119860649,1.0539316796295373,Mixed,Neu,GFP
Il7,chr3,7569994,7613760,-,7613760,7623760,2.720050743937493,4.632064888397853,1.7029332628157392,Mixed,Neu,GFP
Ythdf3,chr3,16183212,16217037,+,16173212,16183212,2.720767685890197,5.770467154971759,2.1208966810717405,Mixed,Neu,GFP
Gnb4,chr3,32580332,32616585,-,32616585,32626585,2.442716340303421,2.70062477807204,1.1055826390945511,Mixed,Neu,GFP
Atp11b,chr3,35754106,35856276,+,35744106,35754106,3.763283361911773,5.374818223953247,1.428225755825839,Mixed,Neu,GFP
Cog6,chr3,52981875,53017237,-,53017237,53027237,2.720339982700348,4.54563565085729,1.6709807155593326,Mixed,Neu,GFP
Mlf1,chr3,67374097,67400003,+,67364097,67374097,4.090973879742622,4.790524751639366,1.1709986160901025,Mixed,Neu,GFP
Trim2,chr3,84160439,84306877,-,84306877,84316877,4.762253711378575,4.189475726938248,0.8797254369140868,Mixed,Neu,GFP
Lrba,chr3,86224680,86782692,+,86214680,86224680,3.610986637115479,4.991191891908645,1.382223861092906,Mixed,Neu,GFP
Bcan,chr3,87987531,88000230,-,88000230,88010230,5.34539658164978,3.853264846881231,0.7208566825722734,Mixed,Neu,GFP
Iqgap3,chr3,88081971,88121048,+,88071971,88081971,4.783063190221787,3.938727810382842,0.8234739232454519,Mixed,Neu,GFP
Fdps,chr3,89093588,89101959,-,89101959,89111959,4.812011684513092,3.9785739588737488,0.8268005607048573,Mixed,Neu,GFP
Ints3,chr3,90391388,90433622,-,90433622,90443622,4.436059796476364,3.925426757319768,0.8848904066707576,Mixed,Neu,GFP
Ilf2,chr3,90476126,90488379,+,90466126,90476126,4.732657231235505,3.523157584468524,0.744435401155974,Mixed,Neu,GFP
Ankrd35,chr3,96670131,96691032,+,96660131,96670131,3.968599898123741,3.828081947358449,0.9645925630266418,Mixed,Neu,GFP
Pias3,chr3,96696384,96706070,+,96686384,96696384,3.783709430170059,4.218117451842626,1.114810090386101,Mixed,Neu,GFP
Wnt2b,chr3,104945272,104961921,-,104961921,104971921,5.0629734824895865,4.951575848523776,0.9779975869217798,Mixed,Neu,GFP
Kcna2,chr3,107101146,107115005,+,107091146,107101146,3.738281248092652,4.8968471592346825,1.3099194079453371,Mixed,Neu,GFP
Slc6a17,chr3,107467543,107518018,-,107518018,107528018,3.644745393753052,4.355958785088856,1.195133902234926,Mixed,Neu,GFP
Sypl2,chr3,108211472,108226648,-,108226648,108236648,3.890970194840431,5.53818679860433,1.4233434134109195,Mixed,Neu,GFP
Wdr47,chr3,108591279,108645719,+,108581279,108591279,3.599836049962044,4.317214690458775,1.1992809201697658,Mixed,Neu,GFP
Tram1l1,chr3,124320855,124324743,+,124310855,124320855,2.081905732154846,4.530326150377592,2.176047685736733,Mixed,Neu,GFP
Mcub,chr3,129914960,129970206,-,129970206,129980206,5.292823858737946,3.336931647157669,0.6304633851830748,Mixed,Neu,GFP
Rpl34,chr3,130726831,130730398,-,130730398,130740398,3.138162341976165,3.629927892271677,1.1567049427996885,Mixed,Neu,GFP
Dkk2,chr3,132085292,132180304,+,132075292,132085292,2.889467317724228,4.857107453052203,1.680969853252297,Mixed,Neu,GFP
Pdha2,chr3,141210004,141212355,-,141212355,141222355,2.2390220394134523,4.398530663847923,1.9644874353269828,Mixed,Neu,GFP
2410004B18Rik,chr3,145938014,145944829,+,145928014,145938014,4.449106861305237,4.96514956650734,1.1159879322500046,Mixed,Neu,GFP
Mcoln2,chr3,146149833,146195513,+,146139833,146149833,3.734659390556813,4.472757746593157,1.1976347181493032,Mixed,Neu,GFP
Acadm,chr3,153922357,153944632,-,153944632,153954632,3.027276316642761,4.503447829627992,1.487623645344109,Mixed,Neu,GFP
Lrrc7,chr3,158082891,158562221,-,158562221,158572221,3.812409258532524,4.7225758805513385,1.2387379109369692,Mixed,Neu,GFP
Stx11,chr10,12938209,12964298,-,12964298,12974298,4.92309530699253,4.538784889427821,0.9219372379366996,Mixed,Neu,GFP
Gm9767,chr10,26078255,26079447,+,26068255,26078255,3.685730720877648,5.231088011582693,1.4192811162116217,Mixed,Neu,GFP
9330159F19Rik,chr10,29211606,29230779,+,29201606,29211606,3.0314755452394486,4.833167214989662,1.59432828761543,Mixed,Neu,GFP
Trmt11,chr10,30534225,30600749,-,30600749,30610749,4.719678193092346,4.806189575099945,1.018329932353061,Mixed,Neu,GFP
Amd2,chr10,35708675,35711892,-,35711892,35721892,3.4918637171268463,5.342746335816383,1.5300558007494256,Mixed,Neu,GFP
Armc2,chr10,41914990,42018442,-,42018442,42028442,4.817006184434891,4.578853206682205,0.9505599601424168,Mixed,Neu,GFP
Psap,chr10,60277627,60302597,+,60267627,60277627,4.567013221883774,3.7963905021508535,0.8312633044195439,Mixed,Neu,GFP
Cdh23,chr10,60302748,60696490,-,60696490,60706490,5.642755154490471,4.337592841267585,0.7687012323786111,Mixed,Neu,GFP
Kifbp,chr10,62538626,62578457,-,62578457,62588457,4.329436150407791,4.422702036436399,1.0215422708150628,Mixed,Neu,GFP
Stox1,chr10,62659043,62726128,-,62726128,62736128,3.912089723229408,2.7981591783682505,0.7152594588394015,Mixed,Neu,GFP
Ccar1,chr10,62743928,62792286,-,62792286,62802286,5.297384486842155,5.21250630376339,0.9839773414050672,Mixed,Neu,GFP
Dna2,chr10,62947026,62974185,+,62937026,62947026,3.854343653416633,5.296461355360349,1.3741538979445616,Mixed,Neu,GFP
Ube2d1,chr10,71254980,71285262,-,71285262,71295262,4.5668185113668445,4.0321260485887525,0.8829179523015337,Mixed,Neu,GFP
Cabin1,chr10,75646112,75764341,-,75764341,75774341,4.154979316949844,4.083204886809985,0.982725682930102,Mixed,Neu,GFP
Gstt2,chr10,75831114,75837424,-,75837424,75847424,4.03090163640976,4.688111743942897,1.1630429533672522,Mixed,Neu,GFP
Pfkl,chr10,77986947,78010083,-,78010083,78020083,4.975487909555435,4.7183477040449775,0.9483185950433888,Mixed,Neu,GFP
Slc1a6,chr10,78780496,78814765,+,78770496,78780496,3.4472237065076827,4.583327869415283,1.3295707675608224,Mixed,Neu,GFP
Bsg,chr10,79704491,79711969,+,79694491,79704491,4.171339618611336,4.227668795283636,1.013503857710596,Mixed,Neu,GFP
Mbd3,chr10,80392539,80399550,-,80399550,80409550,6.580499304175377,5.318299717505773,0.8081909094848275,Mixed,Neu,GFP
Rexo1,chr10,80540922,80561560,-,80561560,80571560,5.491542018175125,4.757574534575144,0.8663458312490736,Mixed,Neu,GFP
Btbd2,chr10,80642617,80657071,-,80657071,80667071,6.219382395482063,4.138011992879709,0.6653413039670433,Mixed,Neu,GFP
Ap3d1,chr10,80706956,80742264,-,80742264,80752264,6.246035034132004,4.567494411659241,0.7312630151287607,Mixed,Neu,GFP
Thop1,chr10,81070035,81082559,+,81060035,81070035,5.267822970628738,4.088093716899554,0.7760499431535798,Mixed,Neu,GFP
Pias4,chr10,81153266,81167923,-,81167923,81177923,4.350627304959297,4.02469102717638,0.9250829236943876,Mixed,Neu,GFP
Atcayos,chr10,81194609,81210877,+,81184609,81194609,7.175060746276379,4.767544596362114,0.6644605202591928,Mixed,Neu,GFP
Matk,chr10,81252935,81263365,+,81242935,81252935,7.579031738996506,4.829292253772418,0.6371911901258029,Mixed,Neu,GFP
Pip5k1c,chr10,81292963,81319973,+,81282963,81292963,4.3725347859025,5.699922853410244,1.303574044004722,Mixed,Neu,GFP
Cactin,chr10,81321103,81326242,+,81311103,81321103,6.489313386702538,5.139276291362445,0.791959947857273,Mixed,Neu,GFP
S1pr4,chr10,81497747,81500132,-,81500132,81510132,5.975360713148117,4.942972658348084,0.8272258187646516,Mixed,Neu,GFP
Slc41a2,chr10,83230848,83337882,-,83337882,83347882,4.560568054342269,4.93267661678791,1.0815925906623285,Mixed,Neu,GFP
Ascl4,chr10,85927681,85946206,+,85917681,85927681,3.786557494354248,5.032286017775536,1.3289870879495866,Mixed,Neu,GFP
Slc5a8,chr10,88885992,88929515,+,88875992,88885992,3.3529497996091844,4.360789867234231,1.300583106774375,Mixed,Neu,GFP
Kcnc2,chr10,112271121,112467024,+,112261121,112271121,3.696395976150036,4.459903023235004,1.2065544525021896,Mixed,Neu,GFP
Lgr5,chr10,115450311,115587780,-,115587780,115597780,3.94889864718914,4.299126506567002,1.0886900097137608,Mixed,Neu,GFP
Nup107,chr10,117750621,117792705,-,117792705,117802705,2.83941023349762,4.318654678344728,1.5209689066397976,Mixed,Neu,GFP
Kif5a,chr10,127225696,127263348,-,127263348,127273348,5.410515497922898,4.740488103103638,0.8761620043272246,Mixed,Neu,GFP
Baz2a,chr10,128091577,128129303,+,128081577,128091577,4.532403526210785,5.122450104109446,1.1301840346929473,Mixed,Neu,GFP
Coq10a,chr10,128363100,128368997,-,128368997,128378997,6.272967560505867,4.010820281871159,0.6393816392616124,Mixed,Neu,GFP
Clcn5,chrX,7153810,7319358,-,7319358,7329358,2.553304162836074,3.1610403190294907,1.2380194906032562,Mixed,Neu,GFP
Cacna1f,chrX,7607083,7635196,+,7597083,7607083,2.6662807071924206,3.1985611667792004,1.199634066342275,Mixed,Neu,GFP
Slc35a2,chrX,7884028,7894492,+,7874028,7884028,3.369515769171715,3.4110729781707128,1.0123332881772544,Mixed,Neu,GFP
Porcn,chrX,8193848,8206525,-,8206525,8216525,3.5062703216075897,4.0819290504058205,1.1641797910590923,Mixed,Neu,GFP
Xk,chrX,9272756,9313250,+,9262756,9272756,1.285283262014389,4.3384533658425015,3.375484217419095,Heterochromatin,Neu,GFP
Bcor,chrX,12036740,12160355,-,12160355,12170355,3.1648376760482786,2.8263894675572714,0.8930598523101492,Mixed,Neu,GFP
Cask,chrX,13517080,13851367,-,13851367,13861367,2.6039390847921373,4.514169948037465,1.7335927612138493,Mixed,Neu,GFP
Wdr44,chrX,23693051,23806025,+,23683051,23693051,2.0411866961717604,3.2069446966528896,1.5711177731402546,Mixed,Neu,GFP
Slc25a43,chrX,36743659,36777202,+,36733659,36743659,2.137185202383995,2.368307132569949,1.1081431454457673,Mixed,Neu,GFP
Sowahd,chrX,37048845,37050418,+,37038845,37048845,3.6238059207201,3.4009428350130717,0.9385002699971464,Mixed,Neu,GFP
Bcorl1,chrX,48341358,48408049,+,48331358,48341358,3.733286265206337,3.1379626495281854,0.8405363067851299,Mixed,Neu,GFP
Elf4,chrX,48411046,48463132,-,48463132,48473132,4.323694923162461,3.487794123888016,0.8066698011470602,Mixed,Neu,GFP
Aifm1,chrX,48474944,48513563,-,48513563,48523563,3.6370578763127326,3.1007081007083257,0.8525319657139575,Mixed,Neu,GFP
Rbmx2,chrX,48695004,48710723,+,48685004,48695004,2.6978640295505523,3.7889894594589872,1.4044404825287693,Mixed,Neu,GFP
AW822252,chrX,53695855,53716773,-,53716773,53726773,2.593844746112824,3.439837739658356,1.326154059456855,Mixed,Neu,GFP
Smim10l2a,chrX,56374586,56377799,+,56364586,56374586,2.4108664378881457,3.345059590053559,1.3874927028241937,Mixed,Neu,GFP
Gpr101,chrX,57496668,57503757,-,57503757,57513757,1.856947188782692,3.8746145441055297,2.086550747113872,Mixed,Neu,GFP
Plxna3,chrX,74329066,74344689,+,74319066,74329066,2.458796394610405,3.8090188781976697,1.5491396060881268,Mixed,Neu,GFP
G6pdx,chrX,74409483,74429194,-,74429194,74439194,3.1954137126922606,3.873866849541664,1.2123209067278429,Mixed,Neu,GFP
Dkc1,chrX,75095854,75109777,+,75085854,75095854,1.605024356365204,3.785731608160337,2.358675488721954,Mixed,Neu,GFP
Nr0b1,chrX,86191764,86195947,+,86181764,86191764,3.143058693766594,4.20222239584128,1.3369850216845298,Mixed,Neu,GFP
Maged1,chrX,94535474,94542143,-,94542143,94552143,1.7405310752391814,2.79835482565562,1.6077591865293606,Mixed,Neu,GFP
Snx12,chrX,101097786,101222563,-,101222563,101232563,2.57315186920166,2.8305132598638534,1.1000179560882437,Mixed,Neu,GFP
Rtl5,chrX,102066544,102071304,-,102071304,102081304,3.75922956597805,3.728040992752712,0.9917034667136048,Mixed,Neu,GFP
Magee2,chrX,104854952,104857267,-,104857267,104867267,0.7614689853191375,1.5963935165564218,2.096465578157935,Mixed,Neu,GFP
Tspan6,chrX,133891068,133898429,-,133898429,133908429,2.6715137237310413,2.8902097046852107,1.081862196331426,Mixed,Neu,GFP
Bhlhb9,chrX,135797594,135891081,+,135787594,135797594,2.086403415989876,3.597370178572337,1.724196840842305,Mixed,Neu,GFP
Tro,chrX,150645304,150657583,-,150657583,150667583,2.7142669882774357,3.993967706425984,1.471471938344831,Mixed,Neu,GFP
Huwe1,chrX,151800807,151935417,+,151790807,151800807,3.361367811560631,3.033488305513064,0.902456522335966,Mixed,Neu,GFP
Rragb,chrX,153139981,153171943,+,153129981,153139981,2.3677766980290413,3.1793561045408247,1.3427601121285422,Mixed,Neu,GFP
Txlng,chrX,162778919,162829454,-,162829454,162839454,3.555396154522896,2.9408759995539984,0.8271584576624034,Mixed,Neu,GFP
Ap1s2,chrX,163909017,163933666,+,163899017,163909017,2.6907128603458403,3.580386677761872,1.330646138622789,Mixed,Neu,GFP
Gemin8,chrX,166170454,166190512,+,166160454,166170454,4.123334586024285,2.865975201797485,0.6950624893530302,Mixed,Neu,GFP
Tasor,chr14,27428834,27483555,+,27418834,27428834,4.163125777006149,4.599315804656347,1.1047746455462313,Mixed,Neu,GFP
Ncoa4,chr14,32159865,32179855,+,32149865,32159865,4.733925834417343,4.648502653638522,0.9819551079237948,Mixed,Neu,GFP
Arhgap22,chr14,33214026,33369934,+,33204026,33214026,4.497052707552911,3.890952166048686,0.8652227178733609,Mixed,Neu,GFP
Gm15217,chr14,46379414,46383608,+,46369414,46379414,3.352459550070763,4.651957788546881,1.3876253297220806,Mixed,Neu,GFP
Cdkn3,chr14,46760541,46771669,+,46750541,46760541,3.0474554117202763,3.510074903273582,1.1518051715454498,Mixed,Neu,GFP
Lgals3,chr14,47367751,47386160,+,47357751,47367751,3.04475695669651,3.811214229957263,1.2517301985549418,Mixed,Neu,GFP
Pnp,chr14,50931082,50965237,+,50921082,50931082,4.727134814977646,4.704212623079618,0.99515093332532,Mixed,Neu,GFP
Zfp219,chr14,52006077,52020733,-,52020733,52030733,3.3297388941287998,4.17838191754818,1.254867739003728,Mixed,Neu,GFP
Mettl3,chr14,52294841,52305128,-,52305128,52315128,4.048523009896279,4.816542145895958,1.189703537344933,Mixed,Neu,GFP
Nrl,chr14,55518978,55524981,-,55524981,55534981,5.166736071109772,4.312896607836088,0.8347429689610049,Mixed,Neu,GFP
Sdr39u1,chr14,55897283,55900293,-,55900293,55910293,4.8341201327085495,5.474105305147172,1.1323891742177372,Mixed,Neu,GFP
Cenpj,chr14,56526761,56575425,-,56575425,56585425,4.879804400086403,5.642668229182561,1.1563308211867367,Mixed,Neu,GFP
Gjb2,chr14,57098600,57104702,-,57104702,57114702,3.868489347076416,4.695247395801544,1.2137159946814755,Mixed,Neu,GFP
Gjb6,chr14,57123303,57133611,-,57133611,57143611,4.178889660263062,4.855017289348443,1.1617959994289055,Mixed,Neu,GFP
Fgf9,chr14,58070547,58112720,+,58060547,58070547,4.441943788051605,4.7433183048566185,1.0678474404866811,Mixed,Neu,GFP
Mtmr6,chr14,60265228,60302370,+,60255228,60265228,4.746596308422089,4.373348126920065,0.92136508831818,Mixed,Neu,GFP
Fam124a,chr14,62555737,62608486,+,62545737,62555737,4.049503897547722,4.008129407525062,0.9897828249905586,Mixed,Neu,GFP
Fzd3,chr14,65192449,65262463,-,65262463,65272463,4.080933592677116,4.109048177572091,1.0068892532202494,Mixed,Neu,GFP
Esco2,chr14,65819038,65833994,-,65833994,65843994,3.628042858219146,4.793738339622816,1.3213014638906055,Mixed,Neu,GFP
Scara3,chr14,65919394,65953935,-,65953935,65963935,4.312203957438469,4.789788146575292,1.1107517626370615,Mixed,Neu,GFP
Nefl,chr14,68083863,68089095,+,68073863,68083863,3.6341626849174498,4.849463134535154,1.3344100292101562,Mixed,Neu,GFP
1700092C10Rik,chr14,69164797,69171857,-,69171857,69181857,5.103585343503952,4.359585307391485,0.8542201244739719,Mixed,Neu,GFP
Tnfrsf10b,chr14,69767472,69784411,+,69757472,69767472,4.239757669568062,4.153167477401097,0.9795766176004614,Mixed,Neu,GFP
Med4,chr14,73510025,73518849,+,73500025,73510025,3.808018172264099,4.546920149862766,1.1940384588972022,Mixed,Neu,GFP
Serp2,chr14,76532814,76556889,-,76556889,76566889,3.786841150462627,4.872889723936717,1.2867953870579996,Mixed,Neu,GFP
Tnfsf11,chr14,78277445,78308043,-,78308043,78318043,4.974784090995788,5.341710692532858,1.0737572917387903,Mixed,Neu,GFP
Dgkh,chr14,78558750,78732776,-,78732776,78742776,4.393508631467819,3.7376859581788384,0.8507291715346242,Mixed,Neu,GFP
Pcca,chr14,122534324,122891100,+,122524324,122534324,2.702403912210465,3.811171205790837,1.4102892571205028,Mixed,Neu,GFP
Wdr33,chr18,31804090,31907397,+,31794090,31804090,5.121868038177491,4.416762392560641,0.8623342810941013,Mixed,Neu,GFP
Pcdhgb7,chr18,37751600,37841873,+,37741600,37751600,6.844423414587975,4.717781774838765,0.6892884161408604,Mixed,Neu,GFP
Pcdhga12,chr18,37765580,37841873,+,37755580,37765580,7.209322522401809,5.249845315178235,0.728202310115158,Mixed,Neu,GFP
Fbn2,chr18,58008623,58210487,-,58210487,58220487,3.336292092871666,4.836560012284915,1.4496812262387715,Mixed,Neu,GFP
Adamts19,chr18,58836667,59054060,+,58826667,58836667,2.325520351362228,5.766749660229682,2.479767445101769,Mixed,Neu,GFP
Fbxo38,chr18,62504155,62548695,-,62548695,62558695,4.05782439661026,4.554327839910984,1.1223570551045734,Mixed,Neu,GFP
Grp,chr18,65872820,65886596,+,65862820,65872820,4.472015563249588,4.669201854983965,1.0440933822670089,Mixed,Neu,GFP
Poli,chr18,70508680,70530620,-,70530620,70540620,3.723676319599152,4.859179960330327,1.304941553258692,Mixed,Neu,GFP
Mbd1,chr18,74267605,74282732,+,74257605,74267605,1.095206621170044,1.1956350339651107,1.0916981424818049,Mixed,Neu,GFP
Ctif,chr18,75431224,75697554,-,75697554,75707554,4.6880638211011885,4.643588572351138,0.9905130880365012,Mixed,Neu,GFP
Zbtb7c,chr18,75820178,76148564,+,75810178,75820178,3.675592260360718,4.466478546182315,1.2151724755628854,Mixed,Neu,GFP
Carns1,chr19,4164324,4175479,-,4175479,4185479,5.455773867249489,4.166672073149681,0.763717883939771,Mixed,Neu,GFP
Grk2,chr19,4286001,4306222,-,4306222,4316222,4.403701491594315,4.173267310873666,0.9476726156029204,Mixed,Neu,GFP
Tmem151a,chr19,5070859,5085531,-,5085531,5095531,6.27802193789482,4.3938706003109615,0.6998813708803856,Mixed,Neu,GFP
Sart1,chr19,5377523,5388703,-,5388703,5398703,5.48529123764038,4.98547352092266,0.9088803684136328,Mixed,Neu,GFP
Cdc42bpg,chr19,6306456,6325652,+,6296456,6306456,6.76596913049221,4.151268053078652,0.6135511370233898,Mixed,Neu,GFP
Mir5046,chr19,6829886,6829944,-,6829944,6839944,7.194248947000504,4.250156290300687,0.5907713677426611,Mixed,Neu,GFP
Mark2,chr19,7275396,7341860,-,7341860,7351860,5.288985223054886,5.412525222023329,1.0233579777137451,Mixed,Neu,GFP
Ddb1,chr19,10605327,10629819,+,10595327,10605327,5.22014551141262,4.505838305052122,0.8631633534354869,Mixed,Neu,GFP
A330040F15Rik,chr19,12517915,12596566,-,12596566,12606566,4.482447096467018,4.595440187271436,1.0252079028201977,Mixed,Neu,GFP
Cpeb3,chr19,37021291,37208601,-,37208601,37218601,3.923588935220241,5.230075489012401,1.3329825257851131,Mixed,Neu,GFP
Cyp26c1,chr19,37685581,37693398,+,37675581,37685581,2.985099819946289,5.390121818772951,1.8056755699613205,Mixed,Neu,GFP
Pi4k2a,chr19,42090470,42122087,+,42080470,42090470,3.217568514704704,4.1199412370125446,1.2804517505016226,Mixed,Neu,GFP
Kcnip2,chr19,45791839,45816061,-,45816061,45826061,5.022833733916283,4.612959084145228,0.918397726963684,Mixed,Neu,GFP
Ccdc186,chr19,56787481,56822190,-,56822190,56832190,6.083333319544792,5.130234240492185,0.8433261784307544,Mixed,Neu,GFP
Eno4,chr19,58943425,58971421,+,58933425,58943425,2.9582409186363217,3.928351282636324,1.3279348743668924,Mixed,Neu,GFP
Srl,chr16,4480216,4541816,-,4541816,4551816,5.213939150309562,4.212298538271586,0.8078917718135421,Mixed,Neu,GFP
Alg1,chr16,5233621,5244912,+,5223621,5233621,2.283059834599495,2.4703529667854305,1.0820360155908009,Mixed,Neu,GFP
Rbfox1,chr16,5885355,7411526,+,5875355,5885355,3.787240193128586,3.3725262585481004,0.8904970602781082,Mixed,Neu,GFP
Tmem114,chr16,8409275,8425136,-,8425136,8435136,3.36775211057663,3.84260735045274,1.141000650963828,Mixed,Neu,GFP
Grin2a,chr16,9567898,9995560,-,9995560,10005560,4.3116446933746335,5.539996777455012,1.2848917690198107,Mixed,Neu,GFP
Tekt5,chr16,10357948,10395490,-,10395490,10405490,1.6883499599695206,2.552704304814339,1.5119521220946528,Mixed,Neu,GFP
Txndc11,chr16,11074911,11134650,-,11134650,11144650,61.11419507217408,11.8615767673254,0.1940887342673371,Mixed,Neu,GFP
Shisa9,chr16,11984113,12270902,+,11974113,11984113,4.337240163993836,4.440686395398775,1.0238507040176636,Mixed,Neu,GFP
Parn,chr16,13537960,13668170,-,13668170,13678170,4.851269501328469,4.603265150030454,0.9488784634145556,Mixed,Neu,GFP
Mpv17l,chr16,13903161,13949619,+,13893161,13903161,4.835608485746383,5.25812719570001,1.0873765341423025,Mixed,Neu,GFP
Spag6l,chr16,16753016,16829456,-,16829456,16839456,8.438769507956506,3.51503284060955,0.416533813051227,Mixed,Neu,GFP
Slc7a4,chr16,17572018,17583214,-,17583214,17593214,8.333508754897117,4.122809573785465,0.4947267345657649,Mixed,Neu,GFP
Tbx1,chr16,18580979,18590671,-,18590671,18600671,4.522638739514351,3.770830456860861,0.8337677789550308,Mixed,Neu,GFP
Eef1akmt4,chr16,20611593,20619011,+,20601593,20611593,4.584373420119285,4.341868742624919,0.9471018926097742,Mixed,Neu,GFP
Ephb3,chr16,21204755,21223305,+,21194755,21204755,5.300373687386513,5.538725327809652,1.0449688370067856,Mixed,Neu,GFP
Dlg1,chr16,31663443,31875129,+,31653443,31663443,3.54176476944685,4.412509667086601,1.2458505728983642,Mixed,Neu,GFP
Lsamp,chr16,39984361,42181679,+,39974361,39984361,2.300497000217438,4.544499473404884,1.9754424687253875,Mixed,Neu,GFP
Sidt1,chr16,44240180,44333196,-,44333196,44343196,2.710916942000389,4.367642385355632,1.6111310227500897,Mixed,Neu,GFP
Boc,chr16,44485049,44558897,-,44558897,44568897,3.230529686498642,3.968047144714992,1.228296140196036,Mixed,Neu,GFP
Mir3081,chr16,44558046,44558129,-,44558129,44568129,3.449662540483475,4.013250833678246,1.1633749059743632,Mixed,Neu,GFP
Eva1c,chr16,90826719,90905109,+,90816719,90826719,4.97157911157608,5.625456036019326,1.1315229849044794,Mixed,Neu,GFP
Paxbp1,chr16,91014037,91044543,-,91044543,91054543,4.62990449655056,4.696935614633561,1.0144778619370964,Mixed,Neu,GFP
Olig1,chr16,91269772,91271933,+,91259772,91269772,3.9366967104673383,4.604669143780073,1.1696784086863112,Mixed,Neu,GFP
Son,chr16,91647506,91679221,+,91637506,91647506,3.0416160186052323,3.741637668585777,1.2301479363925587,Mixed,Neu,GFP
Hlcs,chr16,94128882,94313571,-,94313571,94323571,4.638416225874424,4.359880014618238,0.939950147271728,Mixed,Neu,GFP
Ndufa5,chr6,24518666,24528013,-,24528013,24538013,4.527686906218529,5.2460819669564565,1.158667124211096,Mixed,Neu,GFP
Tnpo3,chr6,29540827,29609887,-,29609887,29619887,5.842511949336529,4.538896594874064,0.776874165467389,Mixed,Neu,GFP
Mkln1os,chr6,31366885,31398773,-,31398773,31408773,2.948227227497101,4.5362545894463855,1.538638049041234,Mixed,Neu,GFP
Slc37a3,chr6,39334773,39377675,-,39377675,39387675,3.933926479578018,5.274113330642383,1.3406740969923066,Mixed,Neu,GFP
Zfp786,chr6,47819266,47830867,-,47830867,47840867,4.825269543159008,5.032104908251762,1.0428650385730251,Mixed,Neu,GFP
AI854703,chr6,48626764,48633689,+,48616764,48626764,4.99266482489109,4.071197768235207,0.8154358265626245,Mixed,Neu,GFP
Igf2bp3,chr6,49085223,49214957,-,49214957,49224957,3.712852320861817,4.794024978224436,1.2911973232244425,Mixed,Neu,GFP
9130019P16Rik,chr6,54269681,54430221,-,54430221,54440221,3.659709310567379,4.277241133757432,1.1687379435866492,Mixed,Neu,GFP
Prr15,chr6,54325835,54330201,+,54315835,54325835,3.182214782178402,4.556862781087557,1.431978383925466,Mixed,Neu,GFP
Ggct,chr6,54982580,54992950,-,54992950,55002950,4.3471587904691695,4.143817698955536,0.9532243699127246,Mixed,Neu,GFP
Pde1c,chr6,56069804,56652487,-,56652487,56662487,3.900206008183957,4.994662112903595,1.2806149476266375,Mixed,Neu,GFP
Lsm5,chr6,56701063,56704710,-,56704710,56714710,3.1561059939861296,4.530232515374819,1.43538668346597,Mixed,Neu,GFP
Qrfprl,chr6,65381105,65458150,+,65371105,65381105,2.742198680281639,4.922355317115783,1.7950396346227655,Mixed,Neu,GFP
Eif2ak3,chr6,70844515,70905245,+,70834515,70844515,2.9320802748203274,3.768892754713695,1.2853988982087623,Mixed,Neu,GFP
Tmem150a,chr6,72355447,72359762,+,72345447,72355447,4.732912183141708,4.587112209208807,0.9691944476696124,Mixed,Neu,GFP
Tgoln1,chr6,72608432,72617000,-,72617000,72627000,4.781657927751541,4.6952433031797405,0.9819278949106184,Mixed,Neu,GFP
Aup1,chr6,83054521,83057808,+,83044521,83054521,5.435193162512779,4.094581533646584,0.7533460929939777,Mixed,Neu,GFP
Mrpl53,chr6,83109040,83109939,+,83099040,83109040,5.585758451938629,4.7043114088773725,0.8421974292935392,Mixed,Neu,GFP
Mthfd2,chr6,83305691,83325908,-,83325908,83335908,4.2829624820947645,5.545475510215759,1.2947756449884915,Mixed,Neu,GFP
Vax2,chr6,83711264,83738313,+,83701264,83711264,5.162501827836037,4.255602592849731,0.8243295082054333,Mixed,Neu,GFP
Exoc6b,chr6,84618487,85069513,-,85069513,85079513,4.616119074845313,4.225876289955775,0.9154608495660144,Mixed,Neu,GFP
Egr4,chr6,85511121,85513589,-,85513589,85523589,5.412454396009445,5.014728536995252,0.9265165431587872,Mixed,Neu,GFP
Zxdc,chr6,90369492,90403490,+,90359492,90369492,4.03655822968483,4.637559429812431,1.1488895157532577,Mixed,Neu,GFP
Iqsec1,chr6,90656088,90988685,-,90988685,90998685,4.2460115557909015,5.105058452407519,1.202318548908566,Mixed,Neu,GFP
Fbln2,chr6,91212455,91272540,+,91202455,91212455,4.359302900552749,4.321613144318262,0.991354178157772,Mixed,Neu,GFP
Ccdc174,chr6,91878053,91899843,+,91868053,91878053,3.801408313751221,4.183232264018058,1.100442761932631,Mixed,Neu,GFP
Uba3,chr6,97183670,97205647,-,97205647,97215647,4.495542549848557,4.9499146651665376,1.1010716971933203,Mixed,Neu,GFP
Mtmr14,chr6,113237843,113281392,+,113227843,113237843,4.332191533076763,5.27510265525182,1.2176522240477656,Mixed,Neu,GFP
Creld1,chr6,113483297,113493343,+,113473297,113483297,3.7827091508388513,4.558131183258692,1.2049911852852562,Mixed,Neu,GFP
Tamm41,chr6,115004381,115037876,-,115037876,115047876,4.364081062579155,4.408444328832625,1.0101655458772003,Mixed,Neu,GFP
Hnrnpf,chr6,117900324,117925622,+,117890324,117900324,4.588911543393135,4.325157492939631,0.9425236141600414,Mixed,Neu,GFP
Ankrd26,chr6,118501308,118562226,-,118562226,118572226,3.2678467926979065,3.5262630283037826,1.0790784427786866,Mixed,Neu,GFP
Rad52,chr6,119902698,119922828,+,119892698,119902698,5.482170637059212,3.893359918204944,0.7101858325762457,Mixed,Neu,GFP
Eno2,chr6,124760053,124769673,-,124769673,124779673,6.528396161413193,4.766911110838255,0.730181041863484,Mixed,Neu,GFP
Tuba3a,chr6,125278274,125286042,-,125286042,125296042,6.296213051533699,5.2494769583145775,0.8337514813028529,Mixed,Neu,GFP
Tnfrsf1a,chr6,125349362,125362484,+,125339362,125349362,5.754521253824234,4.60417214357853,0.8000964703221443,Mixed,Neu,GFP
Tigar,chr6,127085116,127109557,-,127109557,127119557,4.311616785216332,4.041767408394813,0.9374134135142116,Mixed,Neu,GFP
Plbd1,chr6,136612070,136661928,-,136661928,136671928,3.488608487129212,3.4209868540763853,0.9806164454101662,Mixed,Neu,GFP
Recql,chr6,142350342,142387087,-,142387087,142397087,4.6526087187528615,4.6884448848247535,1.0077023812312973,Mixed,Neu,GFP
Kcnj8,chr6,142564837,142571614,-,142571614,142581614,4.290841435909272,4.793600856049856,1.1171703563625264,Mixed,Neu,GFP
Klhl42,chr6,147091379,147112778,+,147081379,147091379,2.56155210852623,4.373557589936256,1.7073857585714116,Mixed,Neu,GFP
Ergic2,chr6,148179079,148212374,-,148212374,148222374,4.062863850522041,5.234329125944773,1.2883348589867731,Mixed,Neu,GFP
Pdzd2,chr15,12359711,12739924,-,12739924,12749924,3.373576893568039,5.426688823374112,1.6085860777978631,Mixed,Neu,GFP
Vps13b,chr15,35371160,35931229,+,35361160,35371160,4.788061303019523,4.273103063543638,0.8924495308464129,Mixed,Neu,GFP
Sybu,chr15,44671856,44788063,-,44788063,44798063,2.2914367984294888,2.017306542388598,0.8803675247649095,Mixed,Neu,GFP
Med30,chr15,52712408,52730564,+,52702408,52712408,2.242016714334488,3.9790189938704175,1.774749924222369,Mixed,Neu,GFP
Ptp4a3,chr15,73723145,73758766,+,73713145,73723145,4.608954698324204,4.406789801239968,0.9561364972500724,Mixed,Neu,GFP
Ly6e,chr15,74955051,74959905,+,74945051,74955051,3.666319529938698,3.5880169809261955,0.9786427373901556,Mixed,Neu,GFP
Rhpn1,chr15,75704280,75715485,+,75694280,75704280,3.4538002885580066,4.909735271493594,1.4215457934145503,Mixed,Neu,GFP
Scx,chr15,76457452,76459458,+,76447452,76457452,6.373599256157876,4.437942885287604,0.696300897958068,Mixed,Neu,GFP
Pdxp,chr15,78913919,78919517,+,78903919,78913919,3.765195745587349,4.077153657531738,1.0828530395292173,Mixed,Neu,GFP
Baiap2l2,chr15,79258195,79285537,-,79285537,79295537,5.641827750444412,4.585133682139715,0.8127035926927298,Mixed,Neu,GFP
Tomm22,chr15,79670861,79673400,+,79660861,79670861,7.407486137938498,5.736641539247831,0.7744383765859246,Mixed,Neu,GFP
Nptxr,chr15,79786351,79804766,-,79804766,79814766,4.894678018951416,3.9705956312100095,0.8112067056988209,Mixed,Neu,GFP
Sgsm3,chr15,80977765,81012290,+,80967765,80977765,4.981988090515136,4.097783034384251,0.8225196367260968,Mixed,Neu,GFP
L3mbtl2,chr15,81663889,81688315,+,81653889,81663889,6.278609689211845,4.5750727465947465,0.7286760880288222,Mixed,Neu,GFP
Prr5,chr15,84669620,84703673,+,84659620,84669620,3.977333290219307,3.951306250890096,0.993456158327688,Mixed,Neu,GFP
Cdpf1,chr15,85806972,85811697,-,85811697,85821697,4.614330754303932,4.826111330294609,1.0458962712616866,Mixed,Neu,GFP
Zbed4,chr15,88751660,88784516,+,88741660,88751660,5.687294191241264,4.307412376244863,0.7573746374644216,Mixed,Neu,GFP
Mapk12,chr15,89130584,89140703,-,89140703,89150703,6.270477816617489,4.331601878770193,0.6907929515819271,Mixed,Neu,GFP
Mapk11,chr15,89142486,89149628,-,89149628,89159628,5.44711391198635,4.617049381661415,0.8476138843914423,Mixed,Neu,GFP
Mapk8ip2,chr15,89453913,89464468,+,89443913,89453913,5.619020905137062,4.540236404093107,0.8080120150366942,Mixed,Neu,GFP
Shank3,chr15,89499623,89560261,+,89489623,89499623,6.361879653346538,3.9931925611416497,0.6276749606605827,Mixed,Neu,GFP
Twf1,chr15,94577951,94589889,-,94589889,94599889,3.7263275140523913,3.866067146984737,1.037500630957792,Mixed,Neu,GFP
Vdr,chr15,97854425,97910630,-,97910630,97920630,5.614275081396103,4.165560220638911,0.741958696402717,Mixed,Neu,GFP
Ccdc184,chr15,98167158,98170134,+,98157158,98167158,4.145414272999764,4.590173724714915,1.1072895065306243,Mixed,Neu,GFP
Rnd1,chr15,98663421,98677461,-,98677461,98687461,5.596052833914757,4.008235077575843,0.7162611212824905,Mixed,Neu,GFP
C1ql4,chr15,99084086,99087817,-,99087817,99097817,4.498695003771782,4.112704373772939,0.9141994223490986,Mixed,Neu,GFP
Dnajc22,chr15,99093170,99104737,+,99083170,99093170,4.188804285168648,4.393073106408119,1.0487654250074965,Mixed,Neu,GFP
Bcdin3d,chr15,99470079,99474730,-,99474730,99484730,3.835817127585411,5.464498148202896,1.424598192886926,Mixed,Neu,GFP
Aqp5,chr15,99590782,99594829,+,99580782,99590782,4.164315989398956,4.032184917751947,0.9682706422895446,Mixed,Neu,GFP
Racgap1,chr15,99620496,99651656,-,99651656,99661656,5.49903169593811,4.460862106529871,0.8112086551210299,Mixed,Neu,GFP
Fignl2,chr15,101050194,101078567,-,101078567,101088567,4.455541274547577,4.885635271286964,1.0965301341043148,Mixed,Neu,GFP
Krt87,chr15,101431038,101438804,-,101438804,101448804,4.011313085532188,4.050508159748713,1.0097711331378971,Mixed,Neu,GFP
Eif4b,chr15,102073773,102097173,+,102063773,102073773,3.26205875980854,4.315489152729511,1.322934217464188,Mixed,Neu,GFP
Espl1,chr15,102296266,102324357,+,102286266,102296266,4.918559397506714,4.528084223930041,0.9206118820533896,Mixed,Neu,GFP
Pcbp2,chr15,102470539,102500061,+,102460539,102470539,2.962828684592247,4.468808559461436,1.508291242993837,Mixed,Neu,GFP
Smug1,chr15,103153290,103167092,-,103167092,103177092,4.683676802277565,4.004170216854414,0.8549202658277525,Mixed,Neu,GFP
Shfl,chr9,20868642,20874307,+,20858642,20868642,4.998267736029625,4.905555809815724,0.9814511884696384,Mixed,Neu,GFP
Zglp1,chr9,21062393,21067093,-,21067093,21077093,6.712011030638219,5.536162457370758,0.824814266856821,Mixed,Neu,GFP
S1pr5,chr9,21242912,21248443,-,21248443,21258443,4.266954567456245,3.435330676674843,0.8051013017283715,Mixed,Neu,GFP
Prkcsh,chr9,22002806,22014222,+,21992806,22002806,5.586151935935021,5.114172919464111,0.9155090978756364,Mixed,Neu,GFP
Dpy19l1,chr9,24411776,24503140,-,24503140,24513140,2.687993843913078,5.02361030972004,1.8689069251761603,Mixed,Neu,GFP
Tbx20,chr9,24718138,24774303,-,24774303,24784303,3.704585618162155,4.114298057794571,1.1105960239179662,Mixed,Neu,GFP
Adamts15,chr9,30899155,30922452,-,30922452,30932452,3.8080912351846696,3.816041049822172,1.0020876113902024,Mixed,Neu,GFP
Chek1,chr9,36708482,36727065,-,36727065,36737065,2.879817008852959,4.745182097474734,1.647737367647799,Mixed,Neu,GFP
Slc37a2,chr9,37227585,37255738,-,37255738,37265738,3.6013801948547366,4.589949672826131,1.2744973939112998,Mixed,Neu,GFP
Robo3,chr9,37415669,37433246,-,37433246,37443246,3.713135203719139,3.1221074898004537,0.8408278499186612,Mixed,Neu,GFP
Clmp,chr9,40685962,40785319,+,40675962,40685962,5.217268581151963,4.118207539470991,0.7893416785841795,Mixed,Neu,GFP
Usp2,chr9,44067021,44095627,+,44057021,44067021,4.32477240896225,4.802597781531016,1.110485668928743,Mixed,Neu,GFP
Mcam,chr9,44134469,44142727,+,44124469,44134469,5.025444503307342,3.737943862807751,0.7438036297779704,Mixed,Neu,GFP
Cbl,chr9,44142976,44234049,-,44234049,44244049,4.684035910439492,4.644036242167156,0.9914604266412248,Mixed,Neu,GFP
Hinfp,chr9,44292440,44305671,-,44305671,44315671,5.400443250679969,4.798963345567386,0.8886239745160083,Mixed,Neu,GFP
Drd2,chr9,49340627,49408177,+,49330627,49340627,2.375730646491051,4.484754659724236,1.8877370068649024,Mixed,Neu,GFP
Cul5,chr9,53614582,53670014,-,53670014,53680014,5.340048682260513,5.0925608758290615,0.953654391344109,Mixed,Neu,GFP
Tnfaip8l3,chr9,54023405,54068388,-,54068388,54078388,2.9745733217239376,5.007795038263002,1.6835339044057234,Mixed,Neu,GFP
Crabp1,chr9,54764748,54773110,+,54754748,54764748,3.9114692748785016,4.77519187104702,1.2208179421773286,Mixed,Neu,GFP
Pml,chr9,58218076,58249786,-,58249786,58259786,4.574708202314377,4.716358995540937,1.0309638969224089,Mixed,Neu,GFP
Tipin,chr9,64281581,64305424,+,64271581,64281581,2.6464010586738587,2.907051474793752,1.0984924092535346,Mixed,Neu,GFP
Snx22,chr9,66065176,66069719,-,66069719,66079719,4.572035670518876,4.393475012318293,0.960945042631236,Mixed,Neu,GFP
Dapk2,chr9,66158223,66272242,+,66148223,66158223,3.611209243190289,4.352130640157063,1.2051726574315629,Mixed,Neu,GFP
Fbxl22,chr9,66508375,66514609,-,66514609,66524609,4.27946186208725,5.168347245971362,1.2077096168934125,Mixed,Neu,GFP
Fam81a,chr9,70088511,70142560,-,70142560,70152560,4.614343768239021,4.3069738707939775,0.9333881667940088,Mixed,Neu,GFP
Mns1,chr9,72438011,72462025,+,72428011,72438011,3.839218738758564,4.984579649043083,1.298331767013327,Mixed,Neu,GFP
Hmgcll1,chr9,76014855,76136350,+,76004855,76014855,3.172009326815605,4.435594579557578,1.398354835233253,Mixed,Neu,GFP
Mto1,chr9,78448208,78475348,+,78438208,78448208,4.0669700987339015,4.280721399553617,1.052557873707077,Mixed,Neu,GFP
Sh3bgrl2,chr9,83548327,83638801,+,83538327,83548327,3.7318358478546143,4.368984127195676,1.1707332008473392,Mixed,Neu,GFP
Me1,chr9,86581371,86695953,-,86695953,86705953,3.689411682963371,5.026378469967842,1.3623793986391364,Mixed,Neu,GFP
Nt5e,chr9,88327197,88372092,+,88317197,88327197,1.551669552254677,2.672867272686959,1.7225750603942112,Mixed,Neu,GFP
Tbc1d2b,chr9,90202027,90270804,-,90270804,90280804,3.3662862176179886,4.6306475129524864,1.375595304022951,Mixed,Neu,GFP
Atr,chr9,95857597,95951781,+,95847597,95857597,4.3767440826416015,4.820441757909457,1.1013761981258132,Mixed,Neu,GFP
Esyt3,chr9,99309963,99358557,-,99358557,99368557,4.730024603009224,4.572232101035119,0.9666402365277934,Mixed,Neu,GFP
Slco2a1,chr9,102988712,103096002,+,102978712,102988712,3.638934958434105,3.8545208624601366,1.0592442312073644,Mixed,Neu,GFP
Rab6b,chr9,103111787,103185276,+,103101787,103111787,4.921563857793808,4.398270831489563,0.8936734254752061,Mixed,Neu,GFP
Grm2,chr9,106643095,106656082,-,106656082,106666082,5.470459962511063,4.910278107245763,0.8975987651670585,Mixed,Neu,GFP
Rbm15b,chr9,106880918,106887428,-,106887428,106897428,5.39710081372261,4.217040844504039,0.7813529874746524,Mixed,Neu,GFP
Rassf1,chr9,107551555,107562267,+,107541555,107551555,4.614917323589325,4.748071130434673,1.028852912741194,Mixed,Neu,GFP
Rbm6,chr9,107773559,107873237,-,107873237,107883237,5.056306332945824,5.748986668403943,1.136993348473521,Mixed,Neu,GFP
Camkv,chr9,107935674,107949691,+,107925674,107935674,4.940171469736099,4.444986047021548,0.8997635151435333,Mixed,Neu,GFP
Qrich1,chr9,108516806,108560163,+,108506806,108516806,5.548177179336547,5.065006608724594,0.9129136372191828,Mixed,Neu,GFP
Ip6k2,chr9,108783796,108806337,+,108773796,108783796,4.186278281307221,4.384747248752912,1.0474094061858965,Mixed,Neu,GFP
Celsr3,chr9,108826320,108852969,+,108816320,108826320,5.336011182308197,5.025555729707082,0.941818815217171,Mixed,Neu,GFP
Uqcrc1,chr9,108936633,108949623,+,108926633,108936633,5.550307533860207,4.116236595980326,0.7416231570717141,Mixed,Neu,GFP
Map4,chr9,109931460,110083955,+,109921460,109931460,4.223669004559516,5.29444923933347,1.2535189745261832,Mixed,Neu,GFP
Smarcc1,chr9,110117708,110240178,+,110107708,110117708,4.859571087312698,5.224125152786573,1.07501774517213,Mixed,Neu,GFP
Nbeal2,chr9,110624789,110654161,-,110654161,110664161,3.929338416206837,4.9342909247954685,1.2557561609973915,Mixed,Neu,GFP
Vipr1,chr9,121642716,121672954,+,121632716,121642716,4.343593697190284,3.71033311316967,0.8542081446452396,Mixed,Neu,GFP
Nktr,chr9,121719169,121756843,+,121709169,121719169,5.401902665805817,5.22661100478967,0.9675500149001668,Mixed,Neu,GFP
Klhl40,chr9,121777607,121783818,+,121767607,121777607,5.488848439383506,4.456060365355016,0.811838842803885,Mixed,Neu,GFP
Snrk,chr9,122117266,122169702,+,122107266,122117266,3.21957752006054,5.14095050497055,1.5967779849804271,Mixed,Neu,GFP
Ano10,chr9,122175874,122294423,-,122294423,122304423,1.9105100073814392,1.856218470215797,0.9715826994070268,Mixed,Neu,GFP
9530059O14Rik,chr9,122572499,122679596,+,122562499,122572499,3.863617716240883,4.327311467878023,1.120015432605556,Mixed,Neu,GFP
Epha7,chr4,28813131,28967499,+,28803131,28813131,2.0724213640451428,4.681192565874259,2.2588034687777374,Mixed,Neu,GFP
Srsf12,chr4,33208991,33233340,+,33198991,33208991,3.065822023785114,4.270369389410814,1.3928953984545216,Mixed,Neu,GFP
Smu1,chr4,40736542,40757923,-,40757923,40767923,6.027177642691136,4.293428101543586,0.712344708596737,Mixed,Neu,GFP
Tesk1,chr4,43441939,43448064,+,43431939,43441939,1.9471230520009997,2.2922130701700847,1.177230718836412,Mixed,Neu,GFP
Nans,chr4,46489248,46503632,+,46479248,46489248,5.811316741085053,4.003823662980397,0.6889701321344306,Mixed,Neu,GFP
Tbc1d2,chr4,46604390,46650209,-,46650209,46660209,3.342114113855362,4.316113397920131,1.291432084867142,Mixed,Neu,GFP
Nr4a3,chr4,48045153,48086447,+,48035153,48045153,3.2921043907880785,3.695936818734805,1.122666957061485,Mixed,Neu,GFP
Tal2,chr4,53779705,53788712,+,53769705,53779705,4.516072190523148,5.105391454219818,1.1304937651203495,Mixed,Neu,GFP
Actl7b,chr4,56740005,56741443,-,56741443,56751443,5.384064817070961,5.232579521250725,0.9718641396478124,Mixed,Neu,GFP
Frrs1l,chr4,56957173,56990391,-,56990391,57000391,3.570307630753517,4.726989327931404,1.323972558334915,Mixed,Neu,GFP
Svep1,chr4,58042442,58206859,-,58206859,58216859,3.7180838280677793,5.090319198385875,1.3690705841431288,Mixed,Neu,GFP
Prpf4,chr4,62408797,62426990,+,62398797,62408797,4.869158917665481,5.280481058120728,1.0844749878593931,Mixed,Neu,GFP
Wdr31,chr4,62448653,62470896,-,62470896,62480896,3.360487657427788,4.5060844959656405,1.3409019628462866,Mixed,Neu,GFP
Tnc,chr4,63959785,64047015,-,64047015,64057015,3.0620533977746964,4.94831906982263,1.616013317540037,Mixed,Neu,GFP
Brinp1,chr4,68761514,68954397,-,68954397,68964397,1.594167531657219,3.288895417531331,2.063080167058951,Mixed,Neu,GFP
Adamtsl1,chr4,85514172,86428385,+,85504172,85514172,3.1046059673070907,3.781305541038513,1.2179663315916338,Mixed,Neu,GFP
Ak4,chr4,101419277,101466995,+,101409277,101419277,3.3879416220188143,2.30695067504247,0.6809298779085217,Mixed,Neu,GFP
Pde4b,chr4,102087543,102607259,+,102077543,102087543,3.965125797986984,4.432258868114154,1.1178104034843797,Mixed,Neu,GFP
Usp24,chr4,106316213,106441322,+,106306213,106316213,3.054885264754295,4.787275887711843,1.567088604912592,Mixed,Neu,GFP
Ttc4,chr4,106662256,106678944,-,106678944,106688944,4.136841052269936,3.2779654560168585,0.7923837088732715,Mixed,Neu,GFP
Glis1,chr4,107434591,107635061,+,107424591,107434591,5.547730403828621,4.475743504977227,0.8067701887403198,Mixed,Neu,GFP
Dmrtb1,chr4,107676290,107684230,-,107684230,107694230,3.127322825908661,3.6458320787350336,1.1657997212602178,Mixed,Neu,GFP
Osbpl9,chr4,109061145,109202272,-,109202272,109212272,3.588271950006485,4.279649509088198,1.192677023568535,Mixed,Neu,GFP
Elavl4,chr4,110203722,110351909,-,110351909,110361909,3.280408407282829,5.412801012674968,1.650038757569947,Mixed,Neu,GFP
Faah,chr4,115967145,116017926,-,116017926,116027926,5.109579271602631,4.342191046770414,0.8498138136153186,Mixed,Neu,GFP
Mycl,chr4,122995652,123002485,+,122985652,122995652,5.348534161424636,4.581980116391182,0.8566796019436332,Mixed,Neu,GFP
Akirin1,chr4,123734559,123750345,-,123750345,123760345,4.265075467824936,4.185110412597656,0.9812511980548708,Mixed,Neu,GFP
Epha10,chr4,124880899,124917800,+,124870899,124880899,4.92148080945015,5.086934230176607,1.0336186255991806,Mixed,Neu,GFP
Eva1b,chr4,126147744,126149875,+,126137744,126147744,6.199255716371536,4.618426908024152,0.7449969995313158,Mixed,Neu,GFP
Zmym1,chr4,127047094,127061152,-,127061152,127071152,5.666774143505096,4.374989134669304,0.7720422631778335,Mixed,Neu,GFP
Ak2,chr4,128991958,129011529,+,128981958,128991958,5.280222292423248,4.490891446956,0.8505118152696179,Mixed,Neu,GFP
Serinc2,chr4,130253495,130279205,-,130279205,130289205,5.341201840162277,4.090804858247439,0.7658959501375352,Mixed,Neu,GFP
Nkain1,chr4,130531602,130574173,-,130574173,130584173,3.20629864859581,2.248471797418594,0.7012671132189469,Mixed,Neu,GFP
Sdc3,chr4,130792537,130826319,+,130782537,130792537,4.877797362112998,4.355821912821134,0.89298951749284,Mixed,Neu,GFP
Ptpru,chr4,131768457,131838288,-,131838288,131848288,4.880918309092522,4.61227549033165,0.9449605992666534,Mixed,Neu,GFP
Mecr,chr4,131843470,131867786,+,131833470,131843470,4.365558918952942,4.096788464625677,0.9384338960217884,Mixed,Neu,GFP
Sesn2,chr4,132492032,132510501,-,132510501,132520501,4.075967327523232,4.891208179879189,1.2000116259153968,Mixed,Neu,GFP
Eya3,chr4,132638987,132724765,+,132628987,132638987,2.8447504286527634,3.503818526291847,1.231678705801693,Mixed,Neu,GFP
Themis2,chr4,132781843,132796387,-,132796387,132806387,5.214687482666969,3.314452776173751,0.6355995037460282,Mixed,Neu,GFP
Map3k6,chr4,133240818,133252929,+,133230818,133240818,4.9884858924865725,3.5910521002372104,0.7198681478975189,Mixed,Neu,GFP
Tent5b,chr4,133480132,133487938,+,133470132,133480132,4.068179019212723,4.357314297882716,1.0710724079015448,Mixed,Neu,GFP
Zfp593,chr4,134243289,134245592,-,134245592,134255592,4.155830643177032,3.887572388982773,0.9354501477015958,Mixed,Neu,GFP
Selenon,chr4,134537892,134552166,-,134552166,134562166,4.538098270893097,4.107624649651845,0.9051422874638334,Mixed,Neu,GFP
Ncmap,chr4,135369576,135398227,-,135398227,135408227,5.854000771927834,4.284554767600695,0.7319019819995188,Mixed,Neu,GFP
Rcan3,chr4,135412308,135433853,-,135433853,135443853,4.267966336846351,3.3881868566830957,0.7938644753197995,Mixed,Neu,GFP
Aldh4a1,chr4,139622866,139649690,+,139612866,139622866,5.219118380069733,4.622924215833346,0.885767265499653,Mixed,Neu,GFP
Mir7020,chr4,139644042,139644111,+,139634042,139644042,5.972925462412835,4.938241675162316,0.8267710197018688,Mixed,Neu,GFP
Zbtb17,chr4,141444654,141467930,+,141434654,141444654,3.3205557451963426,3.8726203810373945,1.1662566986383809,Mixed,Neu,GFP
Agtrap,chr4,148077061,148088031,-,148088031,148098031,3.027296165466309,2.991932248385748,0.9883183160326456,Mixed,Neu,GFP
Mtor,chr4,148448611,148557683,+,148438611,148448611,4.198506269931793,3.4883711971521376,0.8308600661465269,Mixed,Neu,GFP
Casz1,chr4,148804429,148954889,+,148794429,148804429,3.771914196014405,5.080303375609716,1.346876708112242,Mixed,Neu,GFP
Rbp7,chr4,149449687,149454978,-,149454978,149464978,4.670241220402717,3.43611361263593,0.7357464958393803,Mixed,Neu,GFP
Park7,chr4,150897133,150914437,-,150914437,150924437,5.095602521419525,4.567406625390053,0.8963427987545763,Mixed,Neu,GFP
Plekhg5,chr4,152072498,152115400,+,152062498,152072498,7.37811546471119,4.349796806828181,0.5895539081263822,Mixed,Neu,GFP
Tnfrsf25,chr4,152115934,152120119,+,152105934,152115934,6.365571451258659,5.044764027531941,0.7925076430544887,Mixed,Neu,GFP
Gpr153,chr4,152274232,152285337,+,152264232,152274232,6.135868515729904,4.509523137394587,0.7349445519952033,Mixed,Neu,GFP
Rpl22,chr4,152325742,152334071,+,152315742,152325742,5.040645591521263,4.804697298630079,0.9531908584709732,Mixed,Neu,GFP
Megf6,chr4,154170730,154275713,+,154160730,154170730,5.127949791431427,4.248294328570366,0.8284586435828748,Mixed,Neu,GFP
