chrom	start	end	ratio_change	gene_id	gene_name	gene_type	overlap_type	strand	tss	distance_to_tss
chr1	75450000	75600000	-0.1101990666666666	ENSMUSG00000033007.15	Asic4	protein_coding	promoter	+	75450436	436
chr1	75450000	75600000	-0.1101990666666666	ENSMUSG00000102605.1	Gm37264	TEC	promoter	-	75470761	20761
chr1	75450000	75600000	-0.1101990666666666	ENSMUSG00000032997.16	Chpf	protein_coding	promoter	-	75479307	29307
chr1	75450000	75600000	-0.1101990666666666	ENSMUSG00000026211.17	Obsl1	protein_coding	promoter	-	75506452	56452
chr1	75450000	75600000	-0.1101990666666666	ENSMUSG00000051703.14	Tmem198	protein_coding	promoter	+	75479532	29532
chr1	75450000	75600000	-0.1101990666666666	ENSMUSG00000032968.4	Inha	protein_coding	promoter	+	75507077	57077
chr1	75450000	75600000	-0.1101990666666666	ENSMUSG00000082745.1	Gm15181	unprocessed_pseudogene	promoter	-	75514283	64283
chr1	75450000	75600000	-0.1101990666666666	ENSMUSG00000026213.15	Stk11ip	protein_coding	promoter	+	75521529	71529
chr1	75450000	75600000	-0.1101990666666666	ENSMUSG00000082059.1	Gm15183	processed_pseudogene	promoter	+	75542211	57789
chr1	75450000	75600000	-0.1101990666666666	ENSMUSG00000006576.16	Slc4a3	protein_coding	promoter	+	75546266	53734
chr1	75450000	75600000	-0.1101990666666666	ENSMUSG00000083244.1	Gm15180	processed_pseudogene	promoter	+	75568083	31917
chr1	133350000	133500000	-0.1016903999999999	ENSMUSG00000070645.5	Ren1	protein_coding	promoter	+	133350510	510
chr1	133350000	133500000	-0.1016903999999999	ENSMUSG00000070644.13	Etnk2	protein_coding	promoter	+	133363572	13572
chr1	133350000	133500000	-0.1016903999999999	ENSMUSG00000070643.11	Sox13	protein_coding	promoter	-	133424377	74377
chr1	135750000	135900000	-0.1102403333333333	ENSMUSG00000041801.5	Phlda3	protein_coding	promoter	+	135766119	16119
chr1	135750000	135900000	-0.1102403333333333	ENSMUSG00000026418.16	Tnni1	protein_coding	promoter	+	135779434	29434
chr1	135750000	135900000	-0.1102403333333333	ENSMUSG00000041782.14	Lad1	protein_coding	promoter	+	135818598	68598
chr1	135750000	135900000	-0.1102403333333333	ENSMUSG00000026414.13	Tnnt2	protein_coding	promoter	+	135836354	63646
chr1	135750000	135900000	-0.1102403333333333	ENSMUSG00000101482.1	Gm28883	processed_pseudogene	promoter	+	135869782	30218
chr1	135750000	135900000	-0.1102403333333333	ENSMUSG00000102414.1	Gm36938	TEC	promoter	-	135899089	911
chr10	79800000	79950000	-0.1039766666666666	ENSMUSG00000035852.11	Misp	protein_coding	promoter	+	79820989	20989
chr10	79800000	79950000	-0.1039766666666666	ENSMUSG00000091994.2	E130317F20Rik	bidirectional_promoter_lncRNA	promoter	-	79854971	54971
chr10	79800000	79950000	-0.1039766666666666	ENSMUSG00000006498.16	Ptbp1	protein_coding	promoter	+	79854427	54427
chr10	79800000	79950000	-0.1039766666666666	ENSMUSG00000035835.14	Plppr3	protein_coding	promoter	-	79874634	74634
chr10	79800000	79950000	-0.1039766666666666	ENSMUSG00000098562.1	Mir6910	miRNA	promoter	+	79862587	62587
chr10	79800000	79950000	-0.1039766666666666	ENSMUSG00000090860.1	Gm17134	antisense	promoter	-	79864434	64434
chr10	79800000	79950000	-0.1039766666666666	ENSMUSG00000057729.12	Prtn3	protein_coding	promoter	+	79874476	74476
chr10	79800000	79950000	-0.1039766666666666	ENSMUSG00000020125.7	Elane	protein_coding	promoter	+	79886247	63753
chr10	79800000	79950000	-0.1039766666666666	ENSMUSG00000111897.1	Gm19810	processed_pseudogene	promoter	+	79888712	61288
chr10	79800000	79950000	-0.1039766666666666	ENSMUSG00000061780.6	Cfd	protein_coding	promoter	+	79890853	59147
chr10	79800000	79950000	-0.1039766666666666	ENSMUSG00000013833.15	Med16	protein_coding	promoter	-	79908923	41077
chr10	79800000	79950000	-0.1039766666666666	ENSMUSG00000095023.1	Gm24019	snRNA	promoter	+	79909195	40805
chr10	79800000	79950000	-0.1039766666666666	ENSMUSG00000035781.14	R3hdm4	protein_coding	promoter	-	79921208	28792
chr10	79800000	79950000	-0.1039766666666666	ENSMUSG00000097854.1	Gm26602	protein_coding	promoter	+	79910856	39144
chr10	79800000	79950000	-0.1039766666666666	ENSMUSG00000035773.6	Kiss1r	protein_coding	promoter	+	79916971	33029
chr10	79800000	79950000	-0.1039766666666666	ENSMUSG00000019564.12	Arid3a	protein_coding	promoter	+	79927043	22957
chr10	79950000	80100000	-0.1174346666666666	ENSMUSG00000035754.8	Wdr18	protein_coding	promoter	+	79960152	10152
chr10	79950000	80100000	-0.1174346666666666	ENSMUSG00000035745.9	Grin3b	protein_coding	promoter	+	79970715	20715
chr10	79950000	80100000	-0.1174346666666666	ENSMUSG00000013858.14	Tmem259	protein_coding	promoter	-	79984330	34330
chr10	79950000	80100000	-0.1174346666666666	ENSMUSG00000095615.1	Gm26243	snRNA	promoter	+	79985506	35506
chr10	79950000	80100000	-0.1174346666666666	ENSMUSG00000004665.10	Cnn2	protein_coding	promoter	+	79988584	38584
chr10	79950000	80100000	-0.1174346666666666	ENSMUSG00000035722.15	Abca7	protein_coding	promoter	+	79996494	46494
chr10	79950000	80100000	-0.1174346666666666	ENSMUSG00000035697.14	Arhgap45	protein_coding	promoter	+	80016653	66653
chr10	79950000	80100000	-0.1174346666666666	ENSMUSG00000004667.18	Polr2e	protein_coding	promoter	-	80039795	60205
chr10	79950000	80100000	-0.1174346666666666	ENSMUSG00000075706.10	Gpx4	protein_coding	promoter	+	80047166	52834
chr10	80250000	80400000	-0.1111316666666666	ENSMUSG00000020150.13	Gamt	protein_coding	promoter	-	80261012	11012
chr10	80250000	80400000	-0.1111316666666666	ENSMUSG00000069565.12	Dazap1	protein_coding	promoter	+	80261486	11486
chr10	80250000	80400000	-0.1111316666666666	ENSMUSG00000098672.1	Mir6911	miRNA	promoter	+	80278164	28164
chr10	80250000	80400000	-0.1111316666666666	ENSMUSG00000087672.1	Gm15122	antisense	promoter	-	80283006	33006
chr10	80250000	80400000	-0.1111316666666666	ENSMUSG00000063457.14	Rps15	protein_coding	promoter	+	80292453	42453
chr10	80250000	80400000	-0.1111316666666666	ENSMUSG00000020135.13	Apc2	protein_coding	promoter	+	80295977	45977
chr10	80250000	80400000	-0.1111316666666666	ENSMUSG00000020133.8	2310011J03Rik	protein_coding	promoter	-	80320537	70537
chr10	80250000	80400000	-0.1111316666666666	ENSMUSG00000020131.14	Pcsk4	protein_coding	promoter	-	80329498	70502
chr10	80250000	80400000	-0.1111316666666666	ENSMUSG00000035504.16	Reep6	protein_coding	promoter	+	80329953	70047
chr10	80250000	80400000	-0.1111316666666666	ENSMUSG00000043822.18	Adamtsl5	protein_coding	promoter	-	80348412	51588
chr10	80250000	80400000	-0.1111316666666666	ENSMUSG00000035486.14	Plk5	protein_coding	promoter	+	80356459	43541
chr10	80250000	80400000	-0.1111316666666666	ENSMUSG00000087432.1	Gm15123	antisense	promoter	+	80371898	28102
chr10	80250000	80400000	-0.1111316666666666	ENSMUSG00000085712.1	Gm15124	antisense	promoter	+	80371955	28045
chr10	80250000	80400000	-0.1111316666666666	ENSMUSG00000112648.1	Gm47793	processed_pseudogene	promoter	-	80377552	22448
chr10	80250000	80400000	-0.1111316666666666	ENSMUSG00000048696.11	Mex3d	protein_coding	promoter	-	80387659	12341
chr10	80250000	80400000	-0.1111316666666666	ENSMUSG00000084658.1	Gm22721	miRNA	promoter	+	80382302	17698
chr10	80250000	80400000	-0.1111316666666666	ENSMUSG00000035478.14	Mbd3	protein_coding	promoter	-	80399550	450
chr10	81300000	81450000	-0.105832	ENSMUSG00000090230.1	Gm16315	antisense	promoter	-	81302917	2917
chr10	81300000	81450000	-0.105832	ENSMUSG00000034889.8	Cactin	protein_coding	promoter	+	81321103	21103
chr10	81300000	81450000	-0.105832	ENSMUSG00000034881.8	Tbxa2r	protein_coding	promoter	+	81328731	28731
chr10	81300000	81450000	-0.105832	ENSMUSG00000034872.6	Gipc3	protein_coding	promoter	-	81343266	43266
chr10	81300000	81450000	-0.105832	ENSMUSG00000020232.17	Hmg20b	protein_coding	promoter	-	81350480	50480
chr10	81300000	81450000	-0.105832	ENSMUSG00000034854.8	Mfsd12	protein_coding	promoter	+	81357491	57491
chr10	81300000	81450000	-0.105832	ENSMUSG00000020234.10	4930404N11Rik	protein_coding	promoter	-	81365816	65816
chr10	81300000	81450000	-0.105832	ENSMUSG00000020235.16	Fzr1	protein_coding	promoter	-	81378516	71484
chr10	81300000	81450000	-0.105832	ENSMUSG00000078440.10	Dohh	protein_coding	promoter	+	81384428	65572
chr10	81300000	81450000	-0.105832	ENSMUSG00000113262.1	Gm48551	protein_coding	promoter	+	81384466	65534
chr10	81300000	81450000	-0.105832	ENSMUSG00000098811.1	Mir6913	miRNA	promoter	+	81386347	63653
chr10	81300000	81450000	-0.105832	ENSMUSG00000114004.1	Gm48552	protein_coding	promoter	+	81389005	60995
chr10	81300000	81450000	-0.105832	ENSMUSG00000078439.9	Smim24	protein_coding	promoter	+	81393051	56949
chr10	81300000	81450000	-0.105832	ENSMUSG00000085327.1	Gm16104	antisense	promoter	+	81409575	40425
chr10	81300000	81450000	-0.105832	ENSMUSG00000105379.1	Mir1191b	miRNA	promoter	-	81416297	33703
chr11	97050000	97200000	-0.1124780333333333	ENSMUSG00000085262.1	Gm11574	processed_transcript	promoter	-	97051432	1432
chr11	97050000	97200000	-0.1124780333333333	ENSMUSG00000038534.19	Osbpl7	protein_coding	promoter	+	97050628	628
chr11	97050000	97200000	-0.1124780333333333	ENSMUSG00000098769.1	Mir8103	miRNA	promoter	+	97063768	13768
chr11	97050000	97200000	-0.1124780333333333	ENSMUSG00000084068.1	Gm11573	processed_pseudogene	promoter	+	97096933	46933
chr11	97050000	97200000	-0.1124780333333333	ENSMUSG00000001444.2	Tbx21	protein_coding	promoter	-	97115331	65331
chr11	97050000	97200000	-0.1124780333333333	ENSMUSG00000084368.1	Gm11572	processed_pseudogene	promoter	-	97116915	66915
chr11	97050000	97200000	-0.1124780333333333	ENSMUSG00000038517.15	Tbkbp1	protein_coding	promoter	-	97151495	48505
chr11	97050000	97200000	-0.1124780333333333	ENSMUSG00000099286.1	Mir7235	miRNA	promoter	-	97146419	53581
chr11	97050000	97200000	-0.1124780333333333	ENSMUSG00000001440.5	Kpnb1	protein_coding	promoter	-	97187881	12119
chr11	97050000	97200000	-0.1124780333333333	ENSMUSG00000084936.1	Gm11583	antisense	promoter	+	97160990	39010
chr11	115200000	115350000	-0.1145493333333333	ENSMUSG00000020734.13	Grin2c	protein_coding	promoter	-	115267243	67243
chr11	115200000	115350000	-0.1145493333333333	ENSMUSG00000089544.1	Gm25837	miRNA	promoter	+	115253278	53278
chr11	115200000	115350000	-0.1145493333333333	ENSMUSG00000018861.8	Fdxr	protein_coding	promoter	-	115277050	72950
chr11	115200000	115350000	-0.1145493333333333	ENSMUSG00000044788.10	Fads6	protein_coding	promoter	-	115297663	52337
chr11	115200000	115350000	-0.1145493333333333	ENSMUSG00000050201.9	Otop2	protein_coding	promoter	+	115307163	42837
chr11	115200000	115350000	-0.1145493333333333	ENSMUSG00000045288.10	Ush1g	protein_coding	promoter	-	115322041	27959
chr11	115200000	115350000	-0.1145493333333333	ENSMUSG00000018862.11	Otop3	protein_coding	promoter	+	115334731	15269
chr11	115800000	115950000	-0.103274	ENSMUSG00000034471.12	Caskin2	protein_coding	promoter	-	115813639	13639
chr11	115800000	115950000	-0.103274	ENSMUSG00000020781.14	Tsen54	protein_coding	promoter	+	115814724	14724
chr11	115800000	115950000	-0.103274	ENSMUSG00000020782.18	Llgl2	protein_coding	promoter	+	115824049	24049
chr11	115800000	115950000	-0.103274	ENSMUSG00000034427.17	Myo15b	protein_coding	promoter	+	115858406	58406
chr11	115800000	115950000	-0.103274	ENSMUSG00000020752.11	Recql5	protein_coding	promoter	-	115933477	16523
chr11	115800000	115950000	-0.103274	ENSMUSG00000048442.15	Smim5	protein_coding	promoter	+	115899966	50034
chr11	115800000	115950000	-0.103274	ENSMUSG00000075420.6	Smim6	protein_coding	promoter	+	115912017	37983
chr11	115800000	115950000	-0.103274	ENSMUSG00000087072.1	Recql5os1	antisense	promoter	+	115925027	24973
chr11	115800000	115950000	-0.103274	ENSMUSG00000020755.9	Sap30bp	protein_coding	promoter	+	115933282	16718
chr11	117150000	117300000	-0.1015806666666666	ENSMUSG00000059248.13	Septin9	protein_coding	promoter	+	117199661	49661
chr11	117150000	117300000	-0.1015806666666666	ENSMUSG00000086050.1	Gm16045	antisense	promoter	-	117263437	36563
chr11	117900000	118050000	-0.1031813333333333	ENSMUSG00000082562.1	Gm11726	processed_pseudogene	promoter	+	117921905	21905
chr11	117900000	118050000	-0.1031813333333333	ENSMUSG00000053113.3	Socs3	protein_coding	promoter	-	117970047	70047
chr11	117900000	118050000	-0.1031813333333333	ENSMUSG00000017715.11	Pgs1	protein_coding	promoter	+	117986292	63708
chr11	117900000	118050000	-0.1031813333333333	ENSMUSG00000098958.1	Mir6933	miRNA	promoter	+	118002270	47730
chr11	118650000	118800000	-0.1277998666666666	ENSMUSG00000085059.1	Gm11750	lincRNA	promoter	+	118791372	8628
chr12	112350000	112500000	-0.1153487	ENSMUSG00000103080.1	Gm38123	TEC	promoter	-	112350067	67
chr12	112350000	112500000	-0.1153487	ENSMUSG00000113120.1	E330035G20Rik	lincRNA	promoter	-	112405812	55812
chr12	112350000	112500000	-0.1153487	ENSMUSG00000047828.4	A730018C14Rik	processed_transcript	promoter	-	112423212	73212
chr12	112350000	112500000	-0.1153487	ENSMUSG00000113189.1	B020018J22Rik	lincRNA	promoter	-	112435338	64662
chr12	112350000	112500000	-0.1153487	ENSMUSG00000043122.7	A530016L24Rik	protein_coding	promoter	+	112489448	10552
chr13	54300000	54450000	-0.1074521666666666	ENSMUSG00000112941.1	Gm48623	lincRNA	promoter	+	54301959	1959
chr13	54300000	54450000	-0.1074521666666666	ENSMUSG00000113404.1	Gm48622	lincRNA	promoter	-	54327880	27880
chr13	54300000	54450000	-0.1074521666666666	ENSMUSG00000025867.8	Cplx2	protein_coding	promoter	+	54371349	71349
chr13	54300000	54450000	-0.1074521666666666	ENSMUSG00000086137.1	Gm16248	lincRNA	promoter	-	54399334	50666
chr13	54300000	54450000	-0.1074521666666666	ENSMUSG00000089341.1	Gm22668	misc_RNA	promoter	-	54429700	20300
chr14	25350000	25500000	-0.105145	ENSMUSG00000087535.2	Zmiz1os1	antisense	promoter	-	25461128	38872
chr14	25350000	25500000	-0.105145	ENSMUSG00000097601.2	Gm26660	lincRNA	promoter	-	25379609	29609
chr14	25350000	25500000	-0.105145	ENSMUSG00000114232.1	Gm17747	lincRNA	promoter	+	25441641	58359
chr14	25350000	25500000	-0.105145	ENSMUSG00000007817.15	Zmiz1	protein_coding	promoter	+	25459185	40815
chr14	25350000	25500000	-0.105145	ENSMUSG00000114709.1	Gm47920	sense_intronic	promoter	+	25459980	40020
chr14	25350000	25500000	-0.105145	ENSMUSG00000114539.1	Gm47921	sense_intronic	promoter	+	25480054	19946
chr15	85950000	86100000	-0.1001783333333333	ENSMUSG00000016028.11	Celsr1	protein_coding	promoter	-	86034203	65797
chr15	85950000	86100000	-0.1001783333333333	ENSMUSG00000035900.18	Gramd4	protein_coding	promoter	+	86057695	42305
chr15	85950000	86100000	-0.1001783333333333	ENSMUSG00000089680.1	Gm15722	antisense	promoter	-	86090060	9940
chr16	18450000	18600000	-0.1049428999999999	ENSMUSG00000116842.1	Gm49588	TEC	promoter	+	18482056	32056
chr16	18450000	18600000	-0.1049428999999999	ENSMUSG00000000884.17	Gnb1l	protein_coding	promoter	+	18498713	48713
chr16	18450000	18600000	-0.1049428999999999	ENSMUSG00000086965.1	Rtl10	protein_coding	promoter	+	18498901	48901
chr16	18450000	18600000	-0.1049428999999999	ENSMUSG00000009097.10	Tbx1	protein_coding	promoter	-	18590671	9329
chr16	18450000	18600000	-0.1049428999999999	ENSMUSG00000075335.3	4930588K23Rik	lincRNA	promoter	+	18591992	8008
chr16	35400000	35550000	-0.1094572666666666	ENSMUSG00000022844.8	Pdia5	protein_coding	promoter	-	35490873	59127
chr16	35400000	35550000	-0.1094572666666666	ENSMUSG00000095160.1	Gm25548	miRNA	promoter	-	35440363	40363
chr16	35400000	35550000	-0.1094572666666666	ENSMUSG00000099429.1	1600019K03Rik	lincRNA	promoter	-	35509419	40581
chr16	35400000	35550000	-0.1094572666666666	ENSMUSG00000052133.16	Sema5b	protein_coding	promoter	+	35541145	8855
chr17	25200000	25350000	-0.1084704333333333	ENSMUSG00000035521.13	Gnptg	protein_coding	promoter	-	25240124	40124
chr17	25200000	25350000	-0.1084704333333333	ENSMUSG00000015126.9	Tsr3	protein_coding	promoter	+	25240170	40170
chr17	25200000	25350000	-0.1084704333333333	ENSMUSG00000047507.12	Baiap3	protein_coding	promoter	-	25256364	56364
chr17	25200000	25350000	-0.1084704333333333	ENSMUSG00000093202.2	Mir3547	miRNA	promoter	-	25245638	45638
chr17	25200000	25350000	-0.1084704333333333	ENSMUSG00000015120.15	Ube2i	protein_coding	promoter	-	25274622	74622
chr17	25200000	25350000	-0.1084704333333333	ENSMUSG00000056399.2	Prss34	protein_coding	promoter	+	25298394	51606
chr17	25200000	25350000	-0.1084704333333333	ENSMUSG00000088930.1	Gm25921	snoRNA	promoter	+	25306112	43888
chr17	25200000	25350000	-0.1084704333333333	ENSMUSG00000024171.5	Prss28	protein_coding	promoter	+	25308646	41354
chr17	25200000	25350000	-0.1084704333333333	ENSMUSG00000034039.8	Prss29	protein_coding	promoter	+	25318654	31346
chr17	25200000	25350000	-0.1084704333333333	ENSMUSG00000098180.1	Gm5430	processed_pseudogene	promoter	-	25327526	22474
chr17	25200000	25350000	-0.1084704333333333	ENSMUSG00000117517.1	Gm50085	unprocessed_pseudogene	promoter	+	25330692	19308
chr17	25200000	25350000	-0.1084704333333333	ENSMUSG00000024173.11	Tpsab1	protein_coding	promoter	-	25345562	4438
chr17	25350000	25500000	-0.1026296666666667	ENSMUSG00000024173.11	Tpsab1	protein_coding	promoter	-	25345562	4438
chr17	25350000	25500000	-0.1026296666666667	ENSMUSG00000033825.10	Tpsb2	protein_coding	promoter	+	25366305	16305
chr17	25350000	25500000	-0.1026296666666667	ENSMUSG00000033200.16	Tpsg1	protein_coding	promoter	+	25369273	19273
chr17	25350000	25500000	-0.1026296666666667	ENSMUSG00000024112.16	Cacna1h	protein_coding	promoter	-	25433783	66217
chr17	25350000	25500000	-0.1026296666666667	ENSMUSG00000024175.2	Tekt4	protein_coding	promoter	+	25454615	45385
chr17	25350000	25500000	-0.1026296666666667	ENSMUSG00000050824.12	Sstr5	protein_coding	promoter	-	25497288	2712
chr17	27450000	27600000	-0.1013076666666666	ENSMUSG00000063239.17	Grm4	protein_coding	promoter	-	27521403	71403
chr17	27450000	27600000	-0.1013076666666666	ENSMUSG00000116568.1	Gm49790	TEC	promoter	-	27468889	18889
chr17	27450000	27600000	-0.1013076666666666	ENSMUSG00000082177.2	Gm16005	processed_pseudogene	promoter	+	27522573	72573
chr17	27450000	27600000	-0.1013076666666666	ENSMUSG00000082741.2	Gm9703	processed_pseudogene	promoter	+	27530067	69933
chr17	27450000	27600000	-0.1013076666666666	ENSMUSG00000116657.1	Gm49774	antisense	promoter	-	27556518	43482
chr17	27450000	27600000	-0.1013076666666666	ENSMUSG00000116548.1	Gm49773	TEC	promoter	+	27552972	47028
chr17	27450000	27600000	-0.1013076666666666	ENSMUSG00000046711.16	Hmga1	protein_coding	promoter	+	27556497	43503
chr17	27450000	27600000	-0.1013076666666666	ENSMUSG00000062753.14	AI413582	protein_coding	promoter	-	27565756	34244
chr17	27450000	27600000	-0.1013076666666666	ENSMUSG00000116884.1	C130040N14Rik	antisense	promoter	+	27565112	34888
chr17	31050000	31200000	-0.106033	ENSMUSG00000024030.7	Abcg1	protein_coding	promoter	+	31057675	7675
chr17	31050000	31200000	-0.106033	ENSMUSG00000089622.1	Gm25447	rRNA	promoter	+	31059604	9604
chr17	31050000	31200000	-0.106033	ENSMUSG00000024029.4	Tff3	protein_coding	promoter	-	31129646	70354
chr17	31050000	31200000	-0.106033	ENSMUSG00000024028.7	Tff2	protein_coding	promoter	-	31144282	55718
chr17	31050000	31200000	-0.106033	ENSMUSG00000086010.8	Gm15318	antisense	promoter	+	31152752	47248
chr17	31050000	31200000	-0.106033	ENSMUSG00000024032.7	Tff1	protein_coding	promoter	-	31165277	34723
chr17	31050000	31200000	-0.106033	ENSMUSG00000024034.13	Tmprss3	protein_coding	promoter	-	31198977	1023
chr17	47850000	48000000	-0.1029408666666666	ENSMUSG00000023991.16	Foxp4	protein_coding	promoter	-	47924645	74645
chr17	47850000	48000000	-0.1029408666666666	ENSMUSG00000085932.1	Gm15556	antisense	promoter	+	47922378	72378
chr17	47850000	48000000	-0.1029408666666666	ENSMUSG00000084288.1	Gm5228	processed_pseudogene	promoter	+	47936090	63910
chr17	55950000	56100000	-0.107325	ENSMUSG00000062101.12	Zfp119b	protein_coding	promoter	-	55949500	500
chr17	55950000	56100000	-0.107325	ENSMUSG00000003206.7	Ebi3	protein_coding	promoter	+	55952640	2640
chr17	55950000	56100000	-0.107325	ENSMUSG00000097077.1	Gm16712	antisense	promoter	-	55959381	9381
chr17	55950000	56100000	-0.107325	ENSMUSG00000003208.9	Yju2	protein_coding	promoter	+	55959099	9099
chr17	55950000	56100000	-0.107325	ENSMUSG00000039154.8	Shd	protein_coding	promoter	+	55970467	20467
chr17	55950000	56100000	-0.107325	ENSMUSG00000011589.9	Fsd1	protein_coding	promoter	+	55986509	36509
chr17	55950000	56100000	-0.107325	ENSMUSG00000038781.7	Stap2	protein_coding	promoter	-	56005584	55584
chr17	55950000	56100000	-0.107325	ENSMUSG00000003199.16	Mpnd	protein_coding	promoter	+	56005711	55711
chr17	55950000	56100000	-0.107325	ENSMUSG00000084755.1	Gm16276	processed_pseudogene	promoter	-	56014544	64544
chr17	55950000	56100000	-0.107325	ENSMUSG00000003200.10	Sh3gl1	protein_coding	promoter	-	56036635	63365
chr17	55950000	56100000	-0.107325	ENSMUSG00000002835.9	Chaf1a	protein_coding	promoter	+	56040439	59561
chr17	55950000	56100000	-0.107325	ENSMUSG00000019578.11	Ubxn6	protein_coding	promoter	-	56075028	24972
chr17	55950000	56100000	-0.107325	ENSMUSG00000002833.11	Hdgfl2	protein_coding	promoter	+	56079634	20366
chr17	56100000	56250000	-0.1026566666666665	ENSMUSG00000002831.14	Plin4	protein_coding	promoter	-	56109803	9803
chr17	56100000	56250000	-0.1026566666666665	ENSMUSG00000011305.11	Plin5	protein_coding	promoter	-	56117596	17596
chr17	56100000	56250000	-0.1026566666666665	ENSMUSG00000037095.8	Lrg1	protein_coding	promoter	-	56122001	22001
chr17	56100000	56250000	-0.1026566666666665	ENSMUSG00000001227.12	Sema6b	protein_coding	promoter	-	56140343	40343
chr17	56100000	56250000	-0.1026566666666665	ENSMUSG00000044469.8	Tnfaip8l1	protein_coding	promoter	+	56162477	62477
chr17	56100000	56250000	-0.1026566666666665	ENSMUSG00000106418.1	Gm44397	miRNA	promoter	-	56172125	72125
chr17	56100000	56250000	-0.1026566666666665	ENSMUSG00000019579.13	Mydgf	protein_coding	promoter	-	56183920	66080
chr17	56100000	56250000	-0.1026566666666665	ENSMUSG00000001229.9	Dpp9	protein_coding	promoter	-	56218905	31095
chr17	56100000	56250000	-0.1026566666666665	ENSMUSG00000117176.1	Gm49879	processed_pseudogene	promoter	+	56238909	11091
chr17	56100000	56250000	-0.1026566666666665	ENSMUSG00000117172.1	A230051N06Rik	lincRNA	promoter	+	56241716	8284
chr17	56100000	56250000	-0.1026566666666665	ENSMUSG00000065491.1	Mir7b	miRNA	promoter	+	56242988	7012
chr2	26250000	26400000	-0.1085946666666667	ENSMUSG00000048038.8	Ccdc187	protein_coding	promoter	-	26294557	44557
chr2	26250000	26400000	-0.1085946666666667	ENSMUSG00000026930.15	Gpsm1	protein_coding	promoter	+	26315515	65515
chr2	26250000	26400000	-0.1085946666666667	ENSMUSG00000075467.4	Dnlz	protein_coding	promoter	-	26352110	47890
chr2	26250000	26400000	-0.1085946666666667	ENSMUSG00000026928.14	Card9	protein_coding	promoter	-	26360918	39082
chr2	26250000	26400000	-0.1085946666666667	ENSMUSG00000086779.1	Gm13562	processed_transcript	promoter	+	26352645	47355
chr2	26250000	26400000	-0.1085946666666667	ENSMUSG00000036281.13	Snapc4	protein_coding	promoter	-	26380653	19347
chr2	26250000	26400000	-0.1085946666666667	ENSMUSG00000085767.1	Gm13563	antisense	promoter	+	26381526	18474
chr2	26250000	26400000	-0.1085946666666667	ENSMUSG00000026927.17	Entr1	protein_coding	promoter	-	26389316	10684
chr2	26250000	26400000	-0.1085946666666667	ENSMUSG00000026926.14	Pmpca	protein_coding	promoter	+	26389339	10661
chr2	91050000	91200000	-0.1164226333333333	ENSMUSG00000086495.7	Gm13778	processed_transcript	promoter	-	91053933	3933
chr2	91050000	91200000	-0.1164226333333333	ENSMUSG00000002102.15	Psmc3	protein_coding	promoter	+	91054009	4009
chr2	91050000	91200000	-0.1164226333333333	ENSMUSG00000002105.15	Slc39a13	protein_coding	promoter	-	91070417	20417
chr2	91050000	91200000	-0.1164226333333333	ENSMUSG00000002111.8	Spi1	protein_coding	promoter	+	91082390	32390
chr2	91050000	91200000	-0.1164226333333333	ENSMUSG00000002100.15	Mybpc3	protein_coding	promoter	+	91118144	68144
chr2	91050000	91200000	-0.1164226333333333	ENSMUSG00000040687.16	Madd	protein_coding	promoter	-	91183837	16163
chr2	91050000	91200000	-0.1164226333333333	ENSMUSG00000088018.1	Gm23390	snRNA	promoter	+	91200162	162
chr2	91050000	91200000	-0.1164226333333333	ENSMUSG00000002103.16	Acp2	protein_coding	promoter	+	91202885	2885
chr2	172800000	172950000	-0.1306077	ENSMUSG00000093160.1	Gm22773	miRNA	promoter	-	172864341	64341
chr2	172800000	172950000	-0.1306077	ENSMUSG00000008999.7	Bmp7	protein_coding	promoter	-	172940321	9679
chr2	173250000	173400000	-0.1227436	ENSMUSG00000038400.15	Pmepa1	protein_coding	promoter	-	173276533	26533
chr2	173250000	173400000	-0.1227436	ENSMUSG00000087600.1	Pmepa1os	antisense	promoter	+	173276698	26698
chr2	173250000	173400000	-0.1227436	ENSMUSG00000086114.1	Gm14642	lincRNA	promoter	+	173394566	5434
chr4	131400000	131550000	-0.1293977	ENSMUSG00000078531.3	Gm831	lincRNA	promoter	+	131487197	62803
chr4	140250000	140400000	-0.135116	ENSMUSG00000040972.8	Igsf21	protein_coding	promoter	-	140246784	3216
chr4	140250000	140400000	-0.135116	ENSMUSG00000103107.1	Gm9867	TEC	promoter	-	140323302	73302
chr4	140250000	140400000	-0.135116	ENSMUSG00000087084.1	Gm13016	lincRNA	promoter	+	140380630	19370
chr4	140250000	140400000	-0.135116	ENSMUSG00000086960.1	Gm13017	lincRNA	promoter	+	140391148	8852
chr4	140700000	140850000	-0.1094373333333333	ENSMUSG00000040945.13	Rcc2	protein_coding	promoter	+	140700541	541
chr4	140700000	140850000	-0.1094373333333333	ENSMUSG00000093071.1	Gm25951	miRNA	promoter	+	140717043	17043
chr4	140700000	140850000	-0.1094373333333333	ENSMUSG00000040935.12	Padi6	protein_coding	promoter	-	140742643	42643
chr4	140700000	140850000	-0.1094373333333333	ENSMUSG00000025330.6	Padi4	protein_coding	promoter	-	140774236	74236
chr4	140700000	140850000	-0.1094373333333333	ENSMUSG00000025328.9	Padi3	protein_coding	promoter	-	140810648	39352
chr4	140700000	140850000	-0.1094373333333333	ENSMUSG00000085918.1	Gm13032	processed_transcript	promoter	+	140810993	39007
chr4	140700000	140850000	-0.1094373333333333	ENSMUSG00000025329.3	Padi1	protein_coding	promoter	-	140845778	4222
chr4	142350000	142500000	-0.1031500666666666	ENSMUSG00000085816.1	Gm13052	lincRNA	promoter	-	142346475	3525
chr4	151350000	151500000	-0.1010769	ENSMUSG00000085593.1	4930589P08Rik	antisense	promoter	+	151376470	26470
chr4	152250000	152400000	-0.1019803333333333	ENSMUSG00000042804.13	Gpr153	protein_coding	promoter	+	152274232	24232
chr4	152250000	152400000	-0.1019803333333333	ENSMUSG00000028946.7	Hes3	protein_coding	promoter	-	152291662	41662
chr4	152250000	152400000	-0.1019803333333333	ENSMUSG00000039662.16	Icmt	protein_coding	promoter	+	152297227	47227
chr4	152250000	152400000	-0.1019803333333333	ENSMUSG00000058498.12	Rnf207	protein_coding	promoter	-	152318993	68993
chr4	152250000	152400000	-0.1019803333333333	ENSMUSG00000028936.15	Rpl22	protein_coding	promoter	+	152325742	74258
chr4	152250000	152400000	-0.1019803333333333	ENSMUSG00000005045.16	Chd5	protein_coding	promoter	+	152338651	61349
chr4	152250000	152400000	-0.1019803333333333	ENSMUSG00000085179.1	Gm13645	processed_transcript	promoter	-	152353641	46359
chr4	153150000	153300000	-0.1125806999999999	ENSMUSG00000085648.1	Gm13173	lincRNA	promoter	-	153146943	3057
chr4	153150000	153300000	-0.1125806999999999	ENSMUSG00000087454.1	Gm13174	lincRNA	promoter	+	153218176	68176
chr4	154200000	154350000	-0.112084	ENSMUSG00000081276.1	Gm13132	processed_pseudogene	promoter	+	154220541	20541
chr4	154200000	154350000	-0.112084	ENSMUSG00000029032.12	Arhgef16	protein_coding	promoter	-	154301676	48324
chr4	154200000	154350000	-0.112084	ENSMUSG00000097871.1	B230104I21Rik	lincRNA	promoter	+	154336127	13873
chr4	154950000	155100000	-0.101527	ENSMUSG00000092483.1	Gm20421	processed_transcript	promoter	-	154961678	11678
chr4	154950000	155100000	-0.101527	ENSMUSG00000048001.7	Hes5	protein_coding	promoter	+	154960923	10923
chr4	154950000	155100000	-0.101527	ENSMUSG00000029056.13	Pank4	protein_coding	promoter	+	154964123	14123
chr4	154950000	155100000	-0.101527	ENSMUSG00000029055.17	Plch2	protein_coding	promoter	-	155056784	43216
chr4	154950000	155100000	-0.101527	ENSMUSG00000073686.2	Gm10564	antisense	promoter	+	155042046	57954
chr4	154950000	155100000	-0.101527	ENSMUSG00000029047.13	Pex10	protein_coding	promoter	+	155067016	32984
chr4	154950000	155100000	-0.101527	ENSMUSG00000029048.3	Rer1	protein_coding	promoter	-	155086382	13618
chr4	154950000	155100000	-0.101527	ENSMUSG00000029049.14	Morn1	protein_coding	promoter	+	155086577	13423
chr5	36900000	37050000	-0.1026129999999999	ENSMUSG00000106934.1	Gm42506	TEC	promoter	+	36910114	10114
chr5	36900000	37050000	-0.1026129999999999	ENSMUSG00000039474.13	Wfs1	protein_coding	promoter	-	36989205	60795
chr5	36900000	37050000	-0.1026129999999999	ENSMUSG00000063646.18	Jakmip1	protein_coding	promoter	+	37028335	21665
chr5	36900000	37050000	-0.1026129999999999	ENSMUSG00000097686.1	Gm26647	antisense	promoter	-	37041646	8354
chr5	111900000	112050000	-0.1012480333333333	ENSMUSG00000106060.1	Gm42488	lincRNA	promoter	-	111944235	44235
chr5	116250000	116400000	-0.1113584666666666	ENSMUSG00000043913.14	Ccdc60	protein_coding	promoter	-	116288985	38985
chr5	116250000	116400000	-0.1113584666666666	ENSMUSG00000086055.1	Gm13837	antisense	promoter	+	116257661	7661
chr5	116250000	116400000	-0.1113584666666666	ENSMUSG00000087124.1	Gm13839	lincRNA	promoter	+	116301300	51300
chr5	116250000	116400000	-0.1113584666666666	ENSMUSG00000084921.1	Gm13838	lincRNA	promoter	-	116309360	59360
chr5	116250000	116400000	-0.1113584666666666	ENSMUSG00000086715.1	B230112J18Rik	lincRNA	promoter	+	116312360	62360
chr5	116250000	116400000	-0.1113584666666666	ENSMUSG00000106766.1	4933424N20Rik	TEC	promoter	-	116381635	18365
chr5	116250000	116400000	-0.1113584666666666	ENSMUSG00000086945.1	4930562A09Rik	lincRNA	promoter	-	116392800	7200
chr5	116700000	116850000	-0.1072853999999999	ENSMUSG00000106909.1	Gm43122	lincRNA	promoter	-	116830554	19446
chr5	116700000	116850000	-0.1072853999999999	ENSMUSG00000107237.1	Gm29926	lincRNA	promoter	+	116811231	38769
chr5	116700000	116850000	-0.1072853999999999	ENSMUSG00000041512.3	4930569F06Rik	TEC	promoter	+	116821454	28546
chr5	117750000	117900000	-0.1194074333333333	ENSMUSG00000029361.18	Nos1	protein_coding	promoter	+	117781032	31032
chr5	117750000	117900000	-0.1194074333333333	ENSMUSG00000104071.1	Gm37028	TEC	promoter	+	117872813	27187
chr5	117900000	118050000	-0.1007729333333333	ENSMUSG00000098072.1	Gm26995	antisense	promoter	-	117939518	39518
chr5	117900000	118050000	-0.1007729333333333	ENSMUSG00000088085.1	Gm25343	snRNA	promoter	-	117976560	73440
chr5	117900000	118050000	-0.1007729333333333	ENSMUSG00000032898.9	Fbxo21	protein_coding	promoter	+	117976730	73270
chr5	117900000	118050000	-0.1007729333333333	ENSMUSG00000107058.1	Gm42545	TEC	promoter	-	118027370	22630
chr5	117900000	118050000	-0.1007729333333333	ENSMUSG00000029359.13	Tesc	protein_coding	promoter	+	118027743	22257
chr5	118800000	118950000	-0.1011726699999999	ENSMUSG00000106708.1	Gm43782	lincRNA	promoter	-	118877465	72535
chr5	118800000	118950000	-0.1011726699999999	ENSMUSG00000106745.1	Gm43342	lincRNA	promoter	+	118928123	21877
chr5	118800000	118950000	-0.1011726699999999	ENSMUSG00000107144.1	4930413E15Rik	lincRNA	promoter	+	118952339	2339
chr5	119100000	119250000	-0.1036237666666666	ENSMUSG00000100573.1	1700081H04Rik	lincRNA	promoter	+	119108234	8234
chr5	119100000	119250000	-0.1036237666666666	ENSMUSG00000107334.1	Gm7538	lincRNA	promoter	-	119200018	49982
chr5	127200000	127350000	-0.1034430999999999	ENSMUSG00000104778.1	Gm43476	lincRNA	promoter	-	127201097	1097
chr5	127200000	127350000	-0.1034430999999999	ENSMUSG00000034324.16	Tmem132c	protein_coding	promoter	+	127241808	41808
chr5	127200000	127350000	-0.1034430999999999	ENSMUSG00000087104.7	Tmem132cos	antisense	promoter	-	127281634	68366
chr5	127200000	127350000	-0.1034430999999999	ENSMUSG00000104971.1	9430087B13Rik	TEC	promoter	+	127309017	40983
chr5	128850000	129000000	-0.1082800666666666	ENSMUSG00000029420.14	Rimbp2	protein_coding	promoter	-	128953486	46514
chr5	134700000	134850000	-0.100905	ENSMUSG00000029675.12	Eln	protein_coding	promoter	-	134747323	47323
chr5	134700000	134850000	-0.100905	ENSMUSG00000107318.1	Gm30003	antisense	promoter	+	134747042	47042
chr5	137400000	137550000	-0.1132132666666666	ENSMUSG00000079173.11	Zan	protein_coding	promoter	-	137477064	72936
chr5	137400000	137550000	-0.1132132666666666	ENSMUSG00000106476.1	Rpl36-ps9	processed_pseudogene	promoter	+	137432987	32987
chr5	137400000	137550000	-0.1132132666666666	ENSMUSG00000029711.13	Epo	protein_coding	promoter	-	137533242	16758
chr5	137400000	137550000	-0.1132132666666666	ENSMUSG00000029715.5	Pop7	protein_coding	promoter	-	137502518	47482
chr5	137400000	137550000	-0.1132132666666666	ENSMUSG00000105851.1	9130604C24Rik	lincRNA	promoter	+	137502673	47327
chr5	137400000	137550000	-0.1132132666666666	ENSMUSG00000106237.1	Gm8066	lincRNA	promoter	+	137510253	39747
chr5	137400000	137550000	-0.1132132666666666	ENSMUSG00000029714.11	Gigyf1	protein_coding	promoter	+	137518548	31452
chr5	137400000	137550000	-0.1132132666666666	ENSMUSG00000029713.15	Gnb2	protein_coding	promoter	-	137533510	16490
chr5	137400000	137550000	-0.1132132666666666	ENSMUSG00000098597.1	Mir6418	miRNA	promoter	-	137529594	20406
chr5	137400000	137550000	-0.1132132666666666	ENSMUSG00000090873.1	Gm17112	antisense	promoter	+	137532423	17577
chr5	137400000	137550000	-0.1132132666666666	ENSMUSG00000029712.14	Actl6b	protein_coding	promoter	+	137553517	3517
chr6	90450000	90600000	-0.1028886333333333	ENSMUSG00000107605.1	Gm44117	lincRNA	promoter	-	90461468	11468
chr6	90450000	90600000	-0.1028886333333333	ENSMUSG00000030087.11	Klf15	protein_coding	promoter	+	90462576	12576
chr6	90450000	90600000	-0.1028886333333333	ENSMUSG00000107451.1	Gm44421	lincRNA	promoter	+	90478466	28466
chr6	90450000	90600000	-0.1028886333333333	ENSMUSG00000108111.1	Gm45901	lincRNA	promoter	+	90486393	36393
chr6	90450000	90600000	-0.1028886333333333	ENSMUSG00000030088.15	Aldh1l1	protein_coding	promoter	+	90486427	36427
chr6	90450000	90600000	-0.1028886333333333	ENSMUSG00000108271.1	Gm44236	TEC	promoter	+	90513302	63302
chr6	90450000	90600000	-0.1028886333333333	ENSMUSG00000089781.2	Gm15756	antisense	promoter	-	90599948	52
chr6	90450000	90600000	-0.1028886333333333	ENSMUSG00000030089.15	Slc41a3	protein_coding	promoter	+	90604725	4725
chr7	16800000	16950000	-0.1032342333333333	ENSMUSG00000048920.8	Fkrp	protein_coding	promoter	-	16816732	16732
chr7	16800000	16950000	-0.1032342333333333	ENSMUSG00000030374.15	Strn4	protein_coding	promoter	+	16815889	15889
chr7	16800000	16950000	-0.1032342333333333	ENSMUSG00000041187.16	Prkd2	protein_coding	promoter	+	16842902	42902
chr7	16800000	16950000	-0.1032342333333333	ENSMUSG00000097842.2	9330104G04Rik	lincRNA	promoter	-	16874886	74886
chr7	16800000	16950000	-0.1032342333333333	ENSMUSG00000078794.4	Dact3	protein_coding	promoter	+	16875317	74683
chr7	16800000	16950000	-0.1032342333333333	ENSMUSG00000108671.1	2700080J24Rik	TEC	promoter	-	16891067	58933
chr7	16800000	16950000	-0.1032342333333333	ENSMUSG00000063594.5	Gng8	protein_coding	promoter	+	16891786	58214
chr7	16800000	16950000	-0.1032342333333333	ENSMUSG00000043017.9	Ptgir	protein_coding	promoter	+	16906490	43510
chr7	16800000	16950000	-0.1032342333333333	ENSMUSG00000019370.10	Calm3	protein_coding	promoter	-	16924114	25886
chr7	16800000	16950000	-0.1032342333333333	ENSMUSG00000070802.5	Pnmal2	protein_coding	promoter	+	16944682	5318
chr7	25200000	25350000	-0.1044813333333333	ENSMUSG00000054499.9	Dedd2	protein_coding	promoter	-	25220615	20615
chr7	25200000	25350000	-0.1044813333333333	ENSMUSG00000098325.1	Mir7048	miRNA	promoter	-	25217725	17725
chr7	25200000	25350000	-0.1044813333333333	ENSMUSG00000108523.1	4933430L12Rik	antisense	promoter	+	25219368	19368
chr7	25200000	25350000	-0.1044813333333333	ENSMUSG00000046541.9	Zfp526	protein_coding	promoter	+	25221425	21425
chr7	25200000	25350000	-0.1044813333333333	ENSMUSG00000057177.12	Gsk3a	protein_coding	promoter	-	25237851	37851
chr7	25200000	25350000	-0.1044813333333333	ENSMUSG00000090330.2	9130221H12Rik	antisense	promoter	+	25228687	28687
chr7	25200000	25350000	-0.1044813333333333	ENSMUSG00000040857.15	Erf	protein_coding	promoter	-	25250761	50761
chr7	25200000	25350000	-0.1044813333333333	ENSMUSG00000005442.13	Cic	protein_coding	promoter	+	25267704	67704
chr7	25200000	25350000	-0.1044813333333333	ENSMUSG00000005447.12	Pafah1b3	protein_coding	promoter	-	25297986	52014
chr7	25200000	25350000	-0.1044813333333333	ENSMUSG00000058741.4	Prr19	protein_coding	promoter	+	25301411	48589
chr7	25200000	25350000	-0.1044813333333333	ENSMUSG00000043843.17	Tmem145	protein_coding	promoter	+	25306106	43894
chr7	25200000	25350000	-0.1044813333333333	ENSMUSG00000045039.9	Megf8	protein_coding	promoter	+	25317164	32836
chr7	25650000	25800000	-0.1059716666666666	ENSMUSG00000060376.7	Bckdha	protein_coding	promoter	-	25658981	8981
chr7	25650000	25800000	-0.1059716666666666	ENSMUSG00000061286.7	Exosc5	protein_coding	promoter	+	25659164	9164
chr7	25650000	25800000	-0.1059716666666666	ENSMUSG00000061702.10	Tmem91	protein_coding	promoter	-	25675166	25166
chr7	25650000	25800000	-0.1059716666666666	ENSMUSG00000063439.7	B9d2	protein_coding	promoter	+	25680780	30780
chr7	25650000	25800000	-0.1059716666666666	ENSMUSG00000002603.15	Tgfb1	protein_coding	promoter	+	25687002	37002
chr7	25650000	25800000	-0.1059716666666666	ENSMUSG00000002608.8	Ccdc97	protein_coding	promoter	-	25719088	69088
chr7	25650000	25800000	-0.1059716666666666	ENSMUSG00000040725.13	Hnrnpul1	protein_coding	promoter	-	25754757	45243
chr7	25650000	25800000	-0.1059716666666666	ENSMUSG00000002602.16	Axl	protein_coding	promoter	-	25788705	11295
chr7	25650000	25800000	-0.1059716666666666	ENSMUSG00000108767.1	Gm29763	processed_pseudogene	promoter	-	25792843	7157
chr7	27150000	27300000	-0.1041573333333333	ENSMUSG00000108306.1	Gm44640	processed_pseudogene	promoter	-	27148636	1364
chr7	27150000	27300000	-0.1041573333333333	ENSMUSG00000078787.9	Cyp2t4	protein_coding	promoter	+	27153714	3714
chr7	27150000	27300000	-0.1041573333333333	ENSMUSG00000058709.11	Egln2	protein_coding	promoter	-	27166802	16802
chr7	27150000	27300000	-0.1041573333333333	ENSMUSG00000053291.15	Rab4b	protein_coding	promoter	-	27178896	28896
chr7	27150000	27300000	-0.1041573333333333	ENSMUSG00000095538.1	Gm21983	protein_coding	promoter	-	27181086	31086
chr7	27150000	27300000	-0.1041573333333333	ENSMUSG00000093348.1	Mir3101	miRNA	promoter	-	27176093	26093
chr7	27150000	27300000	-0.1041573333333333	ENSMUSG00000089661.9	Mia	protein_coding	promoter	-	27181157	31157
chr7	27150000	27300000	-0.1041573333333333	ENSMUSG00000061479.15	Snrpa	protein_coding	promoter	-	27196271	46271
chr7	27150000	27300000	-0.1041573333333333	ENSMUSG00000078786.9	BC024978	protein_coding	promoter	+	27195781	45781
chr7	27150000	27300000	-0.1041573333333333	ENSMUSG00000080533.1	Mir1191	miRNA	promoter	+	27205536	55536
chr7	27150000	27300000	-0.1041573333333333	ENSMUSG00000003752.9	Itpkc	protein_coding	promoter	-	27228661	71339
chr7	27150000	27300000	-0.1041573333333333	ENSMUSG00000003762.13	Coq8b	protein_coding	promoter	+	27233023	66977
chr7	27150000	27300000	-0.1041573333333333	ENSMUSG00000084974.1	Gm15567	antisense	promoter	-	27257932	42068
chr7	27150000	27300000	-0.1041573333333333	ENSMUSG00000108378.1	Gm44641	processed_transcript	promoter	+	27252176	47824
chr7	27150000	27300000	-0.1041573333333333	ENSMUSG00000063160.12	Numbl	protein_coding	promoter	+	27258433	41567
chr7	27150000	27300000	-0.1041573333333333	ENSMUSG00000083622.1	Gm15570	processed_pseudogene	promoter	-	27272392	27608
chr7	28500000	28650000	-0.1111299333333332	ENSMUSG00000109336.1	Samd4b	protein_coding	promoter	-	28598144	51856
chr7	28500000	28650000	-0.1111299333333332	ENSMUSG00000059128.3	Ifnl2	protein_coding	promoter	-	28510455	10455
chr7	28500000	28650000	-0.1111299333333332	ENSMUSG00000118574.1	AC136456.1	unprocessed_pseudogene	promoter	+	28517298	17298
chr7	28500000	28650000	-0.1111299333333332	ENSMUSG00000060747.3	Ifnl3	protein_coding	promoter	+	28522836	22836
chr7	28500000	28650000	-0.1111299333333332	ENSMUSG00000108925.1	Gm19880	processed_pseudogene	promoter	+	28534772	34772
chr7	28500000	28650000	-0.1111299333333332	ENSMUSG00000084174.3	Sycn	protein_coding	promoter	+	28540885	40885
chr7	28500000	28650000	-0.1111299333333332	ENSMUSG00000047586.4	Nccrp1	protein_coding	promoter	-	28547254	47254
chr7	28500000	28650000	-0.1111299333333332	ENSMUSG00000030602.13	Pak4	protein_coding	promoter	-	28598185	51815
chr7	28500000	28650000	-0.1111299333333332	ENSMUSG00000098558.1	Mir7049	miRNA	promoter	-	28560984	60984
chr7	28500000	28650000	-0.1111299333333332	ENSMUSG00000037469.11	Acp7	protein_coding	promoter	-	28631332	18668
chr7	28500000	28650000	-0.1111299333333332	ENSMUSG00000108905.1	Gm44618	lincRNA	promoter	+	28629248	20752
chr7	28500000	28650000	-0.1111299333333332	ENSMUSG00000108865.1	Gm44617	processed_transcript	promoter	+	28640443	9557
chr7	30750000	30900000	-0.1097784333333333	ENSMUSG00000046056.15	Sbsn	protein_coding	promoter	+	30751471	1471
chr7	30750000	30900000	-0.1097784333333333	ENSMUSG00000060962.12	Dmkn	protein_coding	promoter	+	30763756	13756
chr7	30750000	30900000	-0.1097784333333333	ENSMUSG00000074199.7	Krtdap	protein_coding	promoter	+	30787896	37896
chr7	30750000	30900000	-0.1097784333333333	ENSMUSG00000051314.11	Ffar2	protein_coding	promoter	-	30823775	73775
chr7	30750000	30900000	-0.1097784333333333	ENSMUSG00000019429.7	Ffar3	protein_coding	promoter	-	30856178	43822
chr7	30750000	30900000	-0.1097784333333333	ENSMUSG00000044453.5	Ffar1	protein_coding	promoter	-	30861564	38436
chr7	30750000	30900000	-0.1097784333333333	ENSMUSG00000030577.14	Cd22	protein_coding	promoter	-	30880342	19658
chr7	30750000	30900000	-0.1097784333333333	ENSMUSG00000101029.1	Gm29439	antisense	promoter	+	30872733	27267
chr7	30750000	30900000	-0.1097784333333333	ENSMUSG00000100029.1	D7Ertd128e	lincRNA	promoter	+	30885031	14969
chr7	38100000	38250000	-0.1057469333333333	ENSMUSG00000002068.16	Ccne1	protein_coding	promoter	-	38107534	7534
chr7	38100000	38250000	-0.1057469333333333	ENSMUSG00000089230.1	Gm22203	snRNA	promoter	-	38176671	73329
chr7	38100000	38250000	-0.1057469333333333	ENSMUSG00000108332.1	D530033B14Rik	antisense	promoter	-	38196457	53543
chr7	38100000	38250000	-0.1057469333333333	ENSMUSG00000054676.15	1600014C10Rik	protein_coding	promoter	+	38183217	66783
chr7	38100000	38250000	-0.1057469333333333	ENSMUSG00000074170.5	Plekhf1	protein_coding	promoter	-	38228016	21984
chr8	11400000	11550000	-0.1003513333333333	ENSMUSG00000084783.1	Gm15419	antisense	promoter	-	11417892	17892
chr8	11400000	11550000	-0.1003513333333333	ENSMUSG00000031504.6	Rab20	protein_coding	promoter	-	11478710	71290
chr8	11400000	11550000	-0.1003513333333333	ENSMUSG00000110245.1	Gm20100	TEC	promoter	-	11459742	59742
chr8	11400000	11550000	-0.1003513333333333	ENSMUSG00000096957.1	E230013L22Rik	bidirectional_promoter_lncRNA	promoter	+	11477929	72071
chr8	11400000	11550000	-0.1003513333333333	ENSMUSG00000031505.11	Naxd	protein_coding	promoter	+	11497506	52494
chr8	117300000	117450000	-0.1047803333333333	ENSMUSG00000099062.1	Mir7077	miRNA	promoter	+	117453023	3023
chr8	119700000	119850000	-0.1035579999999999	ENSMUSG00000034112.9	Atp2c2	protein_coding	promoter	+	119700009	9
chr8	119700000	119850000	-0.1035579999999999	ENSMUSG00000110445.1	Gm45747	TEC	promoter	+	119714454	14454
chr8	119700000	119850000	-0.1035579999999999	ENSMUSG00000034105.9	Meak7	protein_coding	promoter	-	119778416	71584
chr8	119700000	119850000	-0.1035579999999999	ENSMUSG00000031827.13	Cotl1	protein_coding	promoter	-	119840544	9456
chr8	120000000	120150000	-0.1061603333333333	ENSMUSG00000089776.1	Gm15684	antisense	promoter	-	120045287	45287
chr8	120000000	120150000	-0.1061603333333333	ENSMUSG00000031823.14	Zdhhc7	protein_coding	promoter	-	120101482	48518
chr8	120000000	120150000	-0.1061603333333333	ENSMUSG00000089742.1	Gm15898	antisense	promoter	+	120095060	54940
chr8	120000000	120150000	-0.1061603333333333	ENSMUSG00000097944.1	A130014A01Rik	bidirectional_promoter_lncRNA	promoter	+	120101582	48418
chr8	120000000	120150000	-0.1061603333333333	ENSMUSG00000102665.1	Gm38379	TEC	promoter	+	120109441	40559
chr8	120000000	120150000	-0.1061603333333333	ENSMUSG00000031824.15	6430548M08Rik	protein_coding	promoter	+	120114152	35848
chr8	120450000	120600000	-0.1057789999999999	ENSMUSG00000097983.1	Gm26971	sense_intronic	promoter	+	120520615	70615
chr8	120450000	120600000	-0.1057789999999999	ENSMUSG00000102737.1	1700016A09Rik	TEC	promoter	-	120537726	62274
chr8	120450000	120600000	-0.1057789999999999	ENSMUSG00000098280.1	Mir7687	miRNA	promoter	+	120538696	61304
chr8	120450000	120600000	-0.1057789999999999	ENSMUSG00000031821.11	Gins2	protein_coding	promoter	-	120589304	10696
chr8	120450000	120600000	-0.1057789999999999	ENSMUSG00000097773.1	Gm10614	bidirectional_promoter_lncRNA	promoter	+	120589531	10469
chr8	120450000	120600000	-0.1057789999999999	ENSMUSG00000110601.1	Gm45834	processed_pseudogene	promoter	-	120597563	2437
chr8	120450000	120600000	-0.1057789999999999	ENSMUSG00000097702.1	Gm26739	lincRNA	promoter	+	120598552	1448
chr8	121650000	121800000	-0.1052926666666666	ENSMUSG00000061410.6	Zcchc14	protein_coding	promoter	-	121652901	2901
chr8	121650000	121800000	-0.1052926666666666	ENSMUSG00000098221.1	Gm27030	lincRNA	promoter	+	121654054	4054
chr8	121650000	121800000	-0.1052926666666666	ENSMUSG00000064642.1	Gm23299	snoRNA	promoter	-	121666706	16706
chr8	121650000	121800000	-0.1052926666666666	ENSMUSG00000110673.1	Gm45833	lincRNA	promoter	-	121674088	24088
chr8	121650000	121800000	-0.1052926666666666	ENSMUSG00000025318.13	Jph3	protein_coding	promoter	+	121729623	70377
chr9	21900000	22050000	-0.1068096666666666	ENSMUSG00000019066.13	Rab3d	protein_coding	promoter	-	21918192	18192
chr9	21900000	22050000	-0.1068096666666666	ENSMUSG00000040883.18	Tmem205	protein_coding	promoter	-	21927556	27556
chr9	21900000	22050000	-0.1068096666666666	ENSMUSG00000006241.16	Ccdc159	protein_coding	promoter	+	21927471	27471
chr9	21900000	22050000	-0.1068096666666666	ENSMUSG00000040563.13	Plppr2	protein_coding	promoter	+	21937033	37033
chr9	21900000	22050000	-0.1068096666666666	ENSMUSG00000051238.6	Swsap1	protein_coding	promoter	+	21955755	55755
chr9	21900000	22050000	-0.1068096666666666	ENSMUSG00000006235.6	Epor	protein_coding	promoter	-	21963506	63506
chr9	21900000	22050000	-0.1068096666666666	ENSMUSG00000040146.9	Rgl3	protein_coding	promoter	-	21989446	60554
chr9	21900000	22050000	-0.1068096666666666	ENSMUSG00000039632.13	Ccdc151	protein_coding	promoter	-	22002634	47366
chr9	21900000	22050000	-0.1068096666666666	ENSMUSG00000003402.14	Prkcsh	protein_coding	promoter	+	22002806	47194
chr9	61500000	61650000	-0.1039364666666666	ENSMUSG00000111381.1	Gm34424	transcribed_processed_pseudogene	promoter	+	61509723	9723
chr9	106350000	106500000	-0.1001416666666666	ENSMUSG00000053716.9	Dusp7	protein_coding	promoter	+	106368632	18632
chr9	106350000	106500000	-0.1001416666666666	ENSMUSG00000048758.14	Rpl29	protein_coding	promoter	+	106429454	70546
chr9	106350000	106500000	-0.1001416666666666	ENSMUSG00000023262.13	Acy1	protein_coding	promoter	-	106438319	61681
chr9	106350000	106500000	-0.1001416666666666	ENSMUSG00000042210.17	Abhd14a	protein_coding	promoter	-	106447678	52322
chr9	106350000	106500000	-0.1001416666666666	ENSMUSG00000042073.15	Abhd14b	protein_coding	promoter	+	106447459	52541
chr9	106350000	106500000	-0.1001416666666666	ENSMUSG00000100039.1	Gm28959	antisense	promoter	-	106452918	47082
chr9	106350000	106500000	-0.1001416666666666	ENSMUSG00000023495.13	Pcbp4	protein_coding	promoter	+	106453291	46709
chr9	106350000	106500000	-0.1001416666666666	ENSMUSG00000091735.2	Gpr62	protein_coding	promoter	-	106465938	34062
chr9	106350000	106500000	-0.1001416666666666	ENSMUSG00000023249.15	Parp3	protein_coding	promoter	-	106476949	23051
chr9	106350000	106500000	-0.1001416666666666	ENSMUSG00000041506.15	Rrp9	protein_coding	promoter	+	106475963	24037
chr9	106350000	106500000	-0.1001416666666666	ENSMUSG00000066383.7	Iqcf1	protein_coding	promoter	+	106499967	33
