chrom	start	end	score_nsc	n_bins_nsc	coverage_nsc	score_neu	n_bins_neu	coverage_neu	ratio_change
chr1	34650000	34800000	0.12784166666666666	3	1.0	0.019001333333333332	3	1.0	-0.10884033333333333
chr1	35700000	35850000	0.09392873333333335	3	1.0	-0.01915823333333333	3	1.0	-0.11308696666666668
chr1	36450000	36600000	0.23821033333333336	3	1.0	0.13703	3	1.0	-0.10118033333333334
chr1	39150000	39300000	0.09326860000000001	3	1.0	-0.008966553333333334	3	1.0	-0.10223515333333334
chr1	39300000	39450000	0.14177766666666666	3	1.0	0.01827518666666667	3	1.0	-0.12350248
chr1	39600000	39750000	0.11446923333333335	3	1.0	0.008088266666666667	3	1.0	-0.10638096666666669
chr1	73950000	74100000	0.26461533333333337	3	1.0	0.07004503333333333	3	1.0	-0.19457030000000003
chr1	74850000	75000000	0.183009	3	1.0	0.07596056666666666	3	1.0	-0.10704843333333335
chr1	75450000	75600000	0.233497	3	1.0	0.09766183333333334	3	1.0	-0.13583516666666667
chr1	87450000	87600000	0.12604566666666667	3	1.0	0.01924471	3	1.0	-0.10680095666666667
chr1	89250000	89400000	0.108405	3	1.0	-0.02141387	3	1.0	-0.12981887
chr1	89400000	89550000	0.17132366666666668	3	1.0	0.066129	3	1.0	-0.10519466666666669
chr1	89550000	89700000	0.16836333333333336	3	1.0	0.061561633333333324	3	1.0	-0.10680170000000004
chr1	90300000	90450000	0.13002333333333332	3	1.0	0.028876013333333332	3	1.0	-0.10114731999999999
chr1	90450000	90600000	0.11492269999999999	3	1.0	-0.01478355666666667	3	1.0	-0.12970625666666666
chr1	90750000	90900000	0.14017433333333335	3	1.0	0.00998696	3	1.0	-0.13018737333333336
chr1	91350000	91500000	0.19474266666666668	3	1.0	0.07524743333333334	3	1.0	-0.11949523333333334
chr1	91650000	91800000	0.1307701666666667	3	1.0	0.021016993333333334	3	1.0	-0.10975317333333336
chr1	91800000	91950000	0.181025	3	1.0	0.06279126666666666	3	1.0	-0.11823373333333333
chr1	93000000	93150000	0.2065273333333333	3	1.0	0.06778177333333334	3	1.0	-0.13874556
chr1	93150000	93300000	0.22799033333333335	3	1.0	0.08797073333333334	3	1.0	-0.14001960000000002
chr1	118800000	118950000	0.17267633333333338	3	1.0	0.06675073333333333	3	1.0	-0.10592560000000005
chr1	118950000	119100000	0.18637233333333333	3	1.0	0.059425099999999995	3	1.0	-0.12694723333333335
chr1	119100000	119250000	0.14157033333333333	3	1.0	0.03359806666666667	3	1.0	-0.10797226666666665
chr1	119400000	119550000	0.2104803333333333	3	1.0	0.089459	3	1.0	-0.1210213333333333
chr1	131700000	131850000	0.15486736666666667	3	1.0	0.022800399999999995	3	1.0	-0.13206696666666667
chr1	132150000	132300000	0.17503733333333332	3	1.0	0.056455	3	1.0	-0.11858233333333332
chr1	132600000	132750000	0.17515433333333333	3	1.0	0.06851523333333333	3	1.0	-0.1066391
chr1	133200000	133350000	0.2041376666666667	3	1.0	0.07657473333333334	3	1.0	-0.12756293333333335
chr1	133350000	133500000	0.18821833333333332	3	1.0	0.08264923333333335	3	1.0	-0.10556909999999997
chr1	133800000	133950000	0.185243	3	1.0	0.05716606666666667	3	1.0	-0.1280769333333333
chr1	133950000	134100000	0.15755033333333332	3	1.0	0.05671243333333333	3	1.0	-0.10083789999999998
chr1	134100000	134250000	0.19390066666666667	3	1.0	0.0698904	3	1.0	-0.12401026666666666
chr1	135000000	135150000	0.20879066666666665	3	1.0	0.053000533333333336	3	1.0	-0.1557901333333333
chr1	135450000	135600000	0.18618633333333334	3	1.0	0.0694022	3	1.0	-0.11678413333333335
chr1	135600000	135750000	0.17690766666666666	3	1.0	0.055531333333333335	3	1.0	-0.12137633333333332
chr1	135750000	135900000	0.2394313333333333	3	1.0	0.07207726666666667	3	1.0	-0.16735406666666663
chr1	135900000	136050000	0.18114833333333333	3	1.0	0.07642546666666666	3	1.0	-0.10472286666666666
chr1	136050000	136200000	0.20725866666666667	3	1.0	0.09576406666666666	3	1.0	-0.11149460000000001
chr1	151800000	151950000	0.052482266666666666	3	1.0	-0.05814353333333332	3	1.0	-0.1106258
chr1	152400000	152550000	0.04514186666666666	3	1.0	-0.07399056666666667	3	1.0	-0.11913243333333334
chr1	153600000	153750000	0.11556020000000002	3	1.0	0.009652407666666666	3	1.0	-0.10590779233333335
chr1	154950000	155100000	0.150536	3	1.0	0.03877303333333333	3	1.0	-0.11176296666666667
chr1	155700000	155850000	0.17338546666666665	3	1.0	0.027794466666666667	3	1.0	-0.145591
chr1	165750000	165900000	0.11197016666666665	3	1.0	-0.0096715	3	1.0	-0.12164166666666665
chr1	178650000	178800000	0.05262683333333334	3	1.0	-0.05396426666666668	3	1.0	-0.10659110000000002
chr1	178800000	178950000	0.09456806666666666	3	1.0	-0.013846966666666667	3	1.0	-0.10841503333333333
chr1	180300000	180450000	0.1645031	3	1.0	0.045179000000000004	3	1.0	-0.11932410000000002
chr1	180450000	180600000	0.178679	3	1.0	0.0614635	3	1.0	-0.1172155
chr1	182550000	182700000	0.13510933333333333	3	1.0	0.017182066666666666	3	1.0	-0.11792726666666667
chr1	182850000	183000000	0.13848366666666667	3	1.0	0.012411816666666667	3	1.0	-0.12607185
chr1	187950000	188100000	0.0287011	3	1.0	-0.0823606	3	1.0	-0.11106170000000001
chr1	190200000	190350000	0.11327363333333335	3	1.0	-0.03798182666666666	3	1.0	-0.15125546
chr1	193200000	193350000	0.12274626666666666	3	1.0	-0.00644849	3	1.0	-0.12919475666666666
chr1	193350000	193500000	0.10653503333333333	3	1.0	-0.015285583666666668	3	1.0	-0.121820617
chr10	42150000	42300000	0.14574199999999998	3	1.0	0.04107185333333333	3	1.0	-0.10467014666666666
chr10	59850000	60000000	0.21174266666666666	3	1.0	0.09823643333333333	3	1.0	-0.11350623333333333
chr10	60150000	60300000	0.21159	3	1.0	0.09630326666666668	3	1.0	-0.11528673333333332
chr10	60300000	60450000	0.22683233333333333	3	1.0	0.087205	3	1.0	-0.13962733333333333
chr10	60450000	60600000	0.21725966666666668	3	1.0	0.08664936666666666	3	1.0	-0.1306103
chr10	60600000	60750000	0.23703066666666667	3	1.0	0.12755363333333333	3	1.0	-0.10947703333333333
chr10	60750000	60900000	0.24084799999999998	3	1.0	0.07555096666666666	3	1.0	-0.16529703333333332
chr10	60900000	61050000	0.19033766666666668	3	1.0	0.08097326666666667	3	1.0	-0.10936440000000001
chr10	61200000	61350000	0.23482433333333333	3	1.0	0.10313436666666666	3	1.0	-0.13168996666666666
chr10	61800000	61950000	0.20683133333333337	3	1.0	0.08818226666666666	3	1.0	-0.1186490666666667
chr10	61950000	62100000	0.21227666666666667	3	1.0	0.1060055	3	1.0	-0.10627116666666667
chr10	62100000	62250000	0.21970833333333334	3	1.0	0.08328766666666668	3	1.0	-0.13642066666666666
chr10	75600000	75750000	0.21924266666666667	3	1.0	0.08610066666666667	3	1.0	-0.13314199999999998
chr10	75750000	75900000	0.17848433333333336	3	1.0	0.050431	3	1.0	-0.12805333333333335
chr10	76650000	76800000	0.155706	3	1.0	0.045470033333333326	3	1.0	-0.11023596666666668
chr10	76950000	77100000	0.20123100000000002	3	1.0	0.09024593333333333	3	1.0	-0.11098506666666669
chr10	77250000	77400000	0.149549	3	1.0	0.0436566	3	1.0	-0.1058924
chr10	77850000	78000000	0.22847066666666666	3	1.0	0.12303066666666668	3	1.0	-0.10543999999999998
chr10	78000000	78150000	0.21812766666666666	3	1.0	0.11310933333333334	3	1.0	-0.10501833333333332
chr10	79950000	80100000	0.344819	3	1.0	0.20021133333333332	3	1.0	-0.14460766666666666
chr10	80100000	80250000	0.3093926666666667	3	1.0	0.16946733333333336	3	1.0	-0.13992533333333335
chr10	80250000	80400000	0.3767666666666667	3	1.0	0.23618766666666668	3	1.0	-0.140579
chr10	80550000	80700000	0.30760966666666667	3	1.0	0.20681933333333333	3	1.0	-0.10079033333333334
chr10	80850000	81000000	0.298169	3	1.0	0.18163666666666667	3	1.0	-0.11653233333333335
chr10	81300000	81450000	0.32667133333333337	3	1.0	0.18840466666666664	3	1.0	-0.13826666666666673
chr10	82950000	83100000	0.19120933333333334	3	1.0	0.06650573333333333	3	1.0	-0.12470360000000001
chr10	85350000	85500000	0.0991082	3	1.0	-0.027281126666666666	3	1.0	-0.12638932666666666
chr10	85500000	85650000	0.1348492	3	1.0	0.018572929999999998	3	1.0	-0.11627627
chr10	86850000	87000000	0.0826751	3	1.0	-0.04884323333333334	3	1.0	-0.13151833333333335
chr10	94350000	94500000	0.08998210000000001	3	1.0	-0.014790323333333332	3	1.0	-0.10477242333333334
chr10	127500000	127650000	0.29040733333333335	3	1.0	0.18572200000000003	3	1.0	-0.10468533333333332
chr11	4200000	4350000	0.19716783333333332	3	1.0	0.0963566	3	1.0	-0.10081123333333332
chr11	4650000	4800000	0.21145366666666665	3	1.0	0.1032213	3	1.0	-0.10823236666666665
chr11	5100000	5250000	0.22122533333333336	3	1.0	0.10886953333333334	3	1.0	-0.11235580000000002
chr11	5850000	6000000	0.24331933333333333	3	1.0	0.132481	3	1.0	-0.11083833333333334
chr11	6000000	6150000	0.171327	3	1.0	0.05485150000000001	3	1.0	-0.1164755
chr11	7050000	7200000	0.13655733333333334	3	1.0	0.010041556666666666	3	1.0	-0.12651577666666666
chr11	32100000	32250000	0.18026333333333333	3	1.0	0.06644916666666667	3	1.0	-0.11381416666666666
chr11	33000000	33150000	0.14973393333333332	3	1.0	0.04699179733333333	3	1.0	-0.10274213599999998
chr11	33600000	33750000	0.09676806666666667	3	1.0	-0.014695473666666667	3	1.0	-0.11146354033333333
chr11	33750000	33900000	0.09792966666666666	3	1.0	-0.011503636666666667	3	1.0	-0.10943330333333333
chr11	33900000	34050000	0.11993423333333335	3	1.0	-0.036535366666666666	3	1.0	-0.15646960000000001
chr11	35850000	36000000	0.14907933333333334	3	1.0	0.044162733333333336	3	1.0	-0.1049166
chr11	36000000	36150000	0.1397633	3	1.0	0.004502648000000002	3	1.0	-0.135260652
chr11	43500000	43650000	0.16628433333333334	3	1.0	0.053643199999999995	3	1.0	-0.11264113333333334
chr11	44700000	44850000	-0.01548146	3	1.0	-0.13494466666666668	3	1.0	-0.11946320666666668
chr11	50100000	50250000	0.19482200000000002	3	1.0	0.0791588	3	1.0	-0.11566320000000002
chr11	50550000	50700000	0.14685866666666667	3	1.0	0.03469016666666667	3	1.0	-0.1121685
chr11	51450000	51600000	0.21045966666666666	3	1.0	0.08987026666666666	3	1.0	-0.1205894
chr11	54900000	55050000	0.20835533333333334	3	1.0	0.08206656666666667	3	1.0	-0.12628876666666666
chr11	57150000	57300000	0.0835931	3	1.0	-0.016461103333333334	3	1.0	-0.10005420333333334
chr11	58950000	59100000	0.224592	3	1.0	0.11790576666666668	3	1.0	-0.10668623333333334
chr11	59250000	59400000	0.2110273333333333	3	1.0	0.10478623333333334	3	1.0	-0.10624109999999995
chr11	59850000	60000000	0.171801	3	1.0	0.05068642666666666	3	1.0	-0.12111457333333335
chr11	60150000	60300000	0.18788480000000002	3	1.0	0.08109946666666666	3	1.0	-0.10678533333333336
chr11	60900000	61050000	0.211228	3	1.0	0.10774653333333332	3	1.0	-0.10348146666666667
chr11	61350000	61500000	0.15456266666666668	3	1.0	0.036881000000000004	3	1.0	-0.11768166666666668
chr11	63000000	63150000	0.08905823333333333	3	1.0	-0.04630135133333333	3	1.0	-0.13535958466666667
chr11	63900000	64050000	0.11182210666666666	3	1.0	-0.010347633333333339	3	1.0	-0.12216974
chr11	67650000	67800000	0.09998486666666666	3	1.0	-0.0033903000000000036	3	1.0	-0.10337516666666666
chr11	68100000	68250000	0.143797	3	1.0	0.024221099999999995	3	1.0	-0.11957590000000001
chr11	68250000	68400000	0.15487533333333336	3	1.0	0.0320637	3	1.0	-0.12281163333333336
chr11	69450000	69600000	0.2036143333333333	3	1.0	0.09992133333333333	3	1.0	-0.10369299999999998
chr11	69750000	69900000	0.23244266666666663	3	1.0	0.11084966666666667	3	1.0	-0.12159299999999996
chr11	71850000	72000000	0.10594843333333334	3	1.0	-0.020494783333333332	3	1.0	-0.12644321666666666
chr11	72000000	72150000	0.18799433333333335	3	1.0	0.04584804666666667	3	1.0	-0.14214628666666668
chr11	72300000	72450000	0.164824	3	1.0	0.04616696666666666	3	1.0	-0.11865703333333333
chr11	72450000	72600000	0.202411	3	1.0	0.10015703333333333	3	1.0	-0.10225396666666668
chr11	72900000	73050000	0.194458	3	1.0	0.0941945	3	1.0	-0.10026349999999999
chr11	75750000	75900000	0.193638	3	1.0	0.07053241666666667	3	1.0	-0.12310558333333334
chr11	76350000	76500000	0.180501	3	1.0	0.0738084	3	1.0	-0.1066926
chr11	79650000	79800000	0.22082700000000002	3	1.0	0.1151974	3	1.0	-0.10562960000000002
chr11	81600000	81750000	0.06780823333333334	3	1.0	-0.05940362	3	1.0	-0.12721185333333335
chr11	81750000	81900000	0.05138383333333334	3	1.0	-0.06075579999999999	3	1.0	-0.11213963333333332
chr11	82200000	82350000	0.15434433333333333	3	1.0	0.030803133333333337	3	1.0	-0.12354119999999999
chr11	84600000	84750000	0.17109833333333332	3	1.0	0.06836559999999998	3	1.0	-0.10273273333333334
chr11	88200000	88350000	0.16061533333333336	3	1.0	0.0401807	3	1.0	-0.12043463333333336
chr11	94200000	94350000	0.1030756	3	1.0	-0.0014292313333333334	3	1.0	-0.10450483133333334
chr11	94350000	94500000	0.23333833333333334	3	1.0	0.108555	3	1.0	-0.12478333333333334
chr11	95550000	95700000	0.1976363333333333	3	1.0	0.09556953333333333	3	1.0	-0.10206679999999997
chr11	96900000	97050000	0.23387866666666668	3	1.0	0.11553839999999999	3	1.0	-0.1183402666666667
chr11	97050000	97200000	0.22394166666666668	3	1.0	0.1090979	3	1.0	-0.11484376666666668
chr11	98250000	98400000	0.2077781	3	1.0	0.1016944	3	1.0	-0.10608369999999999
chr11	98700000	98850000	0.23389033333333334	3	1.0	0.10852986666666667	3	1.0	-0.12536046666666667
chr11	98850000	99000000	0.227159	3	1.0	0.117138	3	1.0	-0.110021
chr11	102150000	102300000	0.225929	3	1.0	0.12449659999999999	3	1.0	-0.1014324
chr11	103050000	103200000	0.24620066666666665	3	1.0	0.13091823333333333	3	1.0	-0.11528243333333332
chr11	103200000	103350000	0.20937366666666668	3	1.0	0.08827106666666666	3	1.0	-0.12110260000000002
chr11	103650000	103800000	0.19452266666666668	3	1.0	0.07371296666666667	3	1.0	-0.1208097
chr11	107700000	107850000	0.21130733333333335	3	1.0	0.10717806666666667	3	1.0	-0.10412926666666668
chr11	108150000	108300000	0.10247393333333335	3	1.0	-0.02900844966666667	3	1.0	-0.131482383
chr11	112950000	113100000	0.17517133333333335	3	1.0	0.04341506333333334	3	1.0	-0.13175627
chr11	113100000	113250000	0.162973	3	1.0	0.042266733333333334	3	1.0	-0.12070626666666667
chr11	113250000	113400000	0.1692103333333333	3	1.0	0.06278176666666667	3	1.0	-0.10642856666666663
chr11	113400000	113550000	0.17797233333333334	3	1.0	0.064485	3	1.0	-0.11348733333333334
chr11	113850000	114000000	0.20546733333333334	3	1.0	0.0821515	3	1.0	-0.12331583333333333
chr11	114000000	114150000	0.1701472	3	1.0	0.06133556666666666	3	1.0	-0.10881163333333334
chr11	114150000	114300000	0.20029633333333333	3	1.0	0.05524523333333333	3	1.0	-0.1450511
chr11	114450000	114600000	0.18703466666666668	3	1.0	0.06483746666666668	3	1.0	-0.1221972
chr11	114750000	114900000	0.236255	3	1.0	0.09909583333333333	3	1.0	-0.13715916666666667
chr11	115200000	115350000	0.30193966666666666	3	1.0	0.14232899999999998	3	1.0	-0.15961066666666668
chr11	115800000	115950000	0.28176233333333334	3	1.0	0.14207376666666666	3	1.0	-0.13968856666666668
chr11	116100000	116250000	0.25465666666666664	3	1.0	0.1494219	3	1.0	-0.10523476666666665
chr11	116250000	116400000	0.23996066666666666	3	1.0	0.1320262	3	1.0	-0.10793446666666665
chr11	116400000	116550000	0.24374733333333332	3	1.0	0.13811566666666666	3	1.0	-0.10563166666666665
chr11	116850000	117000000	0.21802233333333332	3	1.0	0.11500286666666668	3	1.0	-0.10301946666666664
chr11	117150000	117300000	0.28081	3	1.0	0.13253683333333335	3	1.0	-0.14827316666666665
chr11	117300000	117450000	0.27862766666666666	3	1.0	0.13066266666666668	3	1.0	-0.14796499999999999
chr11	117450000	117600000	0.217144	3	1.0	0.09885053333333334	3	1.0	-0.11829346666666667
chr11	117900000	118050000	0.29746466666666666	3	1.0	0.15117133333333335	3	1.0	-0.1462933333333333
chr11	118200000	118350000	0.19872766666666666	3	1.0	0.09871143333333333	3	1.0	-0.10001623333333333
chr11	118500000	118650000	0.27045199999999997	3	1.0	0.1349449	3	1.0	-0.13550709999999996
chr11	118650000	118800000	0.24043566666666666	3	1.0	0.09110673333333333	3	1.0	-0.14932893333333333
chr11	118800000	118950000	0.211365	3	1.0	0.07348896666666667	3	1.0	-0.13787603333333331
chr11	118950000	119100000	0.27518333333333334	3	1.0	0.10816016666666668	3	1.0	-0.16702316666666667
chr11	119100000	119250000	0.27256933333333333	3	1.0	0.147206	3	1.0	-0.12536333333333333
chr11	119400000	119550000	0.24292066666666665	3	1.0	0.08543943333333333	3	1.0	-0.1574812333333333
chr11	119850000	120000000	0.28344733333333333	3	1.0	0.12419946666666666	3	1.0	-0.15924786666666668
chr11	120000000	120150000	0.301782	3	1.0	0.163899	3	1.0	-0.137883
chr11	120150000	120300000	0.29566166666666666	3	1.0	0.1382791	3	1.0	-0.15738256666666667
chr11	120600000	120750000	0.2731296666666667	3	1.0	0.14502433333333334	3	1.0	-0.12810533333333338
chr12	3750000	3900000	0.2094686666666667	3	1.0	0.10517193333333334	3	1.0	-0.10429673333333335
chr12	8400000	8550000	0.17928733333333333	3	1.0	0.06721773333333333	3	1.0	-0.11206959999999999
chr12	16650000	16800000	0.158953	3	1.0	0.02876566666666666	3	1.0	-0.13018733333333335
chr12	24600000	24750000	0.18369733333333332	3	1.0	0.0681608	3	1.0	-0.11553653333333333
chr12	25050000	25200000	0.15652833333333332	3	1.0	0.020502176666666667	3	1.0	-0.13602615666666665
chr12	25200000	25350000	0.10311103333333334	3	1.0	-0.0100742	3	1.0	-0.11318523333333334
chr12	25500000	25650000	0.012581433333333333	3	1.0	-0.10396383333333332	3	1.0	-0.11654526666666666
chr12	28800000	28950000	0.11184763333333334	3	1.0	0.0004929333333333352	3	1.0	-0.1113547
chr12	28950000	29100000	0.08115853333333335	3	1.0	-0.026620066666666668	3	1.0	-0.10777860000000002
chr12	29100000	29250000	0.10966206666666665	3	1.0	-0.021166919999999995	3	1.0	-0.13082898666666665
chr12	29850000	30000000	0.12722503333333332	3	1.0	-0.010733163333333332	3	1.0	-0.13795819666666664
chr12	33000000	33150000	0.12637183333333335	3	1.0	0.017298223333333335	3	1.0	-0.10907361000000002
chr12	73650000	73800000	0.08347756666666666	3	1.0	-0.01694261136666667	3	1.0	-0.10042017803333332
chr12	76500000	76650000	0.20007899999999998	3	1.0	0.09916509999999999	3	1.0	-0.10091389999999999
chr12	79800000	79950000	0.13112153333333332	3	1.0	0.0119952	3	1.0	-0.11912633333333332
chr12	79950000	80100000	0.1222729	3	1.0	0.013806016666666667	3	1.0	-0.10846688333333333
chr12	80100000	80250000	0.17873333333333333	3	1.0	0.06307506666666665	3	1.0	-0.11565826666666668
chr12	83100000	83250000	0.13922099999999998	3	1.0	0.017030433333333338	3	1.0	-0.12219056666666664
chr12	84750000	84900000	0.199716	3	1.0	0.0935197	3	1.0	-0.10619630000000001
chr12	85500000	85650000	0.18914533333333336	3	1.0	0.04118003333333333	3	1.0	-0.14796530000000002
chr12	86100000	86250000	0.167819	3	1.0	0.06599703333333333	3	1.0	-0.10182196666666667
chr12	86400000	86550000	0.185481	3	1.0	0.055765333333333326	3	1.0	-0.12971566666666667
chr12	86550000	86700000	0.13300713333333333	3	1.0	0.015301176666666668	3	1.0	-0.11770595666666667
chr12	86700000	86850000	0.205959	3	1.0	0.06342346666666666	3	1.0	-0.14253553333333335
chr12	86850000	87000000	0.20653233333333335	3	1.0	0.08840356666666667	3	1.0	-0.11812876666666668
chr12	87000000	87150000	0.18581566666666666	3	1.0	0.08253672	3	1.0	-0.10327894666666666
chr12	102150000	102300000	0.16387233333333334	3	1.0	0.0508585	3	1.0	-0.11301383333333334
chr12	103200000	103350000	0.188238	3	1.0	0.08364523333333333	3	1.0	-0.10459276666666666
chr12	104550000	104700000	0.18155366666666667	3	1.0	0.0769629	3	1.0	-0.10459076666666667
chr12	104850000	105000000	0.188009	3	1.0	0.07908473333333332	3	1.0	-0.10892426666666669
chr12	106050000	106200000	0.15260666666666667	3	1.0	0.050763633333333336	3	1.0	-0.10184303333333333
chr12	107850000	108000000	0.171159	3	1.0	0.06300610000000001	3	1.0	-0.1081529
chr12	108000000	108150000	0.1545062	3	1.0	0.047446466666666666	3	1.0	-0.10705973333333335
chr12	108150000	108300000	0.22963060000000002	3	1.0	0.1096655	3	1.0	-0.11996510000000002
chr12	108300000	108450000	0.22125899999999998	3	1.0	0.08237296666666666	3	1.0	-0.13888603333333333
chr12	111300000	111450000	0.24466799999999997	3	1.0	0.12986266666666665	3	1.0	-0.11480533333333331
chr12	111450000	111600000	0.16927966666666666	3	1.0	0.06482713333333333	3	1.0	-0.10445253333333333
chr12	112050000	112200000	0.2753353333333334	3	1.0	0.15004843333333334	3	1.0	-0.12528690000000003
chr12	112200000	112350000	0.24188633333333331	3	1.0	0.09041833333333334	3	1.0	-0.151468
chr12	112350000	112500000	0.22775	3	1.0	0.07133719103333334	3	1.0	-0.15641280896666665
chr12	112500000	112650000	0.26214133333333334	3	1.0	0.12466090000000002	3	1.0	-0.13748043333333332
chr12	112650000	112800000	0.27177533333333337	3	1.0	0.13762100000000002	3	1.0	-0.13415433333333335
chr12	112950000	113100000	0.21633566666666665	3	1.0	0.10509656666666667	3	1.0	-0.11123909999999998
chr12	117150000	117300000	0.099343	3	1.0	-0.0022774266666666667	3	1.0	-0.10162042666666667
chr13	37800000	37950000	0.09448953333333333	3	1.0	-0.0272441	3	1.0	-0.12173363333333334
chr13	46800000	46950000	0.12062206666666665	3	1.0	0.018372586	3	1.0	-0.10224948066666666
chr13	49050000	49200000	0.22379433333333335	3	1.0	0.10216213333333334	3	1.0	-0.12163220000000001
chr13	51750000	51900000	0.19106933333333334	3	1.0	0.061231	3	1.0	-0.12983833333333333
chr13	51900000	52050000	0.17852933333333335	3	1.0	0.07192259999999999	3	1.0	-0.10660673333333336
chr13	52050000	52200000	0.18320399999999998	3	1.0	0.0498529	3	1.0	-0.13335109999999997
chr13	53100000	53250000	0.1860493333333333	3	1.0	0.07046906666666668	3	1.0	-0.11558026666666661
chr13	54150000	54300000	0.15438033333333334	3	1.0	0.03905126666666667	3	1.0	-0.11532906666666667
chr13	54300000	54450000	0.216339	3	1.0	0.07977746666666666	3	1.0	-0.13656153333333335
chr13	54750000	54900000	0.20675700000000002	3	1.0	0.09513336666666668	3	1.0	-0.11162363333333335
chr13	54900000	55050000	0.24210333333333334	3	1.0	0.07816846666666667	3	1.0	-0.16393486666666668
chr13	55350000	55500000	0.2539293333333333	3	1.0	0.13693733333333333	3	1.0	-0.11699199999999996
chr13	55800000	55950000	0.2010573333333333	3	1.0	0.0687411	3	1.0	-0.1323162333333333
chr13	55950000	56100000	0.17302333333333333	3	1.0	0.061056200000000005	3	1.0	-0.11196713333333333
chr13	56250000	56400000	0.19726266666666667	3	1.0	0.03924419999999999	3	1.0	-0.1580184666666667
chr13	56400000	56550000	0.12910406666666668	3	1.0	-0.000252496666666666	3	1.0	-0.12935656333333334
chr13	56700000	56850000	0.1328983	3	1.0	0.0030219000000000005	3	1.0	-0.1298764
chr13	57450000	57600000	0.10363653333333334	3	1.0	0.002967380000000001	3	1.0	-0.10066915333333333
chr13	57750000	57900000	0.1057302	3	1.0	0.0035396000000000004	3	1.0	-0.10219059999999999
chr13	60300000	60450000	0.07128509999999999	3	1.0	-0.028869303333333332	3	1.0	-0.10015440333333332
chr13	73200000	73350000	0.11920556666666667	3	1.0	0.01847656333333333	3	1.0	-0.10072900333333333
chr13	94050000	94200000	0.11857033333333333	3	1.0	0.002013233333333333	3	1.0	-0.1165571
chr13	94500000	94650000	0.049110056666666665	3	1.0	-0.05556156666666667	3	1.0	-0.10467162333333334
chr13	95400000	95550000	0.0968317666666667	3	1.0	-0.015522066666666669	3	1.0	-0.11235383333333336
chr13	95700000	95850000	0.043683933333333334	3	1.0	-0.0754437	3	1.0	-0.11912763333333334
chr13	99300000	99450000	0.10514403333333333	3	1.0	-0.013060983333333333	3	1.0	-0.11820501666666666
chr14	23700000	23850000	0.08747313333333333	3	1.0	-0.05182005666666667	3	1.0	-0.13929319
chr14	24750000	24900000	0.12645886666666667	3	1.0	0.0073472999999999985	3	1.0	-0.11911156666666667
chr14	24900000	25050000	0.15478566666666665	3	1.0	0.021807233333333332	3	1.0	-0.1329784333333333
chr14	25050000	25200000	0.15321600000000002	3	1.0	0.004946206666666666	3	1.0	-0.14826979333333334
chr14	25200000	25350000	0.15838233333333335	3	1.0	0.04175902066666667	3	1.0	-0.11662331266666667
chr14	25350000	25500000	0.257708	3	1.0	0.10478516666666668	3	1.0	-0.1529228333333333
chr14	25500000	25650000	0.24340833333333334	3	1.0	0.12644	3	1.0	-0.11696833333333334
chr14	29250000	29400000	0.01834384	3	1.0	-0.09292753333333333	3	1.0	-0.11127137333333333
chr14	30450000	30600000	0.14568413333333333	3	1.0	0.03797949999999999	3	1.0	-0.10770463333333333
chr14	31200000	31350000	0.19614800000000002	3	1.0	0.08724710000000001	3	1.0	-0.10890090000000001
chr14	33750000	33900000	0.05721410000000001	3	1.0	-0.04678730000000001	3	1.0	-0.10400140000000002
chr14	34500000	34650000	0.12889506666666667	3	1.0	0.023738333333333327	3	1.0	-0.10515673333333334
chr14	55500000	55650000	0.22898966666666665	3	1.0	0.11250139999999999	3	1.0	-0.11648826666666666
chr14	63750000	63900000	0.14846813333333334	3	1.0	0.0071638956666666646	3	1.0	-0.14130423766666667
chr14	63900000	64050000	0.15300866666666665	3	1.0	0.04460985666666668	3	1.0	-0.10839880999999998
chr14	64050000	64200000	0.15854633333333332	3	1.0	0.04505423333333333	3	1.0	-0.11349209999999998
chr14	65850000	66000000	0.14087966666666665	3	1.0	0.025719939999999997	3	1.0	-0.11515972666666666
chr14	69900000	70050000	0.185579	3	1.0	0.06388163333333334	3	1.0	-0.12169736666666665
chr14	70050000	70200000	0.206385	3	1.0	0.0950594	3	1.0	-0.11132560000000001
chr14	70500000	70650000	0.25474900000000006	3	1.0	0.15105793333333334	3	1.0	-0.10369106666666672
chr14	76500000	76650000	0.09257413333333334	3	1.0	-0.027317566666666668	3	1.0	-0.1198917
chr14	76650000	76800000	0.08595710000000001	3	1.0	-0.024749256666666664	3	1.0	-0.11070635666666667
chr14	79650000	79800000	0.09148436666666666	3	1.0	-0.030607966666666663	3	1.0	-0.12209233333333333
chr14	121650000	121800000	0.11060520000000001	3	1.0	0.008834746666666667	3	1.0	-0.10177045333333334
chr15	12600000	12750000	0.13068926666666666	3	1.0	0.013338198333333334	3	1.0	-0.11735106833333334
chr15	27750000	27900000	0.14618420000000001	3	1.0	0.031173933333333334	3	1.0	-0.11501026666666668
chr15	34200000	34350000	0.08681503333333335	3	1.0	-0.016454410000000003	3	1.0	-0.10326944333333335
chr15	37650000	37800000	0.0792111	3	1.0	-0.027695433333333335	3	1.0	-0.10690653333333335
chr15	57600000	57750000	0.10491066666666665	3	1.0	-0.004759986666666667	3	1.0	-0.10967065333333331
chr15	58950000	59100000	0.178009	3	1.0	0.06535743333333333	3	1.0	-0.11265156666666667
chr15	59700000	59850000	0.11543733333333335	3	1.0	0.014601616666666666	3	1.0	-0.10083571666666669
chr15	66750000	66900000	0.0876566	3	1.0	-0.047161933333333336	3	1.0	-0.13481853333333332
chr15	72600000	72750000	0.12584343333333334	3	1.0	0.004559800000000002	3	1.0	-0.12128363333333333
chr15	73500000	73650000	0.21587800000000004	3	1.0	0.09593310000000001	3	1.0	-0.11994490000000003
chr15	73650000	73800000	0.2697293333333333	3	1.0	0.10553989999999999	3	1.0	-0.16418943333333333
chr15	73800000	73950000	0.215968	3	1.0	0.06426230000000001	3	1.0	-0.1517057
chr15	73950000	74100000	0.1892876666666667	3	1.0	0.042463516666666666	3	1.0	-0.14682415000000001
chr15	74100000	74250000	0.2076136666666667	3	1.0	0.023788703333333334	3	1.0	-0.18382496333333337
chr15	74400000	74550000	0.23565366666666668	3	1.0	0.08356853333333332	3	1.0	-0.15208513333333334
chr15	74550000	74700000	0.23856966666666665	3	1.0	0.10550053333333333	3	1.0	-0.1330691333333333
chr15	75600000	75750000	0.20954266666666665	3	1.0	0.06520163333333333	3	1.0	-0.1443410333333333
chr15	75750000	75900000	0.21822233333333335	3	1.0	0.09440236666666667	3	1.0	-0.12381996666666668
chr15	76050000	76200000	0.28203633333333333	3	1.0	0.18028366666666668	3	1.0	-0.10175266666666666
chr15	76200000	76350000	0.25898133333333334	3	1.0	0.151786	3	1.0	-0.10719533333333334
chr15	76350000	76500000	0.2603263333333333	3	1.0	0.15389333333333333	3	1.0	-0.106433
chr15	76950000	77100000	0.16446066666666664	3	1.0	0.06247566666666667	3	1.0	-0.10198499999999996
chr15	77700000	77850000	0.201402	3	1.0	0.06947933333333334	3	1.0	-0.13192266666666666
chr15	78000000	78150000	0.22782533333333335	3	1.0	0.08700106666666667	3	1.0	-0.1408242666666667
chr15	78150000	78300000	0.19971266666666668	3	1.0	0.0840954	3	1.0	-0.11561726666666668
chr15	78300000	78450000	0.20420066666666667	3	1.0	0.08080353333333334	3	1.0	-0.12339713333333333
chr15	78450000	78600000	0.26088933333333336	3	1.0	0.0854715	3	1.0	-0.17541783333333336
chr15	78600000	78750000	0.3031123333333334	3	1.0	0.10344333333333333	3	1.0	-0.19966900000000004
chr15	78750000	78900000	0.267455	3	1.0	0.13061633333333333	3	1.0	-0.13683866666666666
chr15	78900000	79050000	0.283821	3	1.0	0.16802233333333336	3	1.0	-0.11579866666666663
chr15	79200000	79350000	0.244675	3	1.0	0.141633	3	1.0	-0.103042
chr15	79650000	79800000	0.22752833333333333	3	1.0	0.12566366666666667	3	1.0	-0.10186466666666666
chr15	80100000	80250000	0.239932	3	1.0	0.13769566666666666	3	1.0	-0.10223633333333335
chr15	80400000	80550000	0.14406333333333332	3	1.0	0.025880923333333333	3	1.0	-0.11818240999999999
chr15	80550000	80700000	0.142393	3	1.0	0.017602999999999997	3	1.0	-0.12479
chr15	82200000	82350000	0.23592566666666664	3	1.0	0.08743799999999999	3	1.0	-0.14848766666666666
chr15	82950000	83100000	0.23734	3	1.0	0.12861166666666668	3	1.0	-0.10872833333333332
chr15	83850000	84000000	0.21130966666666665	3	1.0	0.07740147666666665	3	1.0	-0.13390818999999998
chr15	84000000	84150000	0.20453966666666668	3	1.0	0.10028836666666666	3	1.0	-0.10425130000000002
chr15	84150000	84300000	0.2374236666666667	3	1.0	0.1012854	3	1.0	-0.1361382666666667
chr15	84300000	84450000	0.2600093333333333	3	1.0	0.09839959999999999	3	1.0	-0.16160973333333334
chr15	84450000	84600000	0.2076626666666667	3	1.0	0.053708666666666675	3	1.0	-0.153954
chr15	84600000	84750000	0.24208666666666667	3	1.0	0.12867136666666668	3	1.0	-0.1134153
chr15	84750000	84900000	0.22938066666666665	3	1.0	0.1073515	3	1.0	-0.12202916666666665
chr15	84900000	85050000	0.21185	3	1.0	0.09296113333333332	3	1.0	-0.11888886666666669
chr15	85200000	85350000	0.20167700000000002	3	1.0	0.08569349999999999	3	1.0	-0.11598350000000003
chr15	85500000	85650000	0.25189066666666665	3	1.0	0.13283543333333334	3	1.0	-0.11905523333333332
chr15	85650000	85800000	0.20522200000000002	3	1.0	0.05821067333333334	3	1.0	-0.14701132666666666
chr15	85800000	85950000	0.24905700000000003	3	1.0	0.11117353333333332	3	1.0	-0.1378834666666667
chr15	85950000	86100000	0.24826933333333334	3	1.0	0.13090566666666667	3	1.0	-0.11736366666666667
chr15	86250000	86400000	0.13562319999999997	3	1.0	0.015021666666666666	3	1.0	-0.1206015333333333
chr15	86400000	86550000	0.18359733333333333	3	1.0	0.07236943333333334	3	1.0	-0.11122789999999999
chr15	86550000	86700000	0.13748909999999998	3	1.0	0.026188833333333328	3	1.0	-0.11130026666666665
chr15	86850000	87000000	0.12522566666666665	3	1.0	0.022809666666666666	3	1.0	-0.10241599999999998
chr15	88050000	88200000	0.12443666666666667	3	1.0	0.014738406666666667	3	1.0	-0.10969826
chr15	97800000	97950000	0.21756200000000003	3	1.0	0.10301819999999999	3	1.0	-0.11454380000000004
chr15	99450000	99600000	0.210655	3	1.0	0.1067615	3	1.0	-0.10389350000000001
chr15	100950000	101100000	0.19702033333333335	3	1.0	0.06443726666666667	3	1.0	-0.1325830666666667
chr15	101100000	101250000	0.22028933333333334	3	1.0	0.10664703333333334	3	1.0	-0.1136423
chr15	101250000	101400000	0.21082099999999998	3	1.0	0.10977939999999997	3	1.0	-0.10104160000000001
chr15	101850000	102000000	0.21281466666666668	3	1.0	0.033960199999999996	3	1.0	-0.17885446666666668
chr15	102150000	102300000	0.220141	3	1.0	0.1148485	3	1.0	-0.1052925
chr15	102900000	103050000	0.12420166666666667	3	1.0	0.0227122	3	1.0	-0.10148946666666667
chr15	103050000	103200000	0.14971333333333334	3	1.0	0.030178409999999996	3	1.0	-0.11953492333333335
chr16	4950000	5100000	0.15011666666666665	3	1.0	0.0371148	3	1.0	-0.11300186666666664
chr16	5100000	5250000	0.24056933333333333	3	1.0	0.12108100000000001	3	1.0	-0.11948833333333332
chr16	5700000	5850000	0.08374713333333333	3	1.0	-0.025725166666666664	3	1.0	-0.1094723
chr16	10650000	10800000	0.21604933333333334	3	1.0	0.07758166666666666	3	1.0	-0.13846766666666668
chr16	10800000	10950000	0.23073733333333332	3	1.0	0.08748043333333333	3	1.0	-0.1432569
chr16	11700000	11850000	0.17842133333333335	3	1.0	0.05231256666666667	3	1.0	-0.12610876666666668
chr16	17700000	17850000	0.14649526666666668	3	1.0	0.041407023333333334	3	1.0	-0.10508824333333334
chr16	18150000	18300000	0.21390336666666668	3	1.0	0.10450796666666667	3	1.0	-0.1093954
chr16	18450000	18600000	0.22757366666666665	3	1.0	0.11994863333333332	3	1.0	-0.10762503333333333
chr16	22500000	22650000	0.11612863333333333	3	1.0	0.012431943333333332	3	1.0	-0.10369669
chr16	29700000	29850000	0.10450066666666666	3	1.0	-0.006422941000000001	3	1.0	-0.11092360766666666
chr16	30000000	30150000	0.15209566666666666	3	1.0	0.020407653333333334	3	1.0	-0.13168801333333333
chr16	30150000	30300000	0.19006533333333336	3	1.0	0.05601019999999999	3	1.0	-0.13405513333333338
chr16	30600000	30750000	0.136817	3	1.0	0.0346519	3	1.0	-0.1021651
chr16	30750000	30900000	0.12554313333333333	3	1.0	0.02520632	3	1.0	-0.10033681333333333
chr16	30900000	31050000	0.14605366666666666	3	1.0	0.04297923333333333	3	1.0	-0.10307443333333333
chr16	34950000	35100000	0.08113636666666665	3	1.0	-0.023142833333333335	3	1.0	-0.10427919999999999
chr16	35400000	35550000	0.209024	3	1.0	0.05715193333333333	3	1.0	-0.15187206666666667
chr16	92100000	92250000	0.135832	3	1.0	0.03295363333333334	3	1.0	-0.10287836666666667
chr16	92550000	92700000	0.146937	3	1.0	0.03652113333333333	3	1.0	-0.11041586666666668
chr16	92700000	92850000	0.123275	3	1.0	0.006053886666666667	3	1.0	-0.11722111333333333
chr16	94950000	95100000	0.08535343333333334	3	1.0	-0.02005233	3	1.0	-0.10540576333333335
chr16	97650000	97800000	0.12153733333333333	3	1.0	0.018827523333333335	3	1.0	-0.10270981
chr17	5850000	6000000	0.153445	3	1.0	0.0303011	3	1.0	-0.1231439
chr17	12150000	12300000	0.154151	3	1.0	0.048070100000000004	3	1.0	-0.1060809
chr17	12600000	12750000	0.15521566666666667	3	1.0	0.05435123333333334	3	1.0	-0.10086443333333334
chr17	14250000	14400000	0.12790066666666666	3	1.0	-0.006534417333333333	3	1.0	-0.13443508399999998
chr17	25050000	25200000	0.23529099999999997	3	1.0	0.12601743333333332	3	1.0	-0.10927356666666665
chr17	25200000	25350000	0.24448299999999998	3	1.0	0.1405826666666667	3	1.0	-0.10390033333333329
chr17	25350000	25500000	0.3039516666666667	3	1.0	0.12517833333333334	3	1.0	-0.17877333333333334
chr17	25500000	25650000	0.2761036666666667	3	1.0	0.11593933333333334	3	1.0	-0.16016433333333335
chr17	25650000	25800000	0.27244833333333335	3	1.0	0.13825033333333334	3	1.0	-0.134198
chr17	26400000	26550000	0.21261633333333335	3	1.0	0.1003993	3	1.0	-0.11221703333333335
chr17	26850000	27000000	0.201169	3	1.0	0.09812426666666668	3	1.0	-0.1030447333333333
chr17	27300000	27450000	0.262463	3	1.0	0.140263	3	1.0	-0.1222
chr17	27450000	27600000	0.31614966666666666	3	1.0	0.17490166666666665	3	1.0	-0.141248
chr17	27900000	28050000	0.232228	3	1.0	0.0867697	3	1.0	-0.14545829999999998
chr17	29100000	29250000	0.274524	3	1.0	0.16384633333333332	3	1.0	-0.11067766666666667
chr17	29250000	29400000	0.24862400000000004	3	1.0	0.11880063333333334	3	1.0	-0.12982336666666672
chr17	29700000	29850000	0.22699900000000003	3	1.0	0.1182861	3	1.0	-0.10871290000000003
chr17	29850000	30000000	0.21982233333333331	3	1.0	0.07796919999999999	3	1.0	-0.14185313333333333
chr17	30300000	30450000	0.0560687	3	1.0	-0.06106496666666667	3	1.0	-0.11713366666666666
chr17	30750000	30900000	0.13366	3	1.0	0.030678313666666665	3	1.0	-0.10298168633333334
chr17	30900000	31050000	0.18093033333333333	3	1.0	0.052356900000000005	3	1.0	-0.12857343333333332
chr17	31050000	31200000	0.24252533333333334	3	1.0	0.07437313333333333	3	1.0	-0.16815220000000003
chr17	31650000	31800000	0.20510733333333334	3	1.0	0.07901036666666666	3	1.0	-0.12609696666666667
chr17	31800000	31950000	0.21468433333333334	3	1.0	0.09897779999999999	3	1.0	-0.11570653333333335
chr17	32100000	32250000	0.1663631	3	1.0	0.04918276666666666	3	1.0	-0.11718033333333336
chr17	34200000	34350000	0.10426393333333335	3	1.0	-0.004985390000000004	3	1.0	-0.10924932333333336
chr17	34500000	34650000	0.197805	3	1.0	0.06051034466666667	3	1.0	-0.13729465533333335
chr17	45150000	45300000	0.142043	3	1.0	0.03124873333333334	3	1.0	-0.11079426666666667
chr17	45450000	45600000	0.21283033333333332	3	1.0	0.10828443333333333	3	1.0	-0.10454589999999998
chr17	45600000	45750000	0.23180033333333336	3	1.0	0.12643493333333333	3	1.0	-0.10536540000000003
chr17	45750000	45900000	0.23200166666666666	3	1.0	0.09010326666666667	3	1.0	-0.14189839999999998
chr17	45900000	46050000	0.23252366666666668	3	1.0	0.1146012	3	1.0	-0.11792246666666668
chr17	47400000	47550000	0.23528600000000002	3	1.0	0.11987300000000001	3	1.0	-0.11541300000000002
chr17	56100000	56250000	0.29672599999999993	3	1.0	0.17873099999999997	3	1.0	-0.11799499999999996
chr17	56250000	56400000	0.2871876666666667	3	1.0	0.1724126666666667	3	1.0	-0.11477499999999999
chr17	56700000	56850000	0.24800899999999998	3	1.0	0.14199833333333334	3	1.0	-0.10601066666666664
chr17	71850000	72000000	0.09187286666666666	3	1.0	-0.011370913333333331	3	1.0	-0.10324378
chr17	83100000	83250000	0.13873433333333335	3	1.0	0.012194003333333333	3	1.0	-0.12654033
chr17	84000000	84150000	0.20020466666666664	3	1.0	0.08777413333333332	3	1.0	-0.11243053333333332
chr17	84150000	84300000	0.15414253333333333	3	1.0	0.041387976666666666	3	1.0	-0.11275455666666667
chr17	85800000	85950000	0.12635213333333334	3	1.0	0.005154416666666667	3	1.0	-0.12119771666666668
chr17	87150000	87300000	0.15633266666666668	3	1.0	0.04988683333333333	3	1.0	-0.10644583333333335
chr17	87300000	87450000	0.19479166666666667	3	1.0	0.08272043333333333	3	1.0	-0.11207123333333334
chr18	35850000	36000000	0.22996333333333333	3	1.0	0.08730496666666666	3	1.0	-0.14265836666666665
chr18	36000000	36150000	0.187774	3	1.0	0.06831973333333333	3	1.0	-0.11945426666666667
chr18	37950000	38100000	0.19205266666666668	3	1.0	0.08107616666666666	3	1.0	-0.11097650000000002
chr18	38850000	39000000	0.11625806666666666	3	1.0	0.0030102833333333335	3	1.0	-0.11324778333333332
chr18	60600000	60750000	0.21661133333333335	3	1.0	0.11456853333333335	3	1.0	-0.1020428
chr18	75300000	75450000	0.21432733333333331	3	1.0	0.09979829999999999	3	1.0	-0.11452903333333332
chr18	75450000	75600000	0.202749	3	1.0	0.0993938	3	1.0	-0.10335520000000001
chr18	75600000	75750000	0.2168456666666667	3	1.0	0.04850809333333333	3	1.0	-0.16833757333333335
chr18	75900000	76050000	0.14645419999999998	3	1.0	0.032542800000000004	3	1.0	-0.11391139999999997
chr18	76050000	76200000	0.16437533333333332	3	1.0	0.04275363333333333	3	1.0	-0.12162169999999999
chr18	78000000	78150000	0.139534	3	1.0	0.02292603333333334	3	1.0	-0.11660796666666665
chr18	80250000	80400000	0.18217866666666668	3	1.0	0.07648986666666667	3	1.0	-0.10568880000000001
chr18	80550000	80700000	0.20500266666666667	3	1.0	0.05581844	3	1.0	-0.14918422666666667
chr18	80700000	80850000	0.07260695666666667	3	1.0	-0.040955033333333335	3	1.0	-0.11356199
chr18	81000000	81150000	0.13169516666666667	3	1.0	0.009683800000000001	3	1.0	-0.12201136666666666
chr18	83400000	83550000	0.0572672	3	1.0	-0.04739396666666667	3	1.0	-0.10466116666666667
chr18	83850000	84000000	0.037623590000000005	3	1.0	-0.06286616666666667	3	1.0	-0.10048975666666668
chr19	3300000	3450000	0.22759200000000002	3	1.0	0.11852900000000001	3	1.0	-0.10906300000000001
chr19	4050000	4200000	0.25025	3	1.0	0.13737433333333335	3	1.0	-0.11287566666666662
chr19	5550000	5700000	0.28395200000000004	3	1.0	0.17098299999999997	3	1.0	-0.11296900000000007
chr19	6300000	6450000	0.24961533333333336	3	1.0	0.13505093333333332	3	1.0	-0.11456440000000004
chr19	6450000	6600000	0.2673196666666667	3	1.0	0.13693833333333333	3	1.0	-0.13038133333333335
chr19	6900000	7050000	0.2811613333333333	3	1.0	0.17226233333333332	3	1.0	-0.108899
chr19	7050000	7200000	0.30183533333333334	3	1.0	0.11096013333333331	3	1.0	-0.19087520000000002
chr19	10200000	10350000	0.24419266666666664	3	1.0	0.11261476666666667	3	1.0	-0.13157789999999997
chr19	10650000	10800000	0.17189566666666667	3	1.0	0.07088623333333334	3	1.0	-0.10100943333333333
chr19	10800000	10950000	0.18423433333333333	3	1.0	0.07619953	3	1.0	-0.10803480333333333
chr19	40950000	41100000	0.13265323333333334	3	1.0	0.017612973333333334	3	1.0	-0.11504026
chr19	41550000	41700000	0.16698276666666667	3	1.0	0.058406333333333324	3	1.0	-0.10857643333333335
chr19	42150000	42300000	0.183625	3	1.0	0.07270816666666667	3	1.0	-0.11091683333333334
chr19	42300000	42450000	0.16529133333333332	3	1.0	0.015742663333333337	3	1.0	-0.14954867
chr19	42600000	42750000	0.18714566666666665	3	1.0	0.0618485	3	1.0	-0.12529716666666665
chr19	42750000	42900000	0.07030763333333336	3	1.0	-0.030326666666666665	3	1.0	-0.10063430000000002
chr19	44550000	44700000	0.161292	3	1.0	0.034179499999999995	3	1.0	-0.1271125
chr19	44700000	44850000	0.19131333333333334	3	1.0	0.0793447	3	1.0	-0.11196863333333333
chr19	47100000	47250000	0.20067966666666667	3	1.0	0.09685206666666668	3	1.0	-0.10382759999999999
chr19	47250000	47400000	0.23117533333333334	3	1.0	0.12357473333333333	3	1.0	-0.10760060000000002
chr19	47400000	47550000	0.21050299999999997	3	1.0	0.07575096666666667	3	1.0	-0.1347520333333333
chr19	55050000	55200000	0.11874259999999999	3	1.0	0.017438113333333335	3	1.0	-0.10130448666666665
chr19	55950000	56100000	0.11233656666666667	3	1.0	0.0010726666666666673	3	1.0	-0.1112639
chr19	56100000	56250000	0.1101433	3	1.0	-0.0018967000000000007	3	1.0	-0.11204
chr19	56850000	57000000	0.18733966666666665	3	1.0	0.0606978	3	1.0	-0.12664186666666666
chr2	4950000	5100000	0.11255136666666665	3	1.0	0.00970524	3	1.0	-0.10284612666666665
chr2	25050000	25200000	0.217	3	1.0	0.09284663333333333	3	1.0	-0.12415336666666667
chr2	25200000	25350000	0.2622386666666667	3	1.0	0.13415466666666667	3	1.0	-0.128084
chr2	25350000	25500000	0.29936633333333335	3	1.0	0.18633733333333333	3	1.0	-0.11302900000000002
chr2	25500000	25650000	0.251595	3	1.0	0.12955133333333335	3	1.0	-0.12204366666666666
chr2	25650000	25800000	0.1704096666666667	3	1.0	0.03912078666666667	3	1.0	-0.13128888000000005
chr2	25800000	25950000	0.2525913333333334	3	1.0	0.09557293333333333	3	1.0	-0.15701840000000006
chr2	25950000	26100000	0.18991866666666665	3	1.0	0.08637186666666669	3	1.0	-0.10354679999999997
chr2	26100000	26250000	0.22597199999999998	3	1.0	0.11229333333333333	3	1.0	-0.11367866666666665
chr2	26250000	26400000	0.27273600000000003	3	1.0	0.13618233333333332	3	1.0	-0.1365536666666667
chr2	26400000	26550000	0.25133533333333336	3	1.0	0.09498473333333332	3	1.0	-0.15635060000000003
chr2	27000000	27150000	0.23166966666666663	3	1.0	0.09694493333333334	3	1.0	-0.1347247333333333
chr2	27150000	27300000	0.2259103333333333	3	1.0	0.12537570000000003	3	1.0	-0.10053463333333326
chr2	27300000	27450000	0.250888	3	1.0	0.10786273333333334	3	1.0	-0.14302526666666665
chr2	27600000	27750000	0.23862333333333333	3	1.0	0.12631849999999997	3	1.0	-0.11230483333333335
chr2	27750000	27900000	0.25094066666666665	3	1.0	0.07230833333333334	3	1.0	-0.1786323333333333
chr2	27900000	28050000	0.22585833333333333	3	1.0	0.09637806666666668	3	1.0	-0.12948026666666665
chr2	28050000	28200000	0.1883986666666667	3	1.0	0.07293123333333333	3	1.0	-0.11546743333333336
chr2	28200000	28350000	0.23068366666666668	3	1.0	0.08599483333333333	3	1.0	-0.14468883333333335
chr2	28800000	28950000	0.1597535	3	1.0	0.0265583	3	1.0	-0.13319519999999999
chr2	29250000	29400000	0.15781033333333336	3	1.0	0.011145096666666668	3	1.0	-0.1466652366666667
chr2	29400000	29550000	0.19640933333333335	3	1.0	0.06023585666666667	3	1.0	-0.13617347666666668
chr2	29550000	29700000	0.186688	3	1.0	0.06230783333333334	3	1.0	-0.12438016666666665
chr2	30450000	30600000	0.26207633333333336	3	1.0	0.12142159999999999	3	1.0	-0.14065473333333336
chr2	30600000	30750000	0.2546023333333334	3	1.0	0.12342320000000002	3	1.0	-0.13117913333333336
chr2	30750000	30900000	0.258772	3	1.0	0.1123113	3	1.0	-0.1464607
chr2	31200000	31350000	0.263776	3	1.0	0.13222933333333334	3	1.0	-0.13154666666666667
chr2	31350000	31500000	0.2797763333333333	3	1.0	0.14211100000000002	3	1.0	-0.13766533333333328
chr2	31800000	31950000	0.290588	3	1.0	0.14101366666666665	3	1.0	-0.14957433333333336
chr2	32700000	32850000	0.266258	3	1.0	0.1632613333333333	3	1.0	-0.10299666666666668
chr2	33150000	33300000	0.20023199999999997	3	1.0	0.07369082333333334	3	1.0	-0.12654117666666664
chr2	33450000	33600000	0.20835566666666666	3	1.0	0.08134996666666668	3	1.0	-0.1270057
chr2	33600000	33750000	0.23038	3	1.0	0.10134826666666667	3	1.0	-0.12903173333333334
chr2	33750000	33900000	0.15184466666666668	3	1.0	0.03512093333333333	3	1.0	-0.11672373333333336
chr2	34050000	34200000	0.1511554	3	1.0	0.04466381666666667	3	1.0	-0.10649158333333333
chr2	35400000	35550000	0.1684	3	1.0	0.06286086666666667	3	1.0	-0.10553913333333333
chr2	35550000	35700000	0.26606033333333334	3	1.0	0.0769861	3	1.0	-0.18907423333333334
chr2	35700000	35850000	0.1688288	3	1.0	0.030902103333333337	3	1.0	-0.13792669666666665
chr2	38400000	38550000	0.16399133333333332	3	1.0	0.06314716666666666	3	1.0	-0.10084416666666667
chr2	38550000	38700000	0.10864456666666668	3	1.0	0.006765300000000006	3	1.0	-0.10187926666666668
chr2	59700000	59850000	0.1270353	3	1.0	0.010672033333333332	3	1.0	-0.11636326666666666
chr2	91050000	91200000	0.2173236666666667	3	1.0	0.1140787	3	1.0	-0.10324496666666669
chr2	92550000	92700000	0.18933933333333333	3	1.0	0.02484336	3	1.0	-0.16449597333333332
chr2	92700000	92850000	0.15042000000000003	3	1.0	0.0322433	3	1.0	-0.11817670000000002
chr2	92850000	93000000	0.16740166666666667	3	1.0	0.038824833333333336	3	1.0	-0.12857683333333333
chr2	93150000	93300000	0.2500583333333333	3	1.0	0.09421673333333332	3	1.0	-0.15584160000000002
chr2	93300000	93450000	0.19985466666666668	3	1.0	0.08554386666666668	3	1.0	-0.1143108
chr2	93450000	93600000	0.20331266666666667	3	1.0	0.07590459999999999	3	1.0	-0.12740806666666668
chr2	94200000	94350000	0.07600833333333333	3	1.0	-0.0371842	3	1.0	-0.11319253333333333
chr2	103350000	103500000	0.07924	3	1.0	-0.022709833333333335	3	1.0	-0.10194983333333334
chr2	118650000	118800000	0.22525799999999999	3	1.0	0.1018715	3	1.0	-0.12338649999999998
chr2	120000000	120150000	0.18727333333333335	3	1.0	0.07165843333333334	3	1.0	-0.1156149
chr2	122250000	122400000	0.17653233333333332	3	1.0	0.043940233333333335	3	1.0	-0.1325921
chr2	127350000	127500000	0.22025299999999998	3	1.0	0.10955163333333333	3	1.0	-0.11070136666666665
chr2	127500000	127650000	0.1557248333333333	3	1.0	0.027776066666666665	3	1.0	-0.12794876666666666
chr2	128100000	128250000	0.09185866666666666	3	1.0	-0.018143365666666664	3	1.0	-0.11000203233333332
chr2	128400000	128550000	0.12103846666666666	3	1.0	0.021024166666666667	3	1.0	-0.1000143
chr2	151800000	151950000	0.21529500000000001	3	1.0	0.08865793999999999	3	1.0	-0.12663706000000002
chr2	153000000	153150000	0.19950433333333334	3	1.0	0.08533693333333334	3	1.0	-0.1141674
chr2	153450000	153600000	0.270504	3	1.0	0.11929366666666666	3	1.0	-0.15121033333333336
chr2	156600000	156750000	0.24899033333333334	3	1.0	0.1260941	3	1.0	-0.12289623333333335
chr2	156750000	156900000	0.17314266666666664	3	1.0	0.06898253333333335	3	1.0	-0.1041601333333333
chr2	157350000	157500000	0.23220766666666667	3	1.0	0.09886106666666666	3	1.0	-0.1333466
chr2	157800000	157950000	0.215199	3	1.0	0.08309133333333334	3	1.0	-0.13210766666666668
chr2	158100000	158250000	0.24551833333333334	3	1.0	0.10704799999999999	3	1.0	-0.13847033333333336
chr2	158550000	158700000	0.184775	3	1.0	0.07833806666666668	3	1.0	-0.10643693333333332
chr2	160350000	160500000	0.11886233333333332	3	1.0	0.009968203333333333	3	1.0	-0.10889412999999999
chr2	163200000	163350000	0.2195743333333333	3	1.0	0.03836905	3	1.0	-0.1812052833333333
chr2	163650000	163800000	0.16867600000000002	3	1.0	0.04769796666666666	3	1.0	-0.12097803333333336
chr2	163800000	163950000	0.20686466666666667	3	1.0	0.08501813333333333	3	1.0	-0.12184653333333334
chr2	164850000	165000000	0.24678666666666665	3	1.0	0.11609400000000002	3	1.0	-0.13069266666666662
chr2	165000000	165150000	0.20456466666666664	3	1.0	0.07132646666666666	3	1.0	-0.13323819999999997
chr2	165150000	165300000	0.274797	3	1.0	0.133067	3	1.0	-0.14173000000000002
chr2	165600000	165750000	0.19745233333333334	3	1.0	0.062464233333333334	3	1.0	-0.1349881
chr2	165750000	165900000	0.23641600000000002	3	1.0	0.12946263333333333	3	1.0	-0.10695336666666669
chr2	166050000	166200000	0.24898400000000004	3	1.0	0.08654166666666667	3	1.0	-0.16244233333333336
chr2	166200000	166350000	0.20325933333333332	3	1.0	0.04363636666666667	3	1.0	-0.15962296666666664
chr2	166350000	166500000	0.21115733333333334	3	1.0	0.05981813333333333	3	1.0	-0.1513392
chr2	166500000	166650000	0.23913	3	1.0	0.10091863333333334	3	1.0	-0.13821136666666667
chr2	166650000	166800000	0.233953	3	1.0	0.10226526666666665	3	1.0	-0.13168773333333333
chr2	167100000	167250000	0.260874	3	1.0	0.10110006666666665	3	1.0	-0.15977393333333334
chr2	167700000	167850000	0.2856666666666667	3	1.0	0.14534533333333333	3	1.0	-0.14032133333333335
chr2	168450000	168600000	0.2566913333333333	3	1.0	0.10115986666666668	3	1.0	-0.15553146666666665
chr2	173250000	173400000	0.23070933333333335	3	1.0	0.11406436666666665	3	1.0	-0.1166449666666667
chr2	178200000	178350000	0.13625126666666668	3	1.0	0.03495480000000001	3	1.0	-0.10129646666666667
chr2	178500000	178650000	0.15343533333333334	3	1.0	0.01765319333333333	3	1.0	-0.13578214
chr2	178650000	178800000	0.131874	3	1.0	0.006033943333333334	3	1.0	-0.12584005666666664
chr2	179100000	179250000	0.14481409999999997	3	1.0	0.04274613333333333	3	1.0	-0.10206796666666665
chr2	179250000	179400000	0.15439166666666668	3	1.0	0.03396763333333334	3	1.0	-0.12042403333333335
chr2	179700000	179850000	0.19064966666666663	3	1.0	0.07703746666666667	3	1.0	-0.11361219999999997
chr2	179850000	180000000	0.1893046666666667	3	1.0	0.0770676	3	1.0	-0.1122370666666667
chr2	180000000	180150000	0.224054	3	1.0	0.1145225	3	1.0	-0.1095315
chr2	180150000	180300000	0.286961	3	1.0	0.14410233333333333	3	1.0	-0.1428586666666667
chr2	180300000	180450000	0.241171	3	1.0	0.09342506666666665	3	1.0	-0.14774593333333336
chr2	180750000	180900000	0.19472133333333333	3	1.0	0.09229536666666667	3	1.0	-0.10242596666666666
chr2	180900000	181050000	0.16743633333333333	3	1.0	0.058261099999999996	3	1.0	-0.10917523333333333
chr2	181050000	181200000	0.15459966666666666	3	1.0	0.05014863333333333	3	1.0	-0.10445103333333333
chr3	84300000	84450000	0.1344288	3	1.0	0.027645366666666667	3	1.0	-0.10678343333333332
chr3	87900000	88050000	0.23460366666666668	3	1.0	0.07321706666666666	3	1.0	-0.16138660000000002
chr3	88050000	88200000	0.20291133333333333	3	1.0	0.09118143333333334	3	1.0	-0.1117299
chr3	88200000	88350000	0.21167733333333333	3	1.0	0.086829448	3	1.0	-0.12484788533333332
chr3	89250000	89400000	0.2664436666666667	3	1.0	0.15537	3	1.0	-0.11107366666666668
chr3	89550000	89700000	0.17325166666666664	3	1.0	0.04051573333333334	3	1.0	-0.1327359333333333
chr3	97950000	98100000	0.09170763333333333	3	1.0	-0.01749484	3	1.0	-0.10920247333333333
chr3	101250000	101400000	0.11609366666666666	3	1.0	0.0037693333333333324	3	1.0	-0.11232433333333333
chr3	101400000	101550000	0.19341766666666668	3	1.0	0.07081023333333333	3	1.0	-0.12260743333333335
chr3	101550000	101700000	0.12648066666666666	3	1.0	-0.003185833333333334	3	1.0	-0.1296665
chr3	102150000	102300000	0.10263026666666666	3	1.0	-0.005909600000000002	3	1.0	-0.10853986666666667
chr3	103500000	103650000	0.15252466666666667	3	1.0	0.051785533333333335	3	1.0	-0.10073913333333334
chr3	104250000	104400000	0.03406046666666667	3	1.0	-0.07439983333333335	3	1.0	-0.10846030000000001
chr3	105450000	105600000	0.12627063333333335	3	1.0	0.016214096666666664	3	1.0	-0.11005653666666669
chr3	107100000	107250000	0.11971403333333333	3	1.0	-0.0012400333333333325	3	1.0	-0.12095406666666667
chr3	107550000	107700000	0.1234493	3	1.0	0.023195566666666667	3	1.0	-0.10025373333333333
chr3	107700000	107850000	0.09770243333333334	3	1.0	-0.019514066666666663	3	1.0	-0.1172165
chr3	107850000	108000000	0.14456566666666665	3	1.0	0.018392239999999997	3	1.0	-0.12617342666666664
chr3	122400000	122550000	0.13137450000000003	3	1.0	0.02060813333333333	3	1.0	-0.1107663666666667
chr4	43500000	43650000	0.18497633333333333	3	1.0	0.08437246666666667	3	1.0	-0.10060386666666665
chr4	44400000	44550000	0.17102333333333333	3	1.0	0.0607585	3	1.0	-0.11026483333333334
chr4	44550000	44700000	0.184524	3	1.0	0.07679733333333334	3	1.0	-0.10772666666666665
chr4	45450000	45600000	0.17248216666666666	3	1.0	0.06346196666666666	3	1.0	-0.1090202
chr4	45750000	45900000	0.18724233333333332	3	1.0	0.06214053333333333	3	1.0	-0.12510179999999999
chr4	46650000	46800000	0.20495366666666665	3	1.0	0.06948866666666666	3	1.0	-0.135465
chr4	46800000	46950000	0.19666866666666663	3	1.0	0.09505343333333333	3	1.0	-0.1016152333333333
chr4	62700000	62850000	0.1515175666666667	3	1.0	0.014343306666666668	3	1.0	-0.13717426000000002
chr4	63150000	63300000	0.208229	3	1.0	0.08622176666666666	3	1.0	-0.12200723333333334
chr4	63300000	63450000	0.22024799999999997	3	1.0	0.09045673333333333	3	1.0	-0.12979126666666663
chr4	104700000	104850000	0.07839036666666667	3	1.0	-0.06210733333333335	3	1.0	-0.1404977
chr4	105900000	106050000	0.05705536666666667	3	1.0	-0.04414036666666667	3	1.0	-0.10119573333333334
chr4	106050000	106200000	0.08076813333333333	3	1.0	-0.03956863333333333	3	1.0	-0.12033676666666665
chr4	106500000	106650000	0.17727066666666666	3	1.0	0.0739957	3	1.0	-0.10327496666666666
chr4	107400000	107550000	0.177862	3	1.0	0.07691966666666668	3	1.0	-0.10094233333333331
chr4	107550000	107700000	0.2198786666666667	3	1.0	0.09353346666666668	3	1.0	-0.12634520000000002
chr4	107700000	107850000	0.20819700000000002	3	1.0	0.10256863333333333	3	1.0	-0.1056283666666667
chr4	115800000	115950000	0.154857	3	1.0	0.051948933333333336	3	1.0	-0.10290806666666666
chr4	117600000	117750000	0.15150733333333333	3	1.0	0.05040902	3	1.0	-0.10109831333333333
chr4	120000000	120150000	0.231225	3	1.0	0.0868234	3	1.0	-0.14440160000000002
chr4	120150000	120300000	0.225714	3	1.0	0.07177246666666667	3	1.0	-0.15394153333333332
chr4	124200000	124350000	0.11580436666666666	3	1.0	0.005808759999999999	3	1.0	-0.10999560666666666
chr4	125250000	125400000	0.178614	3	1.0	0.061713899999999995	3	1.0	-0.1169001
chr4	125400000	125550000	0.185011	3	1.0	0.06873019333333334	3	1.0	-0.11628080666666667
chr4	125850000	126000000	0.21385866666666667	3	1.0	0.058211990000000005	3	1.0	-0.15564667666666665
chr4	127200000	127350000	0.17086666666666667	3	1.0	0.07056096666666667	3	1.0	-0.1003057
chr4	128250000	128400000	0.15247	3	1.0	0.035878566666666674	3	1.0	-0.11659143333333333
chr4	128400000	128550000	0.14583336666666666	3	1.0	0.018449983333333333	3	1.0	-0.12738338333333332
chr4	128700000	128850000	0.19259566666666667	3	1.0	0.09032133333333334	3	1.0	-0.10227433333333333
chr4	129000000	129150000	0.18167200000000003	3	1.0	0.07832843333333334	3	1.0	-0.10334356666666669
chr4	129900000	130050000	0.2361986666666667	3	1.0	0.13128399999999998	3	1.0	-0.10491466666666671
chr4	130050000	130200000	0.259602	3	1.0	0.13671033333333332	3	1.0	-0.12289166666666668
chr4	130800000	130950000	0.25478	3	1.0	0.13637773333333333	3	1.0	-0.11840226666666667
chr4	130950000	131100000	0.2051736666666667	3	1.0	0.07329603333333334	3	1.0	-0.13187763333333336
chr4	131250000	131400000	0.17204339999999999	3	1.0	0.012992983333333335	3	1.0	-0.15905041666666664
chr4	131400000	131550000	0.19349266666666667	3	1.0	0.058078033333333334	3	1.0	-0.13541463333333334
chr4	131700000	131850000	0.205355	3	1.0	0.07231953333333334	3	1.0	-0.13303546666666666
chr4	133200000	133350000	0.24705799999999997	3	1.0	0.13005099999999997	3	1.0	-0.117007
chr4	133350000	133500000	0.222775	3	1.0	0.12001366666666669	3	1.0	-0.10276133333333332
chr4	134400000	134550000	0.20245266666666664	3	1.0	0.1006846	3	1.0	-0.10176806666666664
chr4	134550000	134700000	0.23369333333333334	3	1.0	0.1037306	3	1.0	-0.12996273333333333
chr4	134700000	134850000	0.20998216666666666	3	1.0	0.09586494999999999	3	1.0	-0.11411721666666667
chr4	135000000	135150000	0.25605199999999995	3	1.0	0.10772603333333333	3	1.0	-0.14832596666666661
chr4	136650000	136800000	0.2462756666666667	3	1.0	0.1244077	3	1.0	-0.1218679666666667
chr4	136800000	136950000	0.24798199999999998	3	1.0	0.09752443333333334	3	1.0	-0.15045756666666665
chr4	136950000	137100000	0.17684200000000003	3	1.0	0.07202243333333334	3	1.0	-0.10481956666666668
chr4	137100000	137250000	0.247061	3	1.0	0.10191553333333332	3	1.0	-0.14514546666666667
chr4	137400000	137550000	0.25466533333333335	3	1.0	0.15342899999999998	3	1.0	-0.10123633333333337
chr4	137550000	137700000	0.2214677	3	1.0	0.09881136666666668	3	1.0	-0.12265633333333331
chr4	137700000	137850000	0.25472666666666666	3	1.0	0.11206353333333333	3	1.0	-0.14266313333333333
chr4	138450000	138600000	0.24195900000000004	3	1.0	0.09183263333333333	3	1.0	-0.1501263666666667
chr4	138600000	138750000	0.18845166666666666	3	1.0	0.06748073333333333	3	1.0	-0.12097093333333332
chr4	139200000	139350000	0.26349266666666665	3	1.0	0.14974366666666666	3	1.0	-0.11374899999999999
chr4	139500000	139650000	0.23707633333333336	3	1.0	0.133315	3	1.0	-0.10376133333333337
chr4	139650000	139800000	0.24921166666666666	3	1.0	0.11352153333333333	3	1.0	-0.13569013333333335
chr4	139800000	139950000	0.21517200000000003	3	1.0	0.09899123333333332	3	1.0	-0.11618076666666671
chr4	139950000	140100000	0.23768666666666666	3	1.0	0.11242306666666665	3	1.0	-0.1252636
chr4	140100000	140250000	0.25573833333333335	3	1.0	0.10512139999999999	3	1.0	-0.15061693333333337
chr4	140250000	140400000	0.25649533333333335	3	1.0	0.10522633333333334	3	1.0	-0.15126900000000001
chr4	140400000	140550000	0.24825366666666668	3	1.0	0.137693	3	1.0	-0.11056066666666667
chr4	140700000	140850000	0.30268700000000004	3	1.0	0.151156	3	1.0	-0.15153100000000003
chr4	141000000	141150000	0.30693866666666664	3	1.0	0.17915533333333333	3	1.0	-0.1277833333333333
chr4	141150000	141300000	0.23089300000000004	3	1.0	0.11866166666666667	3	1.0	-0.11223133333333338
chr4	141900000	142050000	0.22035766666666667	3	1.0	0.10505146666666666	3	1.0	-0.11530620000000001
chr4	142050000	142200000	0.23479933333333333	3	1.0	0.11769933333333334	3	1.0	-0.1171
chr4	142350000	142500000	0.16639233333333334	3	1.0	0.054517233333333324	3	1.0	-0.1118751
chr4	144900000	145050000	0.104749	3	1.0	-0.021130799999999998	3	1.0	-0.1258798
chr4	148050000	148200000	0.27152466666666664	3	1.0	0.14826333333333333	3	1.0	-0.1232613333333333
chr4	148200000	148350000	0.22598933333333335	3	1.0	0.07544953333333333	3	1.0	-0.1505398
chr4	148650000	148800000	0.2482913333333333	3	1.0	0.09049163333333332	3	1.0	-0.1577997
chr4	148800000	148950000	0.25739566666666663	3	1.0	0.12278066666666666	3	1.0	-0.13461499999999998
chr4	149550000	149700000	0.2093806666666667	3	1.0	0.10284890000000001	3	1.0	-0.10653176666666668
chr4	149850000	150000000	0.23473733333333333	3	1.0	0.11903843333333333	3	1.0	-0.1156989
chr4	150000000	150150000	0.23711333333333334	3	1.0	0.134642	3	1.0	-0.10247133333333333
chr4	150600000	150750000	0.19610033333333335	3	1.0	0.09197176666666666	3	1.0	-0.10412856666666669
chr4	151200000	151350000	0.22771266666666662	3	1.0	0.09749163333333333	3	1.0	-0.1302210333333333
chr4	152100000	152250000	0.26504933333333336	3	1.0	0.15991899999999998	3	1.0	-0.10513033333333338
chr4	152250000	152400000	0.3142763333333333	3	1.0	0.154476	3	1.0	-0.15980033333333332
chr4	152400000	152550000	0.28390733333333334	3	1.0	0.15159266666666665	3	1.0	-0.1323146666666667
chr4	152550000	152700000	0.22214033333333336	3	1.0	0.10747193333333332	3	1.0	-0.11466840000000003
chr4	153300000	153450000	0.20179799999999998	3	1.0	0.07336853333333333	3	1.0	-0.12842946666666666
chr4	154200000	154350000	0.29853466666666667	3	1.0	0.13259653333333332	3	1.0	-0.16593813333333335
chr4	154350000	154500000	0.19790933333333333	3	1.0	0.0740355	3	1.0	-0.12387383333333332
chr4	154500000	154650000	0.23013833333333333	3	1.0	0.08563873333333333	3	1.0	-0.1444996
chr4	154650000	154800000	0.18929466666666664	3	1.0	0.08237470000000001	3	1.0	-0.10691996666666663
chr4	154800000	154950000	0.23256033333333334	3	1.0	0.11174166666666667	3	1.0	-0.12081866666666667
chr4	154950000	155100000	0.310415	3	1.0	0.12770466666666666	3	1.0	-0.18271033333333334
chr4	155100000	155250000	0.23370200000000002	3	1.0	0.10524049999999999	3	1.0	-0.12846150000000003
chr5	24300000	24450000	0.22492433333333334	3	1.0	0.11290053333333332	3	1.0	-0.11202380000000002
chr5	24900000	25050000	0.19330266666666668	3	1.0	0.08710019999999999	3	1.0	-0.10620246666666669
chr5	30450000	30600000	0.18019933333333332	3	1.0	0.06018524999999999	3	1.0	-0.12001408333333333
chr5	30600000	30750000	0.18317333333333333	3	1.0	0.0582053	3	1.0	-0.12496803333333333
chr5	33600000	33750000	0.2226147	3	1.0	0.08738423999999999	3	1.0	-0.13523046
chr5	34950000	35100000	0.23620866666666668	3	1.0	0.0762631	3	1.0	-0.15994556666666668
chr5	35100000	35250000	0.19000933333333334	3	1.0	0.0790325	3	1.0	-0.11097683333333333
chr5	35250000	35400000	0.26341266666666663	3	1.0	0.10378200000000001	3	1.0	-0.15963066666666662
chr5	35550000	35700000	0.252616	3	1.0	0.10598726666666665	3	1.0	-0.14662873333333337
chr5	35700000	35850000	0.24291099999999996	3	1.0	0.11430263333333333	3	1.0	-0.12860836666666664
chr5	35850000	36000000	0.21414899999999998	3	1.0	0.08544913333333334	3	1.0	-0.12869986666666663
chr5	36000000	36150000	0.19790266666666667	3	1.0	0.0930257	3	1.0	-0.10487696666666667
chr5	36150000	36300000	0.2196713333333333	3	1.0	0.09532496666666666	3	1.0	-0.12434636666666664
chr5	36300000	36450000	0.2227636666666667	3	1.0	0.08038523333333333	3	1.0	-0.14237843333333336
chr5	36750000	36900000	0.2032956666666667	3	1.0	0.08615323333333334	3	1.0	-0.11714243333333337
chr5	36900000	37050000	0.23259833333333332	3	1.0	0.08208186666666666	3	1.0	-0.15051646666666668
chr5	53250000	53400000	0.12829933333333335	3	1.0	-0.00216126666666667	3	1.0	-0.1304606
chr5	66300000	66450000	0.09064801266666667	3	1.0	-0.022562763333333333	3	1.0	-0.113210776
chr5	74100000	74250000	0.13560356666666668	3	1.0	0.030514006999999996	3	1.0	-0.10508955966666668
chr5	111150000	111300000	0.23359933333333335	3	1.0	0.11573753333333334	3	1.0	-0.11786180000000002
chr5	111600000	111750000	0.2000316666666667	3	1.0	0.037198966666666666	3	1.0	-0.16283270000000002
chr5	111750000	111900000	0.212825	3	1.0	0.0535011	3	1.0	-0.1593239
chr5	111900000	112050000	0.188946	3	1.0	0.08247166666666667	3	1.0	-0.10647433333333334
chr5	112050000	112200000	0.174495	3	1.0	0.0641268	3	1.0	-0.11036820000000001
chr5	112350000	112500000	0.23533	3	1.0	0.08797153333333332	3	1.0	-0.1473584666666667
chr5	112500000	112650000	0.2160186666666667	3	1.0	0.07475596666666667	3	1.0	-0.14126270000000002
chr5	112650000	112800000	0.21222533333333332	3	1.0	0.07234063333333333	3	1.0	-0.13988469999999997
chr5	112800000	112950000	0.22400033333333336	3	1.0	0.08301753333333332	3	1.0	-0.14098280000000002
chr5	112950000	113100000	0.19873	3	1.0	0.06721493333333334	3	1.0	-0.13151506666666665
chr5	113100000	113250000	0.27331433333333327	3	1.0	0.146322	3	1.0	-0.12699233333333326
chr5	113250000	113400000	0.21430566666666664	3	1.0	0.09390323333333334	3	1.0	-0.12040243333333331
chr5	113400000	113550000	0.19040200000000002	3	1.0	0.0872474	3	1.0	-0.10315460000000001
chr5	114300000	114450000	0.23837466666666665	3	1.0	0.12319933333333334	3	1.0	-0.11517533333333331
chr5	114450000	114600000	0.28472200000000003	3	1.0	0.16029133333333334	3	1.0	-0.12443066666666669
chr5	114600000	114750000	0.275994	3	1.0	0.12466470000000002	3	1.0	-0.1513293
chr5	116700000	116850000	0.11763233333333332	3	1.0	0.010206227333333333	3	1.0	-0.107426106
chr5	117600000	117750000	0.15153033333333332	3	1.0	0.0470275	3	1.0	-0.10450283333333332
chr5	117750000	117900000	0.21311266666666667	3	1.0	0.07679283333333334	3	1.0	-0.13631983333333333
chr5	117900000	118050000	0.2453886666666667	3	1.0	0.1326474	3	1.0	-0.1127412666666667
chr5	118950000	119100000	0.150391	3	1.0	0.04784669999999999	3	1.0	-0.1025443
chr5	120150000	120300000	0.21685166666666666	3	1.0	0.10991329999999999	3	1.0	-0.10693836666666667
chr5	120450000	120600000	0.2753623333333333	3	1.0	0.1271368	3	1.0	-0.14822553333333333
chr5	120600000	120750000	0.2539586666666666	3	1.0	0.14692766666666668	3	1.0	-0.10703099999999993
chr5	121800000	121950000	0.281838	3	1.0	0.13661866666666667	3	1.0	-0.1452193333333333
chr5	121950000	122100000	0.23649166666666666	3	1.0	0.133293	3	1.0	-0.10319866666666666
chr5	122100000	122250000	0.22851400000000005	3	1.0	0.1224132	3	1.0	-0.10610080000000005
chr5	123900000	124050000	0.1711062	3	1.0	0.06647073333333334	3	1.0	-0.10463546666666668
chr5	124050000	124200000	0.264469	3	1.0	0.158968	3	1.0	-0.10550100000000001
chr5	124200000	124350000	0.17019003333333332	3	1.0	0.07007566666666666	3	1.0	-0.10011436666666666
chr5	124950000	125100000	0.32247333333333333	3	1.0	0.165595	3	1.0	-0.15687833333333334
chr5	125100000	125250000	0.29975966666666665	3	1.0	0.13544133333333333	3	1.0	-0.16431833333333332
chr5	127200000	127350000	0.14061689999999996	3	1.0	0.0381491	3	1.0	-0.10246779999999997
chr5	128100000	128250000	0.0967035	3	1.0	-0.011233893	3	1.0	-0.10793739299999999
chr5	129150000	129300000	0.198932	3	1.0	0.08582996666666666	3	1.0	-0.11310203333333334
chr5	129300000	129450000	0.1786013333333333	3	1.0	0.04421649	3	1.0	-0.1343848433333333
chr5	129450000	129600000	0.17871966666666667	3	1.0	0.07487110000000001	3	1.0	-0.10384856666666666
chr5	134700000	134850000	0.217235	3	1.0	0.0569991	3	1.0	-0.16023590000000001
chr5	134850000	135000000	0.2098273333333333	3	1.0	0.10978936666666667	3	1.0	-0.10003796666666664
chr5	136650000	136800000	0.21776066666666666	3	1.0	0.1062915	3	1.0	-0.11146916666666666
chr5	138750000	138900000	0.2284543333333333	3	1.0	0.10130916666666667	3	1.0	-0.12714516666666661
chr5	138900000	139050000	0.23883633333333332	3	1.0	0.12154600000000002	3	1.0	-0.1172903333333333
chr5	139800000	139950000	0.23589733333333332	3	1.0	0.12850699999999998	3	1.0	-0.10739033333333334
chr5	139950000	140100000	0.24857266666666666	3	1.0	0.0884351	3	1.0	-0.16013756666666668
chr5	140100000	140250000	0.1881656666666667	3	1.0	0.0706958	3	1.0	-0.1174698666666667
chr5	140250000	140400000	0.21426566666666666	3	1.0	0.08553663333333332	3	1.0	-0.12872903333333335
chr5	140550000	140700000	0.27861366666666665	3	1.0	0.165565	3	1.0	-0.11304866666666666
chr5	142350000	142500000	0.24231933333333333	3	1.0	0.13202066666666665	3	1.0	-0.11029866666666668
chr5	142800000	142950000	0.2586776666666667	3	1.0	0.15387833333333334	3	1.0	-0.10479933333333336
chr5	146550000	146700000	0.1265973333333333	3	1.0	0.026387596666666666	3	1.0	-0.10020973666666665
chr5	149250000	149400000	0.12873323333333334	3	1.0	0.023499700000000002	3	1.0	-0.10523353333333334
chr6	28950000	29100000	0.13230333333333333	3	1.0	0.020664733333333334	3	1.0	-0.11163859999999999
chr6	30600000	30750000	0.06682575333333333	3	1.0	-0.0384146	3	1.0	-0.10524035333333334
chr6	35250000	35400000	0.10653843333333335	3	1.0	0.0016191366666666665	3	1.0	-0.10491929666666669
chr6	48450000	48600000	0.19121966666666668	3	1.0	0.05696966666666666	3	1.0	-0.13425
chr6	51600000	51750000	0.0926025	3	1.0	-0.023784266666666665	3	1.0	-0.11638676666666667
chr6	52200000	52350000	0.14450166666666667	3	1.0	0.04405043333333334	3	1.0	-0.10045123333333333
chr6	54150000	54300000	0.10111296666666666	3	1.0	-0.015121659999999999	3	1.0	-0.11623462666666666
chr6	54300000	54450000	0.06705646666666668	3	1.0	-0.03513981	3	1.0	-0.10219627666666667
chr6	55050000	55200000	0.1414169	3	1.0	0.018348926666666668	3	1.0	-0.12306797333333334
chr6	55350000	55500000	0.162081	3	1.0	0.020839633333333333	3	1.0	-0.14124136666666667
chr6	72150000	72300000	0.18023399999999998	3	1.0	0.06739353333333334	3	1.0	-0.11284046666666664
chr6	72600000	72750000	0.16183300000000003	3	1.0	0.04812416666666667	3	1.0	-0.11370883333333337
chr6	84300000	84450000	0.12704986666666668	3	1.0	0.015428853333333336	3	1.0	-0.11162101333333334
chr6	85200000	85350000	0.181119	3	1.0	0.06437	3	1.0	-0.116749
chr6	88800000	88950000	0.253736	3	1.0	0.1191079	3	1.0	-0.13462810000000003
chr6	88950000	89100000	0.1854396666666667	3	1.0	0.0641302	3	1.0	-0.1213094666666667
chr6	89250000	89400000	0.21840666666666667	3	1.0	0.08243213333333334	3	1.0	-0.13597453333333331
chr6	90300000	90450000	0.155679	3	1.0	0.05065493333333333	3	1.0	-0.10502406666666668
chr6	90450000	90600000	0.22607333333333332	3	1.0	0.078646	3	1.0	-0.14742733333333333
chr6	90600000	90750000	0.22178433333333333	3	1.0	0.06415483333333333	3	1.0	-0.1576295
chr6	90750000	90900000	0.14158196666666667	3	1.0	0.0344142	3	1.0	-0.10716776666666666
chr6	90900000	91050000	0.14377113333333333	3	1.0	0.01705597333333334	3	1.0	-0.12671516
chr6	91050000	91200000	0.18395566666666666	3	1.0	0.050863599999999995	3	1.0	-0.13309206666666668
chr6	91200000	91350000	0.21497100000000002	3	1.0	0.04592280000000001	3	1.0	-0.1690482
chr6	91350000	91500000	0.167751	3	1.0	0.04092696666666667	3	1.0	-0.12682403333333334
chr6	91950000	92100000	0.17867866666666665	3	1.0	0.040851903333333335	3	1.0	-0.13782676333333332
chr6	94650000	94800000	0.09685576666666666	3	1.0	-0.008425396666666668	3	1.0	-0.10528116333333333
chr6	97800000	97950000	0.010455026666666666	3	1.0	-0.0935004	3	1.0	-0.10395542666666666
chr6	99750000	99900000	0.129475	3	1.0	0.013170203333333332	3	1.0	-0.11630479666666668
chr6	99900000	100050000	0.16004400000000002	3	1.0	0.021242166666666666	3	1.0	-0.13880183333333335
chr6	100050000	100200000	0.159046	3	1.0	0.04662983333333333	3	1.0	-0.11241616666666666
chr6	113850000	114000000	0.23703866666666668	3	1.0	0.11108970000000001	3	1.0	-0.12594896666666666
chr6	114000000	114150000	0.166521	3	1.0	0.05193166666666666	3	1.0	-0.11458933333333335
chr6	114150000	114300000	0.19294066666666665	3	1.0	0.0327273473	3	1.0	-0.16021331936666666
chr6	114300000	114450000	0.175729	3	1.0	0.06926873333333335	3	1.0	-0.10646026666666665
chr6	115500000	115650000	0.1577776	3	1.0	0.056976133333333324	3	1.0	-0.10080146666666667
chr6	115800000	115950000	0.18232066666666666	3	1.0	0.0697291	3	1.0	-0.11259156666666666
chr6	118050000	118200000	0.10502553333333335	3	1.0	-0.007381466666666669	3	1.0	-0.11240700000000002
chr6	118650000	118800000	0.12638466666666667	3	1.0	0.0032936800000000002	3	1.0	-0.12309098666666668
chr6	127050000	127200000	0.11570063333333334	3	1.0	0.008046439999999998	3	1.0	-0.10765419333333334
chr6	127650000	127800000	0.16175233333333333	3	1.0	0.012840676666666665	3	1.0	-0.14891165666666667
chr6	127800000	127950000	0.1473806	3	1.0	0.043561666666666665	3	1.0	-0.10381893333333334
chr6	127950000	128100000	0.23768133333333336	3	1.0	0.1003379	3	1.0	-0.13734343333333338
chr6	128700000	128850000	0.05144373000000001	3	1.0	-0.049686813333333336	3	1.0	-0.10113054333333335
chr6	135300000	135450000	0.09967423333333332	3	1.0	-0.02317886	3	1.0	-0.12285309333333332
chr6	140400000	140550000	0.04600843333333333	3	1.0	-0.06031116666666666	3	1.0	-0.10631959999999999
chr6	144900000	145050000	0.10980683333333334	3	1.0	0.007524490000000001	3	1.0	-0.10228234333333334
chr6	145350000	145500000	0.14449833333333334	3	1.0	0.0362665	3	1.0	-0.10823183333333333
chr6	145800000	145950000	0.1107875	3	1.0	-0.006300733333333334	3	1.0	-0.11708823333333333
chr7	25650000	25800000	0.2126276666666667	3	1.0	0.11177783333333333	3	1.0	-0.10084983333333336
chr7	27150000	27300000	0.2408273333333333	3	1.0	0.13691233333333333	3	1.0	-0.10391499999999998
chr7	28950000	29100000	0.2440836666666667	3	1.0	0.13602273333333334	3	1.0	-0.10806093333333336
chr7	30300000	30450000	0.21777766666666665	3	1.0	0.10016333333333333	3	1.0	-0.11761433333333332
chr7	34800000	34950000	0.19822066666666666	3	1.0	0.05614416666666667	3	1.0	-0.1420765
chr7	44700000	44850000	0.19639900000000002	3	1.0	0.08910823333333334	3	1.0	-0.10729076666666668
chr7	45150000	45300000	0.2597153333333333	3	1.0	0.15661966666666666	3	1.0	-0.10309566666666664
chr7	45600000	45750000	0.26033866666666666	3	1.0	0.15325466666666668	3	1.0	-0.10708399999999998
chr7	45750000	45900000	0.2624763333333333	3	1.0	0.15550833333333333	3	1.0	-0.10696799999999998
chr7	46050000	46200000	0.247897	3	1.0	0.09863806666666666	3	1.0	-0.14925893333333334
chr7	46350000	46500000	0.21920099999999995	3	1.0	0.10448646666666665	3	1.0	-0.1147145333333333
chr7	46500000	46650000	0.137228	3	1.0	0.03291364666666667	3	1.0	-0.10431435333333332
chr7	48750000	48900000	0.0339452	3	1.0	-0.06658336666666667	3	1.0	-0.10052856666666668
chr7	48900000	49050000	0.13161966666666666	3	1.0	0.02595809333333333	3	1.0	-0.10566157333333333
chr7	49050000	49200000	0.17389933333333335	3	1.0	0.017986566666666665	3	1.0	-0.15591276666666667
chr7	49650000	49800000	0.08711083333333333	3	1.0	-0.020568733333333332	3	1.0	-0.10767956666666667
chr7	64350000	64500000	0.08305991333333333	3	1.0	-0.019091096666666668	3	1.0	-0.10215101
chr7	66000000	66150000	0.11504653333333335	3	1.0	0.0073826233333333345	3	1.0	-0.10766391000000002
chr7	78450000	78600000	0.08710246666666667	3	1.0	-0.015514833333333332	3	1.0	-0.1026173
chr7	79050000	79200000	0.1736563333333333	3	1.0	0.0493163	3	1.0	-0.1243400333333333
chr7	79200000	79350000	0.14072933333333335	3	1.0	0.034654833333333336	3	1.0	-0.10607450000000002
chr7	79500000	79650000	0.205906	3	1.0	0.0713598	3	1.0	-0.1345462
chr7	80550000	80700000	0.167149	3	1.0	0.060997699999999995	3	1.0	-0.1061513
chr7	83700000	83850000	0.06181796666666666	3	1.0	-0.038362966666666665	3	1.0	-0.10018093333333333
chr7	96750000	96900000	0.10669576666666665	3	1.0	-0.015614833333333336	3	1.0	-0.12231059999999999
chr7	98400000	98550000	0.235789	3	1.0	0.0505917	3	1.0	-0.1851973
chr7	99150000	99300000	0.18099733333333334	3	1.0	0.063983	3	1.0	-0.11701433333333335
chr7	99300000	99450000	0.23574833333333334	3	1.0	0.10592053333333333	3	1.0	-0.1298278
chr7	100800000	100950000	0.20172516666666668	3	1.0	0.08985135333333333	3	1.0	-0.11187381333333335
chr7	101400000	101550000	0.21007699999999996	3	1.0	0.07624146666666667	3	1.0	-0.13383553333333328
chr7	112200000	112350000	0.15409833333333334	3	1.0	0.0392094	3	1.0	-0.11488893333333333
chr7	112950000	113100000	0.11742926666666666	3	1.0	-0.00104378	3	1.0	-0.11847304666666665
chr7	113100000	113250000	0.11567403333333333	3	1.0	0.0059852333333333336	3	1.0	-0.10968879999999999
chr7	113700000	113850000	0.07262893333333334	3	1.0	-0.028686366666666668	3	1.0	-0.10131530000000001
chr7	116100000	116250000	0.15797133333333335	3	1.0	0.030037599999999998	3	1.0	-0.12793373333333335
chr7	117450000	117600000	0.11121800000000001	3	1.0	-0.0024790996666666674	3	1.0	-0.11369709966666668
chr7	118350000	118500000	0.13287033333333334	3	1.0	0.026714550000000004	3	1.0	-0.10615578333333334
chr7	121050000	121200000	0.0958437	3	1.0	-0.0052663999999999975	3	1.0	-0.10111010000000001
chr7	121200000	121350000	0.06356356666666668	3	1.0	-0.03710006666666667	3	1.0	-0.10066363333333335
chr7	125250000	125400000	0.10335493333333334	3	1.0	-0.019140166666666663	3	1.0	-0.12249510000000001
chr7	125700000	125850000	0.15701466666666664	3	1.0	-0.012182850000000002	3	1.0	-0.16919751666666663
chr7	125850000	126000000	0.19382633333333335	3	1.0	0.06756213333333333	3	1.0	-0.12626420000000002
chr7	126000000	126150000	0.17267783333333336	3	1.0	0.0367692	3	1.0	-0.13590863333333336
chr7	129900000	130050000	0.08432843333333333	3	1.0	-0.025283700000000003	3	1.0	-0.10961213333333333
chr7	130200000	130350000	0.14887166666666668	3	1.0	0.01856068666666667	3	1.0	-0.13031098000000002
chr7	130650000	130800000	0.180906	3	1.0	0.07672726666666667	3	1.0	-0.10417873333333334
chr7	130950000	131100000	0.11904806666666666	3	1.0	0.00999041	3	1.0	-0.10905765666666666
chr7	132150000	132300000	0.13822600000000002	3	1.0	0.029038799999999997	3	1.0	-0.10918720000000001
chr7	132300000	132450000	0.11781913333333333	3	1.0	-0.007218260000000001	3	1.0	-0.12503739333333333
chr7	132450000	132600000	0.15141033333333334	3	1.0	0.0226535	3	1.0	-0.12875683333333335
chr7	132600000	132750000	0.204058	3	1.0	0.0845032	3	1.0	-0.11955479999999999
chr7	132750000	132900000	0.10974036666666667	3	1.0	-0.008109630999999999	3	1.0	-0.11784999766666668
chr7	134700000	134850000	0.07367346666666667	3	1.0	-0.026849766666666663	3	1.0	-0.10052323333333334
chr7	135000000	135150000	0.09790636666666666	3	1.0	-0.014517933333333333	3	1.0	-0.11242429999999999
chr7	136800000	136950000	0.0672418	3	1.0	-0.032775233333333334	3	1.0	-0.10001703333333334
chr7	136950000	137100000	0.1070188	3	1.0	-0.0008351999999999983	3	1.0	-0.10785399999999999
chr7	137100000	137250000	0.11996266666666665	3	1.0	-0.014974213333333333	3	1.0	-0.13493687999999998
chr7	137250000	137400000	0.1325182666666667	3	1.0	0.012303826666666667	3	1.0	-0.12021444000000002
chr7	139200000	139350000	0.18691466666666665	3	1.0	0.051857400000000005	3	1.0	-0.13505726666666665
chr7	139500000	139650000	0.201834	3	1.0	0.0637064	3	1.0	-0.13812760000000002
chr7	139650000	139800000	0.158705	3	1.0	0.050338	3	1.0	-0.10836700000000002
chr7	139800000	139950000	0.18544	3	1.0	0.06149036666666667	3	1.0	-0.12394963333333332
chr7	141750000	141900000	0.195965	3	1.0	0.07453213333333333	3	1.0	-0.12143286666666667
chr7	142500000	142650000	0.20603166666666667	3	1.0	0.10049100000000001	3	1.0	-0.10554066666666666
chr7	143400000	143550000	0.17589733333333332	3	1.0	0.07509866666666666	3	1.0	-0.10079866666666666
chr7	143700000	143850000	0.213148	3	1.0	0.09358366666666666	3	1.0	-0.11956433333333334
chr7	144000000	144150000	0.18594533333333332	3	1.0	0.0561122	3	1.0	-0.12983313333333332
chr7	144150000	144300000	0.19518133333333332	3	1.0	0.059559	3	1.0	-0.13562233333333332
chr7	144300000	144450000	0.20817	3	1.0	0.07938106666666667	3	1.0	-0.12878893333333333
chr7	144450000	144600000	0.18192166666666668	3	1.0	0.05453443333333333	3	1.0	-0.12738723333333335
chr7	144750000	144900000	0.25495	3	1.0	0.13085033333333332	3	1.0	-0.12409966666666669
chr7	145050000	145200000	0.193252	3	1.0	0.0797659	3	1.0	-0.1134861
chr8	10950000	11100000	0.14020100000000002	3	1.0	0.0396022	3	1.0	-0.10059880000000002
chr8	12000000	12150000	0.13465033333333334	3	1.0	0.03273113666666667	3	1.0	-0.10191919666666668
chr8	12150000	12300000	0.17800933333333335	3	1.0	0.0443392	3	1.0	-0.13367013333333336
chr8	12300000	12450000	0.15490533333333334	3	1.0	0.05144	3	1.0	-0.10346533333333334
chr8	12450000	12600000	0.130537	3	1.0	0.030398086666666664	3	1.0	-0.10013891333333333
chr8	12600000	12750000	0.17556799999999997	3	1.0	0.07281006666666667	3	1.0	-0.1027579333333333
chr8	12750000	12900000	0.21576233333333333	3	1.0	0.08077023333333333	3	1.0	-0.1349921
chr8	13050000	13200000	0.17848166666666668	3	1.0	0.0626471	3	1.0	-0.11583456666666668
chr8	14550000	14700000	0.08696966666666667	3	1.0	-0.016837433333333332	3	1.0	-0.1038071
chr8	15000000	15150000	0.13597043333333333	3	1.0	0.033476599999999995	3	1.0	-0.10249383333333334
chr8	26850000	27000000	0.11709573333333334	3	1.0	0.007282663333333333	3	1.0	-0.10981307000000001
chr8	70050000	70200000	0.24056466666666665	3	1.0	0.136555	3	1.0	-0.10400966666666664
chr8	70200000	70350000	0.26593199999999995	3	1.0	0.13460580000000003	3	1.0	-0.13132619999999992
chr8	70650000	70800000	0.31253600000000004	3	1.0	0.16381766666666667	3	1.0	-0.14871833333333337
chr8	71250000	71400000	0.22427299999999997	3	1.0	0.12363246666666666	3	1.0	-0.10064053333333331
chr8	71550000	71700000	0.2890843333333333	3	1.0	0.16977033333333336	3	1.0	-0.11931399999999992
chr8	83550000	83700000	0.20806633333333333	3	1.0	0.09958183333333333	3	1.0	-0.1084845
chr8	83850000	84000000	0.22024933333333335	3	1.0	0.11795096666666667	3	1.0	-0.10229836666666668
chr8	84600000	84750000	0.2481456666666667	3	1.0	0.1161341	3	1.0	-0.1320115666666667
chr8	87300000	87450000	0.06733209999999999	3	1.0	-0.0348316	3	1.0	-0.1021637
chr8	87600000	87750000	0.17363566666666666	3	1.0	0.0452868	3	1.0	-0.12834886666666667
chr8	87750000	87900000	0.20169666666666666	3	1.0	0.06210526666666667	3	1.0	-0.13959139999999998
chr8	88500000	88650000	0.20544066666666666	3	1.0	0.06667286666666666	3	1.0	-0.1387678
chr8	91500000	91650000	0.1034928	3	1.0	0.0013417999999999985	3	1.0	-0.10215099999999999
chr8	91650000	91800000	0.15680366666666667	3	1.0	0.021058243333333334	3	1.0	-0.13574542333333334
chr8	91800000	91950000	0.16065666666666667	3	1.0	0.028784436666666666	3	1.0	-0.13187223
chr8	92550000	92700000	0.07610356666666666	3	1.0	-0.04089947666666667	3	1.0	-0.11700304333333333
chr8	94800000	94950000	0.23117833333333335	3	1.0	0.130215	3	1.0	-0.10096333333333335
chr8	94950000	95100000	0.2329403333333333	3	1.0	0.10921703333333334	3	1.0	-0.12372329999999997
chr8	110550000	110700000	0.1439525	3	1.0	0.03656173333333333	3	1.0	-0.10739076666666668
chr8	114750000	114900000	0.12576486666666667	3	1.0	0.004997903333333333	3	1.0	-0.12076696333333334
chr8	115350000	115500000	0.06942766666666667	3	1.0	-0.032980336666666665	3	1.0	-0.10240800333333333
chr8	115500000	115650000	0.07231336666666667	3	1.0	-0.039126133333333334	3	1.0	-0.1114395
chr8	117300000	117450000	0.24264233333333332	3	1.0	0.13111713333333333	3	1.0	-0.11152519999999999
chr8	117450000	117600000	0.18814899999999998	3	1.0	0.06387863333333334	3	1.0	-0.12427036666666665
chr8	117600000	117750000	0.15338633333333332	3	1.0	0.03835936666666667	3	1.0	-0.11502696666666665
chr8	118650000	118800000	0.07408736666666667	3	1.0	-0.046066166666666665	3	1.0	-0.12015353333333334
chr8	118950000	119100000	0.12391600000000001	3	1.0	0.021908596666666665	3	1.0	-0.10200740333333334
chr8	119550000	119700000	0.26942099999999997	3	1.0	0.13387333333333334	3	1.0	-0.13554766666666662
chr8	119700000	119850000	0.28869	3	1.0	0.14079999999999998	3	1.0	-0.14789000000000002
chr8	120000000	120150000	0.2759	3	1.0	0.11935686666666666	3	1.0	-0.1565431333333333
chr8	120150000	120300000	0.31540666666666667	3	1.0	0.17423499999999997	3	1.0	-0.1411716666666667
chr8	120300000	120450000	0.320517	3	1.0	0.12654649999999998	3	1.0	-0.19397050000000002
chr8	120450000	120600000	0.3288113333333333	3	1.0	0.16381333333333334	3	1.0	-0.16499799999999995
chr8	120750000	120900000	0.25782166666666667	3	1.0	0.12288566666666666	3	1.0	-0.134936
chr8	121050000	121200000	0.26900300000000005	3	1.0	0.11330433333333331	3	1.0	-0.15569866666666674
chr8	121200000	121350000	0.23721433333333333	3	1.0	0.12488220000000001	3	1.0	-0.11233213333333332
chr8	121350000	121500000	0.20862733333333333	3	1.0	0.10780363333333333	3	1.0	-0.1008237
chr8	121650000	121800000	0.292965	3	1.0	0.178325	3	1.0	-0.11463999999999996
chr8	121800000	121950000	0.23529333333333333	3	1.0	0.11180649999999999	3	1.0	-0.12348683333333334
chr8	121950000	122100000	0.22126300000000004	3	1.0	0.08383076666666667	3	1.0	-0.13743223333333338
chr8	122100000	122250000	0.2964773333333333	3	1.0	0.14967586666666668	3	1.0	-0.14680146666666663
chr8	122250000	122400000	0.31437200000000004	3	1.0	0.14504666666666666	3	1.0	-0.16932533333333338
chr8	122550000	122700000	0.2946533333333333	3	1.0	0.161968	3	1.0	-0.13268533333333332
chr8	122700000	122850000	0.29265566666666665	3	1.0	0.10090933333333334	3	1.0	-0.1917463333333333
chr8	124200000	124350000	0.21986333333333333	3	1.0	0.07429753333333335	3	1.0	-0.14556579999999997
chr8	125100000	125250000	0.17755933333333335	3	1.0	0.06107306333333334	3	1.0	-0.11648627
chr8	125250000	125400000	0.17475466666666664	3	1.0	0.03502740000000001	3	1.0	-0.13972726666666663
chr8	125400000	125550000	0.20562700000000003	3	1.0	0.0687551	3	1.0	-0.13687190000000005
chr8	125550000	125700000	0.17328433333333335	3	1.0	0.053426	3	1.0	-0.11985833333333334
chr8	126600000	126750000	0.15666	3	1.0	0.03562663333333333	3	1.0	-0.12103336666666667
chr8	126750000	126900000	0.157581	3	1.0	0.04320213333333333	3	1.0	-0.11437886666666666
chr9	21900000	22050000	0.23831700000000003	3	1.0	0.12751613333333334	3	1.0	-0.11080086666666669
chr9	34650000	34800000	0.0552757	3	1.0	-0.04926313	3	1.0	-0.10453883
chr9	37050000	37200000	0.097887	3	1.0	-0.005277766666666666	3	1.0	-0.10316476666666667
chr9	42000000	42150000	0.08755943333333334	3	1.0	-0.0156789	3	1.0	-0.10323833333333333
chr9	42150000	42300000	0.0743579	3	1.0	-0.03418103333333334	3	1.0	-0.10853893333333334
chr9	42750000	42900000	0.16616933333333334	3	1.0	0.05866829999999999	3	1.0	-0.10750103333333334
chr9	43350000	43500000	0.15054466666666666	3	1.0	0.006979933333333335	3	1.0	-0.14356473333333333
chr9	43500000	43650000	0.17739533333333332	3	1.0	0.03223272333333333	3	1.0	-0.14516261
chr9	43650000	43800000	0.22281800000000002	3	1.0	0.09032976666666667	3	1.0	-0.13248823333333334
chr9	43800000	43950000	0.1883463333333333	3	1.0	0.0762082	3	1.0	-0.1121381333333333
chr9	43950000	44100000	0.18506833333333333	3	1.0	0.05586435999999999	3	1.0	-0.12920397333333333
chr9	45150000	45300000	0.175095	3	1.0	0.05517040000000001	3	1.0	-0.11992459999999999
chr9	45300000	45450000	0.19264466666666666	3	1.0	0.05157046666666666	3	1.0	-0.14107419999999998
chr9	45450000	45600000	0.186043	3	1.0	0.0557897	3	1.0	-0.1302533
chr9	45600000	45750000	0.17108299999999999	3	1.0	0.07074456666666666	3	1.0	-0.10033843333333332
chr9	45750000	45900000	0.17315833333333333	3	1.0	0.059165133333333335	3	1.0	-0.11399319999999999
chr9	47250000	47400000	0.11741659999999998	3	1.0	0.006635146666666666	3	1.0	-0.11078145333333332
chr9	48600000	48750000	0.1229075	3	1.0	0.015256589999999999	3	1.0	-0.10765091
chr9	48750000	48900000	0.151187	3	1.0	0.0367462	3	1.0	-0.11444079999999998
chr9	49350000	49500000	0.117331	3	1.0	-0.005001000000000001	3	1.0	-0.12233200000000001
chr9	54600000	54750000	0.12336936666666666	3	1.0	0.013385233333333331	3	1.0	-0.10998413333333333
chr9	56550000	56700000	0.22408233333333338	3	1.0	0.07488436666666667	3	1.0	-0.1491979666666667
chr9	56700000	56850000	0.21973	3	1.0	0.062165466666666676	3	1.0	-0.15756453333333334
chr9	57900000	58050000	0.21288466666666667	3	1.0	0.0789866	3	1.0	-0.13389806666666665
chr9	58050000	58200000	0.20329033333333335	3	1.0	0.030666219999999994	3	1.0	-0.17262411333333336
chr9	60300000	60450000	0.09117013333333333	3	1.0	-0.012129656666666667	3	1.0	-0.10329979
chr9	60900000	61050000	0.16200420000000001	3	1.0	0.047977933333333334	3	1.0	-0.11402626666666668
chr9	61050000	61200000	0.167863	3	1.0	0.03952803333333333	3	1.0	-0.1283349666666667
chr9	61200000	61350000	0.169493	3	1.0	0.03547263333333334	3	1.0	-0.13402036666666667
chr9	61350000	61500000	0.18623833333333334	3	1.0	0.04020876666666667	3	1.0	-0.14602956666666667
chr9	61500000	61650000	0.18701933333333334	3	1.0	0.04005743333333333	3	1.0	-0.1469619
chr9	61800000	61950000	0.17383400000000002	3	1.0	0.04587566666666666	3	1.0	-0.12795833333333334
chr9	62400000	62550000	0.21314466666666665	3	1.0	0.08554873333333335	3	1.0	-0.1275959333333333
chr9	62550000	62700000	0.160242	3	1.0	0.055561599999999996	3	1.0	-0.1046804
chr9	63750000	63900000	0.17473066666666665	3	1.0	0.07463436666666666	3	1.0	-0.10009629999999999
chr9	63900000	64050000	0.17671033333333336	3	1.0	0.0684602	3	1.0	-0.10825013333333336
chr9	64350000	64500000	0.19404799999999997	3	1.0	0.04706813333333333	3	1.0	-0.14697986666666663
chr9	64500000	64650000	0.17135466666666668	3	1.0	0.038850133333333335	3	1.0	-0.13250453333333334
chr9	66150000	66300000	0.14696	3	1.0	0.029625	3	1.0	-0.11733500000000001
chr9	68850000	69000000	0.057044566666666664	3	1.0	-0.059894333333333334	3	1.0	-0.1169389
chr9	96900000	97050000	0.12613639999999998	3	1.0	0.01965875	3	1.0	-0.10647764999999998
chr9	100200000	100350000	-0.0083948	3	1.0	-0.11865506666666666	3	1.0	-0.11026026666666666
chr9	102150000	102300000	0.09107503333333333	3	1.0	-0.012382796	3	1.0	-0.10345782933333333
chr9	106350000	106500000	0.2681836666666667	3	1.0	0.1239949	3	1.0	-0.1441887666666667
chr9	107400000	107550000	0.2848486666666667	3	1.0	0.09189616666666667	3	1.0	-0.19295250000000003
chr9	107550000	107700000	0.26947200000000004	3	1.0	0.12985966666666668	3	1.0	-0.13961233333333337
chr9	110700000	110850000	0.19718033333333335	3	1.0	0.0964218	3	1.0	-0.10075853333333334
chr9	118800000	118950000	0.159756	3	1.0	0.05147076666666667	3	1.0	-0.10828523333333334
chr9	118950000	119100000	0.215506	3	1.0	0.08980793333333333	3	1.0	-0.12569806666666666
chr9	119100000	119250000	0.203706	3	1.0	0.1001578	3	1.0	-0.10354819999999999
chr9	119400000	119550000	0.21549466666666664	3	1.0	0.11401169999999998	3	1.0	-0.10148296666666666
chr9	119550000	119700000	0.18479933333333332	3	1.0	0.05064473333333333	3	1.0	-0.13415459999999998
chr9	121050000	121200000	0.17090466666666668	3	1.0	0.053579600000000005	3	1.0	-0.11732506666666667
chr9	121350000	121500000	0.21556633333333333	3	1.0	0.10524650000000002	3	1.0	-0.11031983333333331
chr9	121500000	121650000	0.1633663333333333	3	1.0	0.0192049	3	1.0	-0.1441614333333333
chr9	121650000	121800000	0.18557831	3	1.0	0.08034876666666665	3	1.0	-0.10522954333333334
chr9	121950000	122100000	0.16602566666666665	3	1.0	0.024162033333333333	3	1.0	-0.14186363333333332
chr9	122100000	122250000	0.1234714	3	1.0	0.008861099999999998	3	1.0	-0.1146103
chr9	122400000	122550000	0.13174766666666668	3	1.0	0.017852216666666667	3	1.0	-0.11389545000000001
