gene,chrom,start,end,strand,promoter_start,promoter_end,s2s_signal,s3_signal,ratio,state,cell_type
Nudt11,chrX,6047453,6055110,+,6037453,6047453,1.265361590564251,1.1743428624868393,0.928068997228828,Mixed,NSC
Shroom4,chrX,6399854,6637448,+,6389854,6399854,3.2242286525964734,2.869393680214882,0.8899473298533457,Mixed,NSC
Clcn5,chrX,7153810,7319358,-,7319358,7329358,2.2501502285003663,2.4936524763027825,1.1082159958558415,Mixed,NSC
Ppp1r3f,chrX,7557296,7574283,-,7574283,7584283,3.8224058864474295,3.065134678757191,0.8018862386186696,Mixed,NSC
Syp,chrX,7638471,7653256,+,7628471,7638471,3.02561512401104,3.1801519885917506,1.0510761806266495,Mixed,NSC
Gpkow,chrX,7697131,7710262,+,7687131,7697131,3.2956410122990607,3.11583843335708,0.9454423044649062,Mixed,NSC
Praf2,chrX,7728439,7731064,+,7718439,7728439,4.1362013507187365,3.3726758056441937,0.8154041642721607,Mixed,NSC
Tfe3,chrX,7762560,7775202,+,7752560,7762560,2.8897370988726614,2.7995911584099136,0.968804795253549,Mixed,NSC
Otud5,chrX,7841364,7876626,+,7831364,7841364,3.7718873280048375,3.0690281033198037,0.8136584782194924,Mixed,NSC
Pim2,chrX,7878262,7883432,+,7868262,7878262,3.0867853956460953,2.954968227211634,0.9572962964576711,Mixed,NSC
Slc35a2,chrX,7884028,7894492,+,7874028,7884028,3.6410060760021206,2.9685782937328025,0.8153181378352288,Mixed,NSC
Timm17b,chrX,7899357,7908351,+,7889357,7899357,4.632439950567484,3.6227153587460514,0.7820318012545983,Mixed,NSC
Pcsk1n,chrX,7919822,7924410,+,7909822,7919822,2.869083101308346,2.905650686220328,1.0127453906425041,Mixed,NSC
Hdac6,chrX,7930120,7947889,-,7947889,7957889,3.853100253486633,2.7282063192129136,0.7080548492721377,Mixed,NSC
Suv39h1,chrX,8061171,8074760,-,8074760,8084760,2.9695608805418012,2.6100727772116663,0.8789423359912575,Mixed,NSC
Gm6787,chrX,8097087,8106701,+,8087087,8097087,3.867129682266712,2.846474580025673,0.7360690780758137,Mixed,NSC
Wdr13,chrX,8123301,8132892,-,8132892,8142892,2.72798106020689,3.317572432438532,1.216127370102389,Mixed,NSC
Rbm3,chrX,8138975,8145880,-,8145880,8155880,2.7119193397760393,2.8060132427016895,1.0346964238742518,Mixed,NSC
Tbc1d25,chrX,8154472,8176181,-,8176181,8186181,3.6365472169280055,3.513490527053674,0.9661611186288173,Mixed,NSC
Ebp,chrX,8185329,8193512,-,8193512,8203512,3.6077729716420177,3.487409520216783,0.9666377423492772,Mixed,NSC
Porcn,chrX,8193848,8206525,-,8206525,8216525,3.129697893738747,2.60924518374602,0.8337051282061629,Mixed,NSC
Lancl3,chrX,9199902,9268085,+,9189902,9199902,2.002050596022606,2.3426497554739316,1.1701251507469292,Mixed,NSC
Xk,chrX,9272756,9313250,+,9262756,9272756,1.4154759467124938,2.130125063912074,1.5048825583079561,Mixed,NSC
Rpgr,chrX,10073621,10216920,-,10216920,10226920,1.4663033507466317,2.1912394252816836,1.494397066040884,Mixed,NSC
Mid1ip1,chrX,10715013,10719690,+,10705013,10715013,1.7818953189253808,2.1774755655924483,1.221999711467693,Mixed,NSC
Bcor,chrX,12036740,12160355,-,12160355,12170355,2.7352720657587053,2.7515927398204805,1.005966746147882,Mixed,NSC
Atp6ap2,chrX,12587801,12617049,+,12577801,12587801,1.9383027200698852,1.6081397444446883,0.8296638743749516,Mixed,NSC
1810030O07Rik,chrX,12654879,12673668,-,12673668,12683668,2.1015414739847182,2.5810662618716558,1.228177646657486,Mixed,NSC
Med14,chrX,12675369,12762073,-,12762073,12772073,3.395852732181549,3.3708762827356655,0.9926450139579999,Mixed,NSC
AA414768,chrX,12936872,12938128,+,12926872,12936872,3.1220653442740436,3.3235243624130884,1.0645274829075972,Mixed,NSC
Usp9x,chrX,13071498,13173328,+,13061498,13071498,1.913095556497574,2.4428062916358315,1.2768867103052775,Mixed,NSC
Ddx3x,chrX,13280970,13294052,+,13270970,13280970,2.6919302680492403,3.079094932079315,1.1438241802268678,Mixed,NSC
Cask,chrX,13517080,13851367,-,13851367,13861367,2.1369874371290205,2.5244339489539462,1.1813050021227307,Mixed,NSC
Maoa,chrX,16619698,16687818,+,16609698,16619698,3.0280665877342225,3.0194312123854954,0.9971482214480665,Mixed,NSC
Kdm6a,chrX,18162575,18279936,+,18152575,18162575,1.8954400485754013,2.247083755373955,1.1855208805273723,Mixed,NSC
Chst7,chrX,20059560,20097521,+,20049560,20059560,2.2977472159862518,2.390479693055153,1.0403579977918058,Mixed,NSC
Slc9a7,chrX,20105754,20291807,-,20291807,20301807,2.297336442345381,2.750643657757839,1.19731860212415,Mixed,NSC
Jade3,chrX,20425688,20519939,+,20415688,20425688,2.0359390707731246,2.4546805002768832,1.2056748335522371,Mixed,NSC
Ndufb11,chrX,20615326,20617619,-,20617619,20627619,3.541968268930912,2.8174451399405798,0.7954461830317249,Mixed,NSC
Cdk16,chrX,20687954,20699880,+,20677954,20687954,3.052202449381351,2.6456955789645513,0.8668152335376068,Mixed,NSC
Usp11,chrX,20703906,20720539,+,20693906,20703906,3.6822784263610844,3.2414089901089667,0.8802726504611995,Mixed,NSC
Araf,chrX,20797814,20860519,+,20787814,20797814,2.3191268387913704,2.589963867894808,1.1167840518997167,Mixed,NSC
Syn1,chrX,20860511,20921004,-,20921004,20931004,3.046243649935722,2.6289342978000643,0.8630085442625499,Mixed,NSC
Uxt,chrX,20941722,20962017,-,20962017,20972017,1.8235252641201019,2.1044248869339626,1.154042079010845,Mixed,NSC
Klhl13,chrX,23219271,23365082,-,23365082,23375082,1.8861819347143174,2.538201596260071,1.3456822746234758,Mixed,NSC
Wdr44,chrX,23693051,23806025,+,23683051,23693051,1.6869367766618728,1.9595258081555365,1.1615881728733577,Mixed,NSC
Dock11,chrX,35888832,36076562,+,35878832,35888832,2.3524929094314575,2.67907903033495,1.1388255495241517,Mixed,NSC
Il13ra1,chrX,36112110,36171259,+,36102110,36112110,2.8559995648264884,2.763833048681418,0.9677288059563588,Mixed,NSC
Lonrf3,chrX,36328353,36362341,+,36318353,36328353,3.4973079031586645,3.144978884919484,0.8992570777308548,Mixed,NSC
Pgrmc1,chrX,36598206,36606079,+,36588206,36598206,3.6029600964546207,3.2398695179899533,0.8992243686456713,Mixed,NSC
Akap17b,chrX,36608314,36645395,-,36645395,36655395,1.5604551291465758,1.980773932000001,1.2693565454094797,Mixed,NSC
Slc25a5,chrX,36795651,36798807,+,36785651,36795651,2.8061313546419147,2.8621393441001572,1.0199591474453231,Mixed,NSC
Ube2a,chrX,36873900,36884222,+,36863900,36873900,2.9255523147583005,2.7142967420617743,0.9277895077689016,Mixed,NSC
Sowahd,chrX,37048845,37050418,+,37038845,37048845,3.8086176137328147,3.0380312859316665,0.7976729601253146,Mixed,NSC
Rpl39,chrX,37082520,37085402,-,37085402,37095402,2.625618558681011,2.383486368827025,0.9077808964087982,Mixed,NSC
Upf3b,chrX,37091678,37110322,-,37110322,37120322,3.231920682525635,3.045225466879209,0.9422339735452511,Mixed,NSC
Nkap,chrX,37126795,37150746,+,37116795,37126795,3.436442082941532,2.8898543418844542,0.8409437063495601,Mixed,NSC
Ndufa1,chrX,37187588,37191163,-,37191163,37201163,3.571669556558132,2.9026652525027594,0.8126914336666509,Mixed,NSC
Zbtb33,chrX,38189793,38197046,+,38179793,38189793,2.6989710112810137,2.6814604815681773,0.9935121460587584,Mixed,NSC
Cul4b,chrX,38533274,38576196,-,38576196,38586196,2.6789250457048417,3.301769927199681,1.232498062046736,Mixed,NSC
C1galt1c1,chrX,38630785,38635087,-,38635087,38645087,2.575814836132526,2.1034554604411126,0.8166174955337082,Mixed,NSC
Gria3,chrX,41400854,41678601,+,41390854,41400854,2.4211424790501597,2.658098497446378,1.0978695060065935,Mixed,NSC
Thoc2,chrX,41794991,41920674,-,41920674,41930674,2.596175524544716,2.6031216893911364,1.002675537451436,Mixed,NSC
Xiap,chrX,42059679,42109656,+,42049679,42059679,2.24982152133584,2.595654448660215,1.1537157165778356,Mixed,NSC
Stag2,chrX,42149317,42277185,+,42139317,42149317,2.4435739731550217,2.2764562888820965,0.9316093205653393,Mixed,NSC
Smarca1,chrX,47809368,47892974,-,47892974,47902974,1.9435591811060906,2.236221827371915,1.1505807742367116,Mixed,NSC
Ocrl,chrX,47912387,47965868,+,47902387,47912387,1.8601733453989029,2.2270732159237068,1.1972396128738876,Mixed,NSC
Apln,chrX,48025146,48034853,-,48034853,48044853,3.3375981347084043,3.071880874129137,0.9203866823222316,Mixed,NSC
Utp14a,chrX,48256862,48282453,+,48246862,48256862,2.6116040248036385,2.4198109319170316,0.9265611895735122,Mixed,NSC
Bcorl1,chrX,48341358,48408049,+,48331358,48341358,3.2129087127923968,2.613647295971712,0.813483210887789,Mixed,NSC
Elf4,chrX,48411046,48463132,-,48463132,48473132,3.9361622253656385,2.9042580452164017,0.7378400276545053,Mixed,NSC
Aifm1,chrX,48474944,48513563,-,48513563,48523563,3.2986043385148047,3.2181347320318228,0.9756049534212359,Mixed,NSC
Zfp280c,chrX,48541625,48594504,-,48594504,48604504,2.6974998875856397,2.5757126652518907,0.9548518156036874,Mixed,NSC
Rbmx2,chrX,48695004,48710723,+,48685004,48695004,1.8665330027103424,2.3161153375188506,1.240864926661185,Mixed,NSC
Arhgap36,chrX,49463945,49500244,+,49453945,49463945,1.6638527046442033,2.463107861876488,1.4803641301909574,Mixed,NSC
Stk26,chrX,50841047,50893097,+,50831047,50841047,1.541024538218975,2.5693263100902244,1.6672844892266931,Mixed,NSC
Rap2c,chrX,51003912,51018018,-,51018018,51028018,1.6775612642765045,2.101042296425502,1.2524384898286476,Mixed,NSC
Mbnl3,chrX,51117269,51206532,-,51206532,51216532,2.3340754173517224,2.6219908393939337,1.1233530930071165,Mixed,NSC
Hs6st2,chrX,51387212,51681856,-,51681856,51691856,3.009401266694069,2.801634404540062,0.9309607314739233,Mixed,NSC
Gpc4,chrX,52053021,52165252,-,52165252,52175252,2.109918171405792,2.3346246991237005,1.1065001149159217,Mixed,NSC
Gpc3,chrX,52272426,52613950,-,52613950,52623950,2.2799035922288895,2.8518687646389007,1.2508725256451936,Mixed,NSC
Ccdc160,chrX,52791200,52799468,+,52781200,52791200,2.9922016661167143,2.5134082101384796,0.8399862344172765,Mixed,NSC
Phf6,chrX,52912266,52956943,+,52902266,52912266,2.9191955645322802,2.8230401141206425,0.967060976804737,Mixed,NSC
AW822252,chrX,53695855,53716773,-,53716773,53726773,2.4934481091976166,2.4193502451837063,0.9702829733088952,Mixed,NSC
Smim10l2a,chrX,56374586,56377799,+,56364586,56374586,2.230350418448448,2.3759521523396177,1.0652819990467948,Mixed,NSC
Ints6l,chrX,56454857,56507843,+,56444857,56454857,2.182491707444191,2.2321884652376176,1.022770651372428,Mixed,NSC
Mmgt1,chrX,56585512,56598069,-,56598069,56608069,2.495332637757063,2.11699168976148,0.8483805556538322,Mixed,NSC
Slc9a6,chrX,56609757,56664230,+,56599757,56609757,2.598222676193714,2.4086418735384942,0.9270344284220674,Mixed,NSC
Fhl1,chrX,56731787,56793346,+,56721787,56731787,2.721602867150307,2.2424751906553904,0.8239538610581366,Mixed,NSC
Htatsf1,chrX,57053583,57067183,+,57043583,57053583,2.255846737623215,2.47381476624012,1.0966235981290815,Mixed,NSC
Rbmx,chrX,57383530,57393036,-,57393036,57403036,2.0707623295783995,2.2050077864209814,1.0648290027904428,Mixed,NSC
Zic3,chrX,58022700,58041736,+,58012700,58022700,3.235865278840065,2.860015367627144,0.883848714694436,Mixed,NSC
Fgf13,chrX,59062145,59568071,-,59568071,59578071,1.584312186062336,2.474482604606946,1.561865537850244,Mixed,NSC
Gm715,chrX,60548019,60548849,+,60538019,60548019,1.9309346973896027,2.48191853068471,1.2853456587837864,Mixed,NSC
Sox3,chrX,60891366,60893430,-,60893430,60903430,3.4635112533569337,3.0363338573376333,0.8766634883587378,Mixed,NSC
Gm14662,chrX,60893653,60898067,+,60883653,60893653,2.7700223961353303,3.4109548860470453,1.2313816995869524,Mixed,NSC
Slitrk4,chrX,64264885,64276996,-,64276996,64286996,0.5764739788293839,1.9530234723965327,3.387877933991812,Heterochromatin,NSC
Fmr1,chrX,68678541,68717963,+,68668541,68678541,1.6909398501396178,2.4726983296513554,1.4623218735114611,Mixed,NSC
Aff2,chrX,69360294,69868037,+,69350294,69360294,1.795380018568039,2.2319099947492282,1.2431407120868803,Mixed,NSC
Ids,chrX,70343069,70365084,-,70365084,70375084,2.352709180414677,2.123878395688534,0.9027373265548229,Mixed,NSC
Tmem185a,chrX,70459753,70477180,-,70477180,70487180,1.6922594541907308,2.206420930524667,1.3038313510736554,Mixed,NSC
Mamld1,chrX,71050240,71156056,+,71040240,71050240,2.673341953396797,2.605683462421099,0.9746914191468362,Mixed,NSC
Hmgb3,chrX,71555918,71560676,+,71545918,71555918,3.601277269816398,3.3918527163505554,0.9418471453944673,Mixed,NSC
Gpr50,chrX,71663667,71669257,+,71653667,71663667,2.178369347649813,2.36398271120588,1.0852074804285694,Mixed,NSC
Vma21,chrX,71815924,71839757,+,71805924,71815924,2.6902146917462346,2.7842595091025033,1.0349581086018171,Mixed,NSC
Cetn2,chrX,72913532,72918411,-,72918411,72928411,2.74034011298418,2.985463929971059,1.0894501437341453,Mixed,NSC
F8a,chrX,73228291,73230795,+,73218291,73228291,1.041861755847931,1.3433867393871148,1.28940978190891,Mixed,NSC
Zfp275,chrX,73342621,73359080,+,73332621,73342621,2.3235999302625654,2.3904748575091364,1.0287807407702125,Mixed,NSC
Atp2b3,chrX,73503086,73571005,+,73493086,73503086,3.833827059197426,3.213795500334104,0.8382734668806059,Mixed,NSC
Dusp9,chrX,73639419,73643514,+,73629419,73639419,4.478547862136364,3.865235569465161,0.8630555457816097,Mixed,NSC
Pnck,chrX,73655994,73660117,-,73660117,73670117,3.0247900498628617,2.8108088419318196,0.9292575007178618,Mixed,NSC
Slc6a8,chrX,73673150,73682502,+,73663150,73673150,2.888867379903793,2.86958397702376,0.9933249262274285,Mixed,NSC
Abcd1,chrX,73716597,73738534,+,73706597,73716597,3.2697367042422294,3.072624367759625,0.9397161440470524,Mixed,NSC
Idh3g,chrX,73778963,73786897,-,73786897,73796897,4.149390010511874,3.148837438956896,0.7588675518521459,Mixed,NSC
Pdzd4,chrX,73793359,73824969,-,73824969,73834969,3.14717439211607,2.8257151725888257,0.8978578307155377,Mixed,NSC
Arhgap4,chrX,73891442,73921870,-,73921870,73931870,3.68220504796505,3.3259858011007304,0.9032592584540663,Mixed,NSC
Hcfc1,chrX,73942792,73966357,-,73966357,73976357,3.654010538059473,3.1592348226030667,0.8645937907669073,Mixed,NSC
Mir5132,chrX,74023528,74023598,-,74023598,74033598,4.325732126736641,3.418898266629378,0.790362918105291,Mixed,NSC
Mecp2,chrX,74026592,74135363,-,74135363,74145363,3.072229892015457,2.893416172023614,0.9417967644750252,Mixed,NSC
Flna,chrX,74223461,74249820,-,74249820,74259820,3.95857529103756,3.1809461258451144,0.8035583238866159,Mixed,NSC
Emd,chrX,74254687,74261548,+,74244687,74254687,3.188043489718437,3.065641872060299,0.9616060389223398,Mixed,NSC
Rpl10,chrX,74270812,74273135,+,74260812,74270812,2.9176681772589683,2.36766638096571,0.8114926842674882,Mixed,NSC
Fam50a,chrX,74313033,74320149,+,74303033,74313033,4.014886936986446,3.062185907997687,0.7627078809586972,Mixed,NSC
Plxna3,chrX,74329066,74344689,+,74319066,74329066,2.991320443785191,2.6534316759904226,0.887043606947303,Mixed,NSC
Fam3a,chrX,74384719,74393272,-,74393272,74403272,2.8781678124308585,2.7772402316689493,0.9649333925819054,Mixed,NSC
G6pdx,chrX,74409483,74429194,-,74429194,74439194,3.235105491423607,2.640526366432508,0.8162102823022767,Mixed,NSC
Dkc1,chrX,75095854,75109777,+,75085854,75095854,2.1861282616615294,2.6802710771163305,1.2260356009849287,Mixed,NSC
Mpp1,chrX,75109733,75131016,-,75131016,75141016,2.0188931646347044,2.380504088262717,1.1791134518469886,Mixed,NSC
Cmc4,chrX,75404846,75416584,-,75416584,75426584,1.923923933672905,2.2569476281444234,1.173096081733207,Mixed,NSC
Rab39b,chrX,75572046,75578231,-,75578231,75588231,1.1306292759120464,0.9973579555273057,0.8821264200175299,Mixed,NSC
Tbl1x,chrX,77511013,77662983,+,77501013,77511013,2.2495409671783446,2.77828968329827,1.2350473824813903,Mixed,NSC
Prkx,chrX,77761411,77796278,-,77796278,77806278,2.8101868797540663,2.6388351825674374,0.9390248035028813,Mixed,NSC
Prrg1,chrX,78449613,78583896,-,78583896,78593896,1.9418457568883898,2.341109162171682,1.2056102570798781,Mixed,NSC
Tmem47,chrX,81070698,81097872,+,81060698,81070698,1.2261668253183364,2.1744900004029275,1.7734046913546109,Mixed,NSC
Tab3,chrX,85574022,85634469,+,85564022,85574022,2.4542683455109597,2.3464134019215903,0.9560541357318795,Mixed,NSC
Gk,chrX,85701937,85776819,-,85776819,85786819,2.0132280646443363,2.210456114729246,1.0979660742608177,Mixed,NSC
Arx,chrX,93286445,93298357,+,93276445,93286445,2.6790781482458113,3.0776175288160643,1.1487598937086647,Mixed,NSC
Pdk3,chrX,93764607,93832201,-,93832201,93842201,2.765026213526726,2.910160996607939,1.052489478172468,Mixed,NSC
Zfx,chrX,94074631,94123702,-,94123702,94133702,2.572832692182064,2.5272551464160284,0.9822850720513114,Mixed,NSC
Eif2s3x,chrX,94188707,94212862,-,94212862,94222862,2.7821350345253943,2.1855762853900593,0.7855751997181178,Mixed,NSC
Klhl15,chrX,94234599,94277724,+,94224599,94234599,2.2866562341332437,2.286441058673461,0.9999058995153838,Mixed,NSC
Fam90a1b,chrX,94355053,94366777,-,94366777,94376777,2.2976331090807918,2.8344475747267404,1.2336380266824718,Mixed,NSC
Maged1,chrX,94535474,94542143,-,94542143,94552143,2.4075180736780166,2.8142969295243425,1.1689619115610133,Mixed,NSC
Spin4,chrX,95022510,95026682,-,95026682,95036682,2.831317963898182,2.505924437340101,0.8850734778971711,Mixed,NSC
Arhgef9,chrX,95048935,95196856,-,95196856,95206856,1.724088235914707,2.4343401132265727,1.4119579627750578,Mixed,NSC
Amer1,chrX,95420318,95444872,-,95444872,95454872,2.0159858958482744,2.4865529297471043,1.2334178204658657,Mixed,NSC
Las1l,chrX,95935335,95956962,-,95956962,95966962,3.771842030787468,3.2545185418089226,0.862845929188996,Mixed,NSC
Ophn1,chrX,98554277,98891025,-,98891025,98901025,2.1765620335936546,2.6642997423807784,1.2240862889544366,Mixed,NSC
Yipf6,chrX,98936316,98949017,+,98926316,98936316,2.7489712377786635,2.9292654794534045,1.0655860778741468,Mixed,NSC
Stard8,chrX,99003248,99074728,+,98993248,99003248,2.890582123064995,2.779906896054745,0.9617117859661788,Mixed,NSC
Efnb1,chrX,99136130,99148991,+,99126130,99136130,4.007531093895436,2.630647634069125,0.6564260070436683,Mixed,NSC
Pja1,chrX,99465734,99471273,-,99471273,99481273,2.470243888497353,2.9274418704311054,1.1850821224830013,Mixed,NSC
Dlg3,chrX,100767722,100818410,+,100757722,100767722,0.9289680415391922,0.7362855175137519,0.7925843350798293,Mixed,NSC
Snx12,chrX,101097786,101222563,-,101222563,101232563,2.3713251005411147,2.4786920074145,1.0452771772410645,Mixed,NSC
Foxo4,chrX,101254528,101260873,+,101244528,101254528,2.9984666125416757,3.1171854871630664,1.0395931954435729,Mixed,NSC
Med12,chrX,101274030,101297465,+,101264030,101274030,2.679229056119919,2.600688752214114,0.9706854836743419,Mixed,NSC
Zmym3,chrX,101404384,101420849,-,101420849,101430849,2.9141893696308134,3.272476022883256,1.122945563176573,Mixed,NSC
Nono,chrX,101429318,101448591,+,101419318,101429318,3.040292026758194,3.329674654702346,1.0951825105605777,Mixed,NSC
Taf1,chrX,101532734,101601789,+,101522734,101532734,2.484453127741814,2.694773314225674,1.0846545197956807,Mixed,NSC
8030474K03Rik,chrX,101794656,101798642,+,101784656,101794656,1.8144229186415672,1.5970916815678278,0.8802201874541729,Mixed,NSC
Rtl5,chrX,102066544,102071304,-,102071304,102081304,4.934005672562122,4.181684629599253,0.847523271579012,Mixed,NSC
Ercc6l,chrX,102141716,102157091,-,102157091,102167091,3.3270812838196755,2.9125566577593482,0.8754089273152864,Mixed,NSC
Rps4x,chrX,102184941,102189394,-,102189394,102199394,3.902280083477497,3.3120741588672,0.8487535717619894,Mixed,NSC
Cited1,chrX,102247381,102252181,-,102252181,102262181,2.8944038274765016,2.734750052555402,0.944840532131173,Mixed,NSC
Phka1,chrX,102513975,102644246,-,102644246,102654246,2.69359043186903,2.6685220403512324,0.9906933172834287,Mixed,NSC
Chic1,chrX,103356476,103396092,+,103346476,103356476,1.813186903786659,2.873545384907722,1.5848037391548608,Mixed,NSC
Xist,chrX,103460366,103483254,-,103483254,103493254,2.1373529727220535,2.608319261395931,1.220350262537157,Mixed,NSC
Jpx,chrX,103493556,103565696,+,103483556,103493556,2.102660789728165,2.5689427680889767,1.2217580603769633,Mixed,NSC
Ftx,chrX,103560907,103623790,-,103623790,103633790,2.214432355761528,2.567842138449351,1.1595938488562625,Mixed,NSC
Rlim,chrX,103957163,103981284,-,103981284,103991284,2.426476857817173,2.693236684223016,1.1099370989451005,Mixed,NSC
Nexmif,chrX,104077434,104201185,-,104201185,104211185,2.3824101809859277,2.4321929006179173,1.020895948157587,Mixed,NSC
Abcb7,chrX,104280657,104413856,-,104413856,104423856,2.421625971162319,2.652218204458555,1.0952220681650344,Mixed,NSC
Uprt,chrX,104482818,104507490,+,104472818,104482818,2.6621978665947914,2.660407454125086,0.9993274682952116,Mixed,NSC
Zdhhc15,chrX,104536969,104671064,-,104671064,104681064,1.308255920958519,2.202872339081764,1.683823710476913,Mixed,NSC
Magee2,chrX,104854952,104857267,-,104857267,104867267,0.7413587365150451,1.0314542714734871,1.3913025107414443,Mixed,NSC
Pbdc1,chrX,105079756,105117090,+,105069756,105079756,1.6592552248239518,2.5556429855187734,1.5402350086255892,Mixed,NSC
Magee1,chrX,105120378,105123927,+,105110378,105120378,1.9576022726774218,2.3905835030357037,1.2211793664124078,Mixed,NSC
Fgf16,chrX,105764279,105774939,+,105754279,105764279,2.6065545132160186,2.5728554174602034,0.9870714018889877,Mixed,NSC
Atrx,chrX,105797615,105929403,-,105929403,105939403,2.036260660111904,2.7611392776807153,1.3559851799764058,Mixed,NSC
Magt1,chrX,105968084,106011906,-,106011906,106021906,2.5442976655602454,2.3324001565098764,0.916716698710758,Mixed,NSC
Atp7a,chrX,106027276,106124926,+,106017276,106027276,2.134707689642906,2.4552625155091286,1.1501633349715645,Mixed,NSC
Pgk1,chrX,106187100,106203699,+,106177100,106187100,2.007845966696739,2.6200051476359367,1.3048835374290726,Mixed,NSC
Taf9b,chrX,106206883,106221158,-,106221158,106231158,1.96124863820076,2.1815013879776,1.112302308583831,Mixed,NSC
Tent5d,chrX,107792590,107872909,+,107782590,107792590,1.7819961708784102,2.3822373661398886,1.336836411363105,Mixed,NSC
Brwd3,chrX,108737016,108834372,-,108834372,108844372,2.240367807114124,2.25888259109656,1.0082641715898808,Mixed,NSC
Hmgn5,chrX,109004534,109013404,-,109013404,109023404,2.448196407067776,2.8179067699313163,1.151013358975698,Mixed,NSC
Pou3f4,chrX,110814280,110817207,+,110804280,110814280,3.3931303821206096,4.732351593037446,1.3946860450672873,Mixed,NSC
Hdx,chrX,111569931,111697079,-,111697079,111707079,1.242265766584873,2.124157121487458,1.7099055440664703,Mixed,NSC
Pabpc5,chrX,119927196,119930165,+,119917196,119927196,1.5555684160232544,1.8627988128463429,1.1975036222505149,Mixed,NSC
Pcdh11x,chrX,120290259,120910619,+,120280259,120290259,0.9252957879662513,2.1557195125341417,2.32976259113023,Mixed,NSC
Diaph2,chrX,129749742,130465834,+,129739742,129749742,1.606883008480072,2.0588961183667185,1.2812980829974667,Mixed,NSC
Pcdh19,chrX,133582860,133688987,-,133688987,133698987,1.9068948043584826,1.9898392136216163,1.043497108006982,Mixed,NSC
Tspan6,chrX,133891068,133898429,-,133898429,133908429,1.6534182237267494,1.9417352787812547,1.1743763622035375,Mixed,NSC
Cstf2,chrX,134059187,134086819,+,134049187,134059187,3.186716897392273,2.71132937075297,0.8508221652735083,Mixed,NSC
Cenpi,chrX,134308084,134362639,+,134298084,134308084,2.2899154210567474,2.390394300452868,1.0438788605343998,Mixed,NSC
Taf7l,chrX,134460118,134476490,-,134476490,134486490,2.545972533762455,2.4441592390537266,0.960010057705427,Mixed,NSC
Timm8a1,chrX,134537256,134541865,-,134541865,134551865,3.4417945236563683,3.1936547906796133,0.9279039665874227,Mixed,NSC
Rpl36a,chrX,134585654,134588062,+,134575654,134585654,2.5342919132709505,2.6012634900808336,1.0264261494341607,Mixed,NSC
Hnrnph2,chrX,134601179,134607060,+,134591179,134601179,2.8230300288200376,2.79725463244915,0.9908695989388179,Mixed,NSC
Armcx4,chrX,134686519,134696757,+,134676519,134686519,2.127206036865711,2.675597684621811,1.2577990275752116,Mixed,NSC
Zmat1,chrX,134971372,135009209,-,135009209,135019209,2.287050182008743,2.5045763393998146,1.0951121051484825,Mixed,NSC
3632454L22Rik,chrX,135022734,135060336,-,135060336,135070336,2.5410319169878957,2.1380197815378508,0.8413982395279119,Mixed,NSC
Armcx5,chrX,135742733,135747322,+,135732733,135742733,2.866476780235767,2.7842841888387997,0.9713262664593407,Mixed,NSC
Gprasp1,chrX,135742733,135803474,+,135732733,135742733,2.866476780235767,2.7842841888387997,0.9713262664593407,Mixed,NSC
Bhlhb9,chrX,135797594,135891081,+,135787594,135797594,1.985856651186943,2.2532146062453586,1.134631044440502,Mixed,NSC
Gprasp2,chrX,135839034,135844730,+,135829034,135839034,2.2123742749094966,2.6032038649320604,1.1766561808528315,Mixed,NSC
BC065397,chrX,136741824,136803364,+,136731824,136741824,2.6510152635097506,2.746055347084999,1.0358504475185188,Mixed,NSC
Slc25a53,chrX,136981116,137038302,-,137038302,137048302,2.6034496966600416,2.3907331441720325,0.9182943489321486,Mixed,NSC
Fam199x,chrX,137049594,137082503,+,137039594,137049594,2.5146103469848633,2.4391874684770904,0.9700061368958381,Mixed,NSC
Nrk,chrX,138914430,139010532,+,138904430,138914430,2.3987383860349656,2.7892137891054154,1.1627836555014623,Mixed,NSC
Rnf128,chrX,139563316,139673145,+,139553316,139563316,2.2188239880084994,2.4549451505303383,1.1064172569784452,Mixed,NSC
Morc4,chrX,139821632,139871677,-,139871677,139881677,1.89850162678957,3.095378290955226,1.6304322562997295,Mixed,NSC
Nup62cl,chrX,140006805,140062712,-,140062712,140072712,1.6388401059627533,1.976948090640704,1.2063093180645135,Mixed,NSC
Prps1,chrX,140456613,140476140,+,140446613,140456613,3.15133318169117,2.974899910867214,0.9440131332830785,Mixed,NSC
Tsc22d3,chrX,140539528,140600659,-,140600659,140610659,2.327972194159031,2.4611497187316416,1.057207523743951,Mixed,NSC
Mid2,chrX,140664599,140767715,+,140654599,140664599,2.731829479753971,2.8891076386372245,1.0575724656494365,Mixed,NSC
Irs4,chrX,141710998,141725263,-,141725263,141735263,2.5215964300990104,2.3867578975717225,0.9465265214854411,Mixed,NSC
Acsl4,chrX,142317993,142390535,-,142390535,142400535,3.2057521470189094,2.7617972592413427,0.861513034253004,Mixed,NSC
Tmem164,chrX,142681406,142843494,+,142671406,142681406,3.2427832547307016,2.661108403559526,0.8206248134769398,Mixed,NSC
Ammecr1,chrX,142851146,142966728,-,142966728,142976728,2.446137923145294,2.481066245873769,1.014278967018983,Mixed,NSC
Alg13,chrX,144317804,144374450,+,144307804,144317804,2.6660080918073654,2.351685971605778,0.882100087705098,Mixed,NSC
Rtl4,chrX,144688907,145122411,+,144678907,144688907,1.4273422507643698,2.1426357051452,1.5011366082646096,Mixed,NSC
Htr2c,chrX,146962513,147197277,+,146952513,146962513,1.3474741370677947,2.0771983810782433,1.5415497217619207,Mixed,NSC
Lrch2,chrX,147470375,147554081,-,147554081,147564081,2.012607935190201,2.242215136309465,1.1140844160974477,Mixed,NSC
Tmem29,chrX,150397773,150459154,-,150459154,150469154,2.067280952680111,2.1566500053048134,1.043230240431926,Mixed,NSC
Pfkfb1,chrX,150588229,150643878,+,150578229,150588229,2.052338130712509,2.529681136151155,1.232584971401826,Mixed,NSC
Gnl3l,chrX,150983141,151017322,-,151017322,151027322,1.903935870051384,2.673735211809477,1.4043199951568313,Mixed,NSC
Fgd1,chrX,151046150,151089521,+,151036150,151046150,2.7978896955251695,2.742946780006091,0.9803627299507368,Mixed,NSC
Tsr2,chrX,151087094,151096543,-,151096543,151106543,2.745918861269951,3.172790051845709,1.1554565929083338,Mixed,NSC
Fam120c,chrX,151344175,151471842,+,151334175,151344175,2.5155600637197493,2.381737949828307,0.9468022585421554,Mixed,NSC
Phf8,chrX,151520672,151633859,+,151510672,151520672,1.9290175960659983,2.659488244299094,1.3786749533663163,Mixed,NSC
Huwe1,chrX,151800807,151935417,+,151790807,151800807,1.5425841472148896,2.349858473233382,1.523325957599145,Mixed,NSC
Smc1a,chrX,152016428,152062694,+,152006428,152016428,2.741745640814304,2.5560064537008604,0.9322551354332494,Mixed,NSC
Kdm5c,chrX,152233020,152274535,+,152223020,152233020,4.035531846165657,3.2617827677130697,0.8082658970495397,Mixed,NSC
Tspyl2,chrX,152336852,152342425,-,152342425,152352425,3.397463814496994,2.673277790447076,0.786845110473344,Mixed,NSC
Shroom2,chrX,152609509,152769465,-,152769465,152779465,2.434505295455456,2.76470063996315,1.1356313930078843,Mixed,NSC
Usp51,chrX,153006469,153009416,+,152996469,153006469,1.4675942915439606,1.142614046303431,0.7785626129012543,Mixed,NSC
9530051G07Rik,chrX,153037629,153072915,+,153027629,153037629,1.9846640059947969,2.054866063197454,1.0353722630080495,Mixed,NSC
Rragb,chrX,153139981,153171943,+,153129981,153139981,1.8090961054384707,2.530319566770394,1.3986650898002573,Mixed,NSC
Ubqln2,chrX,153498227,153501570,+,153488227,153498227,1.2081986338734627,2.1088957213163373,1.745487589698108,Mixed,NSC
Sat1,chrX,155213132,155216449,-,155216449,155226449,0.9438274513483047,1.1770051637848218,1.247055446526175,Mixed,NSC
Acot9,chrX,155262443,155297654,+,155252443,155262443,1.935417801183462,2.324361787013213,1.2009612527031224,Mixed,NSC
Prdx4,chrX,155323918,155340754,-,155340754,155350754,1.9419116050839427,2.789102041228612,1.4362662203195637,Mixed,NSC
Ptchd1,chrX,155573455,155623814,-,155623814,155633814,2.1556152532339095,2.655613340449333,1.2319514516634236,Mixed,NSC
Mbtps2,chrX,157535371,157598715,-,157598715,157608715,2.012822600901127,2.8097546103994055,1.3959275939874172,Mixed,NSC
Yy2,chrX,157566119,157568985,-,157568985,157578985,2.756638604104519,2.373559772272905,0.8610340756088862,Mixed,NSC
Cnksr2,chrX,157821436,158043294,-,158043294,158053294,1.6525911685943604,2.2579540614883107,1.3663113445104829,Mixed,NSC
Rps6ka3,chrX,159210307,159368244,+,159200307,159210307,1.5572172375679019,2.1676609142065053,1.3920093240118563,Mixed,NSC
Eif1ax,chrX,159372178,159389928,+,159362178,159372178,2.5672897116541864,2.4616262470404306,0.9588424071759033,Mixed,NSC
Bclaf3,chrX,159526688,159593081,+,159516688,159526688,2.6092838070392608,2.210113156767686,0.8470190750447683,Mixed,NSC
Sh3kbp1,chrX,159627272,159978069,+,159617272,159627272,3.647320252406597,2.50241497695446,0.6860968611964637,Mixed,NSC
Map3k15,chrX,159988433,160123351,+,159978433,159988433,2.849883888876438,2.9184337865392362,1.024053575631751,Mixed,NSC
Pdha1,chrX,160122209,160138413,-,160138413,160148413,2.0121887513756755,2.4284339305162432,1.206861895463829,Mixed,NSC
Adgrg2,chrX,160390690,160498070,+,160380690,160390690,2.6936070389747617,2.7216567017436026,1.0104134205038005,Mixed,NSC
Phka2,chrX,160502166,160598878,+,160492166,160502166,1.9699838541150094,2.3114384694536527,1.1733286364887683,Mixed,NSC
Rs1,chrX,160768013,160799663,+,160758013,160768013,2.531779912567139,3.019152869816621,1.1925021029001301,Mixed,NSC
Cdkl5,chrX,160771923,160994704,-,160994704,161004704,2.806891159117222,2.7953986691514654,0.9959056161018474,Mixed,NSC
Rai2,chrX,161717069,161779496,+,161707069,161717069,1.1428535883665085,1.2158796192447345,1.0638979757526095,Mixed,NSC
Nhs,chrX,161833296,162159730,-,162159730,162169730,2.160029087781906,2.7303150438666344,1.264017720553173,Mixed,NSC
Reps2,chrX,162411954,162643649,-,162643649,162653649,3.508320869195461,2.640276563946406,0.7525755660290795,Mixed,NSC
Rbbp7,chrX,162760402,162779092,+,162750402,162760402,2.715446445405483,2.747417645315329,1.011773828190919,Mixed,NSC
Txlng,chrX,162778919,162829454,-,162829454,162839454,2.571327846288681,2.770939961218834,1.0776299744189612,Mixed,NSC
Syap1,chrX,162857057,162888447,-,162888447,162898447,2.845809057605267,2.5492474685430526,0.8957900607317031,Mixed,NSC
Ap1s2,chrX,163909017,163933666,+,163899017,163909017,1.493472145187855,2.328587626600265,1.559177139060311,Mixed,NSC
Zrsr2,chrX,163935443,163958661,-,163958661,163968661,3.0677210995554924,2.823722726062934,0.9204626608566491,Mixed,NSC
Siah1b,chrX,164070705,164076493,-,164076493,164086493,1.7108592069149018,1.9983627726753552,1.1680463036341213,Mixed,NSC
Piga,chrX,164419787,164433916,+,164409787,164419787,1.751221343576908,2.9150260815421745,1.6645674701452473,Mixed,NSC
Gemin8,chrX,166170454,166190512,+,166160454,166170454,1.7155245698213577,2.429292186017831,1.4160637677551888,Mixed,NSC
Gpm6b,chrX,166238911,166388988,+,166228911,166238911,2.7275119691371916,2.91339263317585,1.0681502652021209,Mixed,NSC
Ofd1,chrX,166390033,166440704,-,166440704,166450704,2.346357456421852,2.488887028535207,1.0607450376852254,Mixed,NSC
Rab9,chrX,166457253,166479867,-,166479867,166489867,2.1481647512316706,2.309708758300543,1.075200939302374,Mixed,NSC
Tceanc,chrX,166499812,166518567,-,166518567,166528567,2.8696263919591907,2.357545141172409,0.8215512471513177,Mixed,NSC
Prps2,chrX,167346322,167382749,-,167382749,167392749,2.3307756358146667,2.909618563091755,1.2483477681775095,Mixed,NSC
Msl3,chrX,168654117,168673898,-,168673898,168683898,2.6757116938829424,2.8159111776749293,1.052397081536289,Mixed,NSC
Arhgap6,chrX,168795099,169304435,+,168785099,168795099,2.262488820362091,2.2487676392436025,0.9939353595938244,Mixed,NSC
Gm15246,chrX,169320622,169368190,+,169310622,169320622,1.9952465149760246,2.7099426118334136,1.3581993961613195,Mixed,NSC
Asmt,chrX,170672644,170678054,+,170662644,170672644,0.023737578165531157,0.016847686707973483,0.709747497848692,Mixed,NSC
