gene,chrom,start,end,strand,promoter_start,promoter_end,s2s_signal,s3_signal,diff,state,cell_type
Zfp263,chr16,3744093,3750790,+,3734093,3744093,5.0578757283926015,4.8782490956226985,-0.17962663276990298,Mixed,Neu
Zfp597,chr16,3858321,3884561,-,3884561,3894561,3.8398515211343764,4.605754919393857,0.7659033982594807,Mixed,Neu
Cluap1,chr16,3908801,3941147,+,3898801,3908801,4.936327319264413,4.820681602946917,-0.11564571631749576,Mixed,Neu
Slx4,chr16,3979105,4003770,-,4003770,4013770,5.690526574492454,4.562832981348037,-1.127693593144417,Mixed,Neu
Trap1,chr16,4039971,4077827,-,4077827,4087827,5.44017197573185,5.421840533487003,-0.01833144224484773,Mixed,Neu
Crebbp,chr16,4081328,4213997,-,4213997,4223997,5.936626662147045,4.23742983414332,-1.6991968280037248,Mixed,Neu
Adcy9,chr16,4287529,4420498,-,4420498,4430498,4.983392878675461,4.914278599715233,-0.06911427896022726,Mixed,Neu
Srl,chr16,4480216,4541816,-,4541816,4551816,5.213939150309562,4.212298538271586,-1.001640612037976,Mixed,Neu
Tfap4,chr16,4544661,4559854,-,4559854,4569854,5.181956739425659,4.525020029656092,-0.6569367097695666,Mixed,Neu
Glis2,chr16,4594713,4624924,+,4584713,4594713,5.556099655532837,3.823927753186226,-1.7321719023466104,Mixed,Neu
Pam16,chr16,4616464,4624988,-,4624988,4634988,6.240204561448096,5.1197607009331385,-1.1204438605149578,Mixed,Neu
Coro7,chr16,4626133,4679777,-,4679777,4689777,5.987677077460289,4.580456594117482,-1.4072204833428072,Mixed,Neu
Vasn,chr16,4639941,4650802,+,4629941,4639941,6.066761698722839,4.869637938610713,-1.1971237601121265,Mixed,Neu
Dnaja3,chr16,4639989,4707695,+,4629989,4639989,6.074448863625526,4.852635142989954,-1.2218137206355717,Mixed,Neu
Hmox2,chr16,4726361,4766742,+,4716361,4726361,4.850368512010574,4.685021523801486,-0.16534698820908833,Mixed,Neu
Cdip1,chr16,4750348,4790292,-,4790292,4800292,4.476012623739243,5.379462364975612,0.9034497412363685,Mixed,Neu
Ubald1,chr16,4874778,4880315,-,4880315,4890315,5.6065551449656486,4.400610602458318,-1.2059445425073303,Mixed,Neu
Mgrn1,chr16,4886249,4938296,+,4876249,4886249,6.212979587507247,4.734204797387123,-1.4787747901201245,Mixed,Neu
Nudt16l1,chr16,4938761,4941032,+,4928761,4938761,6.275404061675072,4.056442881278197,-2.2189611803968754,Euchromatin,Neu
Anks3,chr16,4941436,4964205,-,4964205,4974205,6.652993660569191,4.8393199933369955,-1.8136736672321954,Mixed,Neu
Rogdi,chr16,5008730,5013553,-,5013553,5023553,4.10564398765564,5.36442588057518,1.25878189291954,Mixed,Neu
Ubn1,chr16,5050057,5086289,+,5040057,5050057,4.006489054441452,4.950643835759163,0.9441547813177102,Mixed,Neu
Ppl,chr16,5086291,5132421,-,5132421,5142421,4.76220630505085,4.319362490002314,-0.4428438150485361,Mixed,Neu
Nagpa,chr16,5195289,5204012,-,5204012,5214012,4.737730211734772,4.80208201127847,0.06435179954369818,Mixed,Neu
Alg1,chr16,5233621,5244912,+,5223621,5233621,2.283059834599495,2.4703529667854305,0.18729313218593546,Mixed,Neu
Eef2kmt,chr16,5244152,5255983,-,5255983,5265983,3.6946334135055543,4.264257748222351,0.5696243347167971,Mixed,Neu
Rbfox1,chr16,5885355,7411526,+,5875355,5885355,3.787240193128586,3.3725262585481004,-0.4147139345804858,Mixed,Neu
Tmem114,chr16,8409275,8425136,-,8425136,8435136,3.36775211057663,3.8426073504527403,0.47485523987611034,Mixed,Neu
Abat,chr16,8513429,8621568,+,8503429,8513429,5.043095328187943,4.806530826807022,-0.23656450138092033,Mixed,Neu
Pmm2,chr16,8637674,8662467,+,8627674,8637674,4.9135622646570205,5.0894392752488455,0.17587701059182503,Mixed,Neu
Carhsp1,chr16,8658580,8672155,-,8672155,8682155,5.262468264818192,5.098241647521655,-0.16422661729653765,Mixed,Neu
Usp7,chr16,8689595,8792308,-,8792308,8802308,5.2441164950847625,5.182567386992773,-0.06154910809198988,Mixed,Neu
Grin2a,chr16,9567898,9995560,-,9995560,10005560,4.3116446933746335,5.539996777455012,1.2283520840803783,Mixed,Neu
Atf7ip2,chr16,10192712,10251478,+,10182712,10192712,4.885328652524948,4.638393570494652,-0.24693508203029602,Mixed,Neu
Emp2,chr16,10281749,10313968,-,10313968,10323968,4.527179835414886,5.080356737089157,0.5531769016742709,Mixed,Neu
Tekt5,chr16,10357948,10395490,-,10395490,10405490,1.6883499599695206,2.552704304814339,0.8643543448448183,Mixed,Neu
Nubp1,chr16,10411948,10424428,+,10401948,10411948,2.3035522599220277,2.819998952627182,0.5164466927051543,Mixed,Neu
Dexi,chr16,10502531,10543054,-,10543054,10553054,4.290105057001114,5.90523825357755,1.6151331965764362,Mixed,Neu
Clec16a,chr16,10545339,10744878,+,10535339,10545339,4.816443371808528,4.207784698327383,-0.6086586734811457,Mixed,Neu
Socs1,chr16,10782240,10785536,-,10785536,10795536,4.567193135428429,3.981660303711891,-0.585532831716538,Mixed,Neu
Rmi2,chr16,10835059,10892966,+,10825059,10835059,4.79273813445568,5.0741802574714026,0.28144212301572225,Mixed,Neu
Litaf,chr16,10959275,11066157,-,11066157,11076157,5.9865997177124015,4.07665886780421,-1.9099408499081916,Mixed,Neu
Snn,chr16,11060945,11074985,+,11050945,11060945,5.123171433329583,4.184441262205442,-0.9387301711241411,Mixed,Neu
Txndc11,chr16,11074911,11134650,-,11134650,11144650,61.11419507217408,11.861576767325401,-49.252618304848674,Euchromatin,Neu
Zc3h7a,chr16,11136592,11176393,-,11176393,11186393,5.269440297341347,4.634715058883031,-0.6347252384583157,Mixed,Neu
Rsl1d1,chr16,11192970,11203331,-,11203331,11213331,5.361160115098953,4.548394562641779,-0.812765552457174,Mixed,Neu
Mir1945,chr16,11254368,11254445,-,11254445,11264445,4.581332050919532,5.451634227077165,0.8703021761576331,Mixed,Neu
Cpped1,chr16,11803721,11909445,-,11909445,11919445,3.987180212855339,4.910804543534915,0.9236243306795755,Mixed,Neu
Shisa9,chr16,11984113,12270902,+,11974113,11984113,4.337240163993836,4.440686395398775,0.10344623140493958,Mixed,Neu
Ercc4,chr16,13109684,13150617,+,13099684,13109684,1.7579610617637635,1.5336250381628673,-0.22433602360089622,Mixed,Neu
Mrtfb,chr16,13256481,13417529,+,13246481,13256481,4.0660434377670285,5.220065335853895,1.1540218980868664,Mixed,Neu
Mir193b,chr16,13449523,13449601,+,13439523,13449523,6.415335048222542,4.712997806787491,-1.7023372414350515,Mixed,Neu
Parn,chr16,13537960,13668170,-,13668170,13678170,4.851269501328469,4.603265150030454,-0.24800435129801457,Mixed,Neu
Bfar,chr16,13671858,13703612,+,13661858,13671858,4.5931902093648915,4.289161341810226,-0.3040288675546652,Mixed,Neu
A930007A09Rik,chr16,13754566,13758537,+,13744566,13754566,5.127147296071053,4.762185809977849,-0.364961486093204,Mixed,Neu
Rrn3,chr16,13780708,13814839,+,13770708,13780708,6.580253862380982,5.1029827077786125,-1.4772711546023691,Mixed,Neu
Ntan1,chr16,13818845,13835451,+,13808845,13818845,4.7254736371040345,5.934430741508802,1.2089571044047673,Mixed,Neu
Mpv17l,chr16,13903161,13949619,+,13893161,13903161,4.835608485746383,5.25812719570001,0.4225187099536267,Mixed,Neu
Marf1,chr16,14109173,14163351,-,14163351,14173351,4.765016701364517,4.71221371623675,-0.05280298512776671,Mixed,Neu
Abcc1,chr16,14361558,14475737,+,14351558,14361558,4.581687848877907,4.581828117307027,0.0001402684291198497,Mixed,Neu
Snai2,chr16,14705852,14709385,+,14695852,14705852,4.359482325196266,5.310325637873014,0.9508433126767475,Mixed,Neu
Ube2v2,chr16,15552077,15595773,-,15595773,15605773,5.182794805717468,4.825759598461787,-0.35703520725568083,Mixed,Neu
Mcm4,chr16,15623897,15637400,-,15637400,15647400,5.997151290535927,4.198874876499176,-1.798276414036751,Mixed,Neu
Mzt2,chr16,15848441,15863369,-,15863369,15873369,4.888487480401992,5.1424085422913235,0.25392106188933106,Mixed,Neu
Cebpd,chr16,15887286,15891031,+,15877286,15887286,3.3126526485443115,5.0563691587527595,1.743716510208448,Mixed,Neu
Spidr,chr16,15889224,16146851,-,16146851,16156851,3.0333679822683335,4.286611795878411,1.2532438136100774,Mixed,Neu
Pkp2,chr16,16213318,16272712,+,16203318,16213318,3.8310199823856355,4.845244357085227,1.0142243746995918,Mixed,Neu
Yars2,chr16,16302965,16309640,+,16292965,16302965,4.326527170538902,5.0809679875373845,0.7544408169984829,Mixed,Neu
Dnm1l,chr16,16312230,16358959,-,16358959,16368959,4.3808268983364105,5.729739896178245,1.3489129978418344,Mixed,Neu
Fgd4,chr16,16416917,16600549,-,16600549,16610549,5.795188615238667,4.333426016338666,-1.461762598900001,Mixed,Neu
Spag6l,chr16,16753016,16829456,-,16829456,16839456,8.438769507956506,3.51503284060955,-4.923736667346956,Euchromatin,Neu
Top3b,chr16,16870736,16892990,+,16860736,16870736,5.503662955117226,4.796944974295298,-0.7067179808219279,Mixed,Neu
Mapk1,chr16,16983382,17047453,+,16973382,16983382,3.777376040506363,5.139949508213996,1.3625734677076329,Mixed,Neu
Ypel1,chr16,17069696,17087045,+,17059696,17069696,4.197845335602761,4.8397208329121275,0.6418754973093668,Mixed,Neu
Ppil2,chr16,17086555,17111257,-,17111257,17121257,4.377241934776306,4.793177554233869,0.41593561945756274,Mixed,Neu
Sdf2l1,chr16,17130138,17132383,-,17132383,17142383,4.612756577324867,4.2998514447291685,-0.31290513259569863,Mixed,Neu
Ydjc,chr16,17144621,17160701,+,17134621,17144621,5.601029470801354,3.9033042517344154,-1.6977252190669385,Mixed,Neu
Ube2l3,chr16,17152013,17202649,-,17202649,17212649,6.222919858455658,4.0508222346862155,-2.1720976237694423,Euchromatin,Neu
Rimbp3,chr16,17208603,17213982,+,17198603,17208603,5.205779394054412,4.442592333340644,-0.7631870607137676,Mixed,Neu
Pi4ka,chr16,17280351,17406314,-,17406314,17416314,4.336781540822983,4.604321467232705,0.2675399264097216,Mixed,Neu
Crkl,chr16,17451987,17487434,+,17441987,17451987,3.272063917732239,3.365143547733624,0.0930796300013852,Mixed,Neu
Lztr1,chr16,17508688,17526333,+,17498688,17508688,5.693868665719032,3.9440118914922078,-1.7498567742268243,Mixed,Neu
Thap7,chr16,17527982,17531136,-,17531136,17541136,5.2943280024528505,4.230419686690967,-1.0639083157618838,Mixed,Neu
Smpd4,chr16,17619354,17644828,+,17609354,17619354,5.010327171564102,3.5969745313247046,-1.4133526402393972,Mixed,Neu
Med15,chr16,17651208,17732891,-,17732891,17742891,4.389981663477421,4.198923024805386,-0.1910586386720352,Mixed,Neu
Klhl22,chr16,17759618,17793382,+,17749618,17759618,3.4100369675397872,5.2877973652203885,1.8777603976806012,Mixed,Neu
Scarf2,chr16,17797282,17808293,+,17787282,17797282,5.266664631605148,4.450120981995265,-0.8165436496098835,Mixed,Neu
Car15,chr16,17835276,17838364,-,17838364,17848364,5.125025005149841,4.887583884994189,-0.2374411201556521,Mixed,Neu
Dgcr2,chr16,17839482,17898562,-,17898562,17908562,6.838852288460731,4.831007866938909,-2.0078444215218223,Euchromatin,Neu
Tssk2,chr16,17898637,17900024,+,17888637,17898637,6.144138453412056,4.723553516038259,-1.420584937373797,Mixed,Neu
Ess2,chr16,17900709,17911348,-,17911348,17921348,4.74114164659977,4.16002423020204,-0.5811174163977304,Mixed,Neu
Slc25a1,chr16,17925223,17928219,-,17928219,17938219,3.905018293952942,4.633892660331726,0.7288743663787836,Mixed,Neu
Dgcr6,chr16,18052860,18071632,+,18042860,18052860,5.014830317497253,4.547832178672155,-0.46699813882509833,Mixed,Neu
Prodh,chr16,18060357,18090203,-,18090203,18100203,4.057776943218708,3.755785281475385,-0.3019916617433229,Mixed,Neu
Rtn4r,chr16,18127642,18152408,+,18117642,18127642,5.998661094284057,4.387427326043447,-1.6112337682406102,Mixed,Neu
Zdhhc8,chr16,18220753,18235136,-,18235136,18245136,6.2735708342790595,4.9885094574451445,-1.285061376833915,Mixed,Neu
Trmt2a,chr16,18248679,18254772,+,18238679,18248679,6.93464002521038,5.434437221415838,-1.5002028037945427,Mixed,Neu
Dgcr8,chr16,18253948,18289246,-,18289246,18299246,3.404328525710106,3.5424530877749127,0.1381245620648066,Mixed,Neu
Tango2,chr16,18300825,18348103,-,18348103,18358103,6.358758364033699,4.475213035146395,-1.8835453288873039,Mixed,Neu
Arvcf,chr16,18348182,18407076,+,18338182,18348182,4.875931548047066,5.05247479098638,0.17654324293931367,Mixed,Neu
Comt,chr16,18406886,18426852,-,18426852,18436852,6.435138949871063,4.878586737632752,-1.5565522122383113,Mixed,Neu
Gnb1l,chr16,18498713,18566679,+,18488713,18498713,4.103698758435249,4.255074664449692,0.15137590601444284,Mixed,Neu
Tbx1,chr16,18580979,18590671,-,18590671,18600671,4.522638739514351,3.7708304568608604,-0.7518082826534904,Mixed,Neu
Gp1bb,chr16,18620317,18622403,-,18622403,18632403,6.283014535570144,4.8853453832705815,-1.3976691522995628,Mixed,Neu
Septin5,chr16,18620502,18629954,-,18629954,18639954,4.980143858790398,4.553524340566,-0.42661951822439814,Mixed,Neu
Ufd1,chr16,18811779,18835261,+,18801779,18811779,4.528481609463692,4.118837879284222,-0.40964373017946976,Mixed,Neu
2510002D24Rik,chr16,18836578,18840160,+,18826578,18836578,4.688192204093934,5.12974706466198,0.44155486056804616,Mixed,Neu
Hira,chr16,18877037,18970309,+,18867037,18877037,6.3321521346330645,5.571316286381086,-0.7608358482519781,Mixed,Neu
B3gnt5,chr16,19760208,19772753,+,19750208,19760208,3.0366931885957715,5.0742687221765514,2.03757553358078,Heterochromatin,Neu
Klhl24,chr16,20097542,20129221,+,20087542,20097542,4.93364460992813,5.096044529819489,0.16239991989135838,Mixed,Neu
Yeats2,chr16,20141063,20232573,+,20131063,20141063,4.962448397278786,3.9827530624548593,-0.9796953348239268,Mixed,Neu
Map6d1,chr16,20233303,20241358,-,20241358,20251358,4.429600739741326,4.797126525211334,0.3675257854700087,Mixed,Neu
Parl,chr16,20279818,20302387,-,20302387,20312387,4.694637559700012,5.296161146680514,0.6015235869805018,Mixed,Neu
Abcc5,chr16,20331303,20426394,-,20426394,20436394,5.10953024148941,4.769063265752792,-0.3404669757366179,Mixed,Neu
Eif2b5,chr16,20498817,20509323,+,20488817,20498817,4.250929439425469,4.384389689413706,0.13346024998823758,Mixed,Neu
Dvl3,chr16,20516982,20534010,+,20506982,20516982,4.832862768292427,4.982189648501078,0.14932688020865115,Mixed,Neu
Ap2m1,chr16,20535478,20544909,+,20525478,20535478,7.131156535029412,4.447118945296605,-2.6840375897328066,Euchromatin,Neu
Gm15760,chr16,20545212,20548456,-,20548456,20558456,5.862842375397682,5.175897501675288,-0.6869448737223944,Mixed,Neu
Eef1akmt4,chr16,20611593,20619011,+,20601593,20611593,4.584373420119285,4.341868742624919,-0.24250467749436666,Mixed,Neu
Camk2n2,chr16,20619215,20621287,-,20621287,20631287,4.144112540602684,4.06218768030405,-0.081924860298634,Mixed,Neu
Ece2,chr16,20629828,20646485,+,20619828,20629828,4.509622336173058,4.044274117525419,-0.4653482186476383,Mixed,Neu
Psmd2,chr16,20651652,20663414,+,20641652,20651652,5.494571331977844,4.675127669699987,-0.8194436622778571,Mixed,Neu
Eif4g1,chr16,20668313,20692884,+,20658313,20668313,4.772955582761764,4.50680779118538,-0.26614779157638413,Mixed,Neu
Fam131a,chr16,20693241,20703048,+,20683241,20693241,5.306342234802246,4.433140607523918,-0.8732016272783278,Mixed,Neu
Clcn2,chr16,20702964,20717746,-,20717746,20727746,4.488170070528984,5.371361058465641,0.8831909879366568,Mixed,Neu
Chrd,chr16,20733127,20742384,+,20723127,20733127,5.594612992215156,4.885910072247188,-0.7087029199679682,Mixed,Neu
Ephb3,chr16,21204755,21223305,+,21194755,21204755,5.300373687386513,5.538725327809652,0.23835164042313917,Mixed,Neu
Magef1,chr16,21331902,21333356,-,21333356,21343356,3.0776107469797136,4.670314665826162,1.592703918846448,Mixed,Neu
Vps8,chr16,21423118,21644680,+,21413118,21423118,4.564111191916465,4.121777740502358,-0.4423334514141075,Mixed,Neu
2510009E07Rik,chr16,21649045,21694665,-,21694665,21704665,5.491982004165649,4.086538997689884,-1.4054430064757657,Mixed,Neu
1300002E11Rik,chr16,21794318,21809040,+,21784318,21794318,4.819776595401764,4.622173591478666,-0.19760300392309826,Mixed,Neu
Tmem41a,chr16,21934326,21947552,-,21947552,21957552,5.92048202085495,4.876370921214421,-1.0441110996405287,Mixed,Neu
Senp2,chr16,22009484,22049269,+,21999484,22009484,5.625015406823159,5.09637617611885,-0.5286392307043082,Mixed,Neu
Igf2bp2,chr16,22059009,22163299,-,22163299,22173299,5.159654865419864,5.624945324730874,0.4652904593110092,Mixed,Neu
Tra2b,chr16,22244549,22266005,-,22266005,22276005,4.250313910245896,4.831447389006615,0.5811334787607194,Mixed,Neu
Etv5,chr16,22381309,22439719,-,22439719,22449719,5.303320849299431,4.0679549146016445,-1.2353659346977865,Mixed,Neu
Dgkg,chr16,22468461,22657221,-,22657221,22667221,4.079714206433296,4.463325260353089,0.38361105391979233,Mixed,Neu
Dnajb11,chr16,22857845,22879634,+,22847845,22857845,3.5341821516752248,4.49475385860602,0.9605717069307955,Mixed,Neu
Eif4a2,chr16,23107444,23114136,+,23097444,23107444,4.9310423439502715,4.174616183638572,-0.7564261603116993,Mixed,Neu
Rfc4,chr16,23113943,23127737,-,23127737,23137737,6.161648517012597,5.3873912893136335,-0.7742572276989632,Mixed,Neu
BC106179,chr16,23220656,23225484,-,23225484,23235484,3.621150749397278,3.7977813732306163,0.17663062383333816,Mixed,Neu
Bcl6,chr16,23965052,23988852,-,23988852,23998852,4.536559296059608,4.756008627907435,0.21944933184782656,Mixed,Neu
Lpp,chr16,24393507,24992578,+,24383507,24393507,4.277887639665604,5.093930915792782,0.8160432761271785,Mixed,Neu
P3h2,chr16,25959288,26105784,-,26105784,26115784,5.201957283830643,4.4254153416395186,-0.7765419421911242,Mixed,Neu
Il1rap,chr16,26581704,26730117,+,26571704,26581704,4.544773282718658,5.344633983381589,0.7998607006629301,Mixed,Neu
Gmnc,chr16,26913553,26991652,-,26991652,27001652,3.2918242757320404,3.9446631648937855,0.6528388891617452,Mixed,Neu
Ccdc50,chr16,27388869,27452218,+,27378869,27388869,2.913349826526642,5.495039429632822,2.58168960310618,Heterochromatin,Neu
Fgf12,chr16,28160098,28753068,-,28753068,28763068,5.552273223900794,5.727932786830267,0.17565956292947238,Mixed,Neu
Mb21d2,chr16,28826176,28929673,-,28929673,28939673,4.278584496974945,4.793231214269002,0.514646717294057,Mixed,Neu
Plaat1,chr16,29209695,29230531,+,29199695,29209695,3.9493752623796463,5.169612965385119,1.220237703005473,Mixed,Neu
Opa1,chr16,29579334,29654884,+,29569334,29579334,2.7999497609615327,3.961476093403498,1.1615263324419653,Mixed,Neu
4632428C04Rik,chr16,30008667,30021430,+,29998667,30008667,3.5107287251472474,4.384350510732333,0.8736217855850859,Mixed,Neu
Hes1,chr16,30064384,30067796,+,30054384,30064384,3.0605332785606385,5.228475292595228,2.167942014034589,Heterochromatin,Neu
Lrrc15,chr16,30269302,30283256,-,30283256,30293256,4.727316514134407,4.09586065518856,-0.6314558589458468,Mixed,Neu
Gp5,chr16,30307685,30310779,-,30310779,30320779,3.468935867547989,5.031107339866956,1.5621714723189672,Mixed,Neu
Atp13a3,chr16,30312423,30405975,-,30405975,30415975,4.542017434120178,3.6789291953643164,-0.863088238755862,Mixed,Neu
Tmem44,chr16,30511855,30550842,-,30550842,30560842,4.4841430515766145,4.4150739731470745,-0.06906907842954002,Mixed,Neu
Lsg1,chr16,30560494,30587592,-,30587592,30597592,4.842781685829163,3.9885784546216327,-0.8542032312075301,Mixed,Neu
Fam43a,chr16,30599723,30602797,+,30589723,30599723,4.925977059340477,3.7592406668663023,-1.1667363924741747,Mixed,Neu
Xxylt1,chr16,30955144,31081432,-,31081432,31091432,2.2052892625331877,2.6989008153676988,0.4936115528345111,Mixed,Neu
Acap2,chr16,31092412,31201245,-,31201245,31211245,4.47159776365757,4.2542466111977895,-0.21735115245978065,Mixed,Neu
Ppp1r2,chr16,31251537,31275277,-,31275277,31285277,4.129711307454109,4.7421044860204065,0.6123931785662977,Mixed,Neu
Gm15743,chr16,31427876,31429776,-,31429776,31439776,6.196833410024643,4.601950235708554,-1.594883174316089,Mixed,Neu
Dlg1,chr16,31663443,31875129,+,31653443,31663443,3.54176476944685,4.412509667086601,0.8707448976397512,Mixed,Neu
Pigz,chr16,31933851,31946046,+,31923851,31933851,5.70897462413311,4.632542693575224,-1.0764319305578862,Mixed,Neu
Senp5,chr16,31959672,32003287,-,32003287,32013287,3.923660468697548,4.175160310924054,0.2514998422265058,Mixed,Neu
Pak2,chr16,32016290,32079342,-,32079342,32089342,2.892595903515816,4.288781536968549,1.396185633452733,Mixed,Neu
Cep19,chr16,32099800,32108069,+,32089800,32099800,3.516113093614578,4.271702496568362,0.7555894029537837,Mixed,Neu
Nrros,chr16,32142785,32165594,-,32165594,32175594,5.628046137619018,4.046963660868008,-1.5810824767510097,Mixed,Neu
Fbxo45,chr16,32230112,32247158,-,32247158,32257158,6.921749512147904,4.704273570251465,-2.2174759418964385,Euchromatin,Neu
Rnf168,chr16,32277459,32301434,+,32267459,32277459,6.332888429343701,5.011904248197873,-1.3209841811458274,Mixed,Neu
Ubxn7,chr16,32332257,32393747,+,32322257,32332257,5.05576047205925,4.375190589769681,-0.6805698822895687,Mixed,Neu
Pcyt1a,chr16,32430921,32475070,+,32420921,32430921,4.198288818669319,4.555998388115565,0.35770956944624643,Mixed,Neu
Tfrc,chr16,32608920,32632794,+,32598920,32608920,3.9394353071451187,4.601729978402456,0.662294671257337,Mixed,Neu
Tnk2,chr16,32643874,32683493,+,32633874,32643874,4.909760995006561,4.8134507822354635,-0.09631021277109753,Mixed,Neu
Rubcn,chr16,32821703,32877766,-,32877766,32887766,3.6115904243469235,5.008250760475795,1.3966603361288712,Mixed,Neu
Lrch3,chr16,32914100,33015647,+,32904100,32914100,3.1054318500757216,5.00337931505839,1.8979474649826682,Mixed,Neu
Rpl35a,chr16,33056453,33060189,+,33046453,33056453,3.47962558362484,3.9407137807210284,0.4610881970961884,Mixed,Neu
Lmln,chr16,33062521,33127695,+,33052521,33062521,3.7901540168166163,3.9868610925038657,0.19670707568724932,Mixed,Neu
Osbpl11,chr16,33185071,33243312,+,33175071,33185071,4.67422013926506,5.44122868022124,0.76700854095618,Mixed,Neu
Snx4,chr16,33251442,33300269,+,33241442,33251442,6.232576248407364,5.557389873917898,-0.6751863744894662,Mixed,Neu
1700007L15Rik,chr16,33379854,33380727,-,33380727,33390727,3.9750615998506547,4.593157411718368,0.6180958118677138,Mixed,Neu
Heg1,chr16,33684370,33771576,+,33674370,33684370,5.063091352581978,4.574536386489868,-0.48855496609211,Mixed,Neu
Itgb5,chr16,33829665,33949338,+,33819665,33829665,4.510718427062034,5.458162190755208,0.9474437636931734,Mixed,Neu
Umps,chr16,33954782,33967038,-,33967038,33977038,3.8004035426378246,5.272929714123408,1.4725261714855833,Mixed,Neu
Kalrn,chr16,33969073,34573532,-,34573532,34583532,2.506511765766144,3.6343280023733766,1.1278162366072326,Mixed,Neu
Ccdc14,chr16,34690616,34725202,+,34680616,34690616,4.694850520300865,4.5716003904342655,-0.12325012986659978,Mixed,Neu
Mylk,chr16,34745210,35002420,+,34735210,34745210,4.656245236039162,5.205440640687942,0.5491954046487804,Mixed,Neu
Hacd2,chr16,35022428,35109177,+,35012428,35022428,5.776659747171402,5.885109621493022,0.10844987432162068,Mixed,Neu
Adcy5,chr16,35154877,35305738,+,35144877,35154877,4.5692986752986915,4.312572436650594,-0.2567262386480973,Mixed,Neu
Sec22a,chr16,35311131,35363918,-,35363918,35373918,2.512356164336205,4.98856189763546,2.476205733299255,Heterochromatin,Neu
Pdia5,chr16,35397312,35490873,-,35490873,35500873,6.8576913441658025,7.421564812922479,0.5638734687566762,Mixed,Neu
Sema5b,chr16,35541145,35664732,+,35531145,35541145,5.772572762966156,7.916165783723194,2.143593020757038,Heterochromatin,Neu
Hspbap1,chr16,35770375,35828477,+,35760375,35770375,3.837363232016563,3.451532354036967,-0.38583087797959603,Mixed,Neu
Parp14,chr16,35832874,35871544,-,35871544,35881544,4.285922760796547,4.472352253135045,0.18642949233849837,Mixed,Neu
Dtx3l,chr16,35926511,35939151,-,35939151,35949151,3.5349951496124272,4.747034360893568,1.2120392112811404,Mixed,Neu
Kpna1,chr16,35978750,36037131,+,35968750,35978750,4.472627675414086,4.249398789763451,-0.22322888565063437,Mixed,Neu
Wdr5b,chr16,36041190,36043928,+,36031190,36041190,2.538016795158386,4.556049385150273,2.018032589991887,Heterochromatin,Neu
Eaf2,chr16,36792884,36875003,-,36875003,36885003,2.9171709129810335,5.026321979594231,2.1091510666131974,Heterochromatin,Neu
Golgb1,chr16,36875140,36933085,+,36865140,36875140,3.9763947930336,5.333248623172442,1.3568538301388418,Mixed,Neu
Polq,chr16,37011786,37095417,+,37001786,37011786,2.847363335156441,5.270110412446658,2.422747077290217,Heterochromatin,Neu
Stxbp5l,chr16,37114942,37384962,-,37384962,37394962,1.8912623851299286,4.87879514134725,2.987532756217321,Heterochromatin,Neu
Rabl3,chr16,37539885,37572385,+,37529885,37539885,3.0795728855133055,4.77758156700929,1.6980086814959843,Mixed,Neu
Ndufb4,chr16,37647170,37654453,-,37654453,37664453,3.0196965894937513,4.315019718035063,1.2953231285413116,Mixed,Neu
Fstl1,chr16,37776873,37836514,+,37766873,37776873,3.6904322791576387,4.321659170389176,0.6312268912315373,Mixed,Neu
Lrrc58,chr16,37868389,37888858,+,37858389,37868389,2.8131407417058942,5.604287501100699,2.7911467593948047,Heterochromatin,Neu
Gpr156,chr16,37916496,38007530,+,37906496,37916496,4.536489498972893,4.03593852490584,-0.5005509740670524,Mixed,Neu
Gsk3b,chr16,38089001,38246084,+,38079001,38089001,4.1255684325933455,4.469247192819913,0.3436787602265676,Mixed,Neu
Cox17,chr16,38346991,38352763,+,38336991,38346991,4.364185260534287,5.09765653719902,0.7334712766647336,Mixed,Neu
Adprh,chr16,38444030,38452703,-,38452703,38462703,5.58871436445713,4.4269766696055735,-1.1617376948515563,Mixed,Neu
Timmdc1,chr16,38498347,38522663,-,38522663,38532663,3.662067591881752,4.174614756536484,0.5125471646547322,Mixed,Neu
Poglut1,chr16,38525137,38550258,-,38550258,38560258,4.849413845658302,4.269382230822245,-0.5800316148360567,Mixed,Neu
Tmem39a,chr16,38558698,38592162,+,38548698,38558698,4.700764297366142,3.9610622832775118,-0.7397020140886301,Mixed,Neu
Arhgap31,chr16,38598340,38713274,-,38713274,38723274,0.5340755208492279,1.6508841454903285,1.1168086246411004,Mixed,Neu
B4galt4,chr16,38742264,38769049,+,38732264,38742264,5.786871801877022,4.136782525690396,-1.650089276186626,Mixed,Neu
Igsf11,chr16,38892671,39027159,+,38882671,38892671,2.7972574140787128,4.606379985574882,1.809122571496169,Mixed,Neu
Lsamp,chr16,39984361,42181679,+,39974361,39984361,2.300497000217438,4.544499473404884,2.244002473187446,Heterochromatin,Neu
Zbtb20,chr16,42875881,43642602,+,42865881,42875881,2.717971339225769,5.283165803718567,2.5651944644927975,Heterochromatin,Neu
Zdhhc23,chr16,43965033,43979791,-,43979791,43989791,3.2173328964710235,4.259562106601397,1.0422292101303734,Mixed,Neu
Gramd1c,chr16,43980350,44063345,-,44063345,44073345,5.495093124508857,5.200850003520648,-0.2942431209882095,Mixed,Neu
Atp6v1a,chr16,44085402,44139705,-,44139705,44149705,3.277505427837372,5.262281972209613,1.9847765443722412,Mixed,Neu
Usf3,chr16,44173246,44227465,+,44163246,44173246,4.756659833049774,4.243911228696505,-0.512748604353269,Mixed,Neu
Spice1,chr16,44347121,44388497,+,44337121,44347121,2.956641454076767,4.230412405554453,1.2737709514776863,Mixed,Neu
Boc,chr16,44485049,44558897,-,44558897,44568897,3.230529686498642,3.968047144714992,0.7375174582163497,Mixed,Neu
Mir3081,chr16,44558046,44558129,-,44558129,44568129,3.449662540483475,4.013250833678246,0.5635882931947709,Mixed,Neu
Nepro,chr16,44724301,44737284,+,44714301,44724301,3.675116531252861,3.8727420873562495,0.1976255561033886,Mixed,Neu
Gtpbp8,chr16,44736768,44746363,-,44746363,44756363,3.4271392952203756,5.351104744195939,1.9239654489755633,Mixed,Neu
Atg3,chr16,45158785,45188538,+,45148785,45158785,3.930261763691902,4.7900757315953575,0.8598139679034555,Mixed,Neu
Cd200,chr16,45382135,45409053,-,45409053,45419053,2.518543999695778,3.5028880215644835,0.9843440218687056,Mixed,Neu
Abhd10,chr16,45729725,45742955,-,45742955,45752955,3.5119937545061113,3.8915618217984833,0.379568067292372,Mixed,Neu
Phldb2,chr16,45746243,45953598,-,45953598,45963598,3.849538150882721,5.290836782765388,1.4412986318826673,Mixed,Neu
Plcxd2,chr16,45959263,46010218,-,46010218,46020218,3.9148918633461,3.844952760958672,-0.06993910238742806,Mixed,Neu
Nectin3,chr16,46387706,46498525,-,46498525,46508525,4.051190938591956,4.658853782614073,0.6076628440221166,Mixed,Neu
Dzip3,chr16,48924232,48994165,-,48994165,49004165,3.0675615116357804,4.716916496237119,1.649354984601339,Mixed,Neu
Ift57,chr16,49699233,49765126,+,49689233,49699233,2.3437680287361147,4.8281858921845755,2.484417863448461,Heterochromatin,Neu
Cd47,chr16,49800533,49915010,+,49790533,49800533,3.4761679418087006,4.804014000908533,1.3278460590998327,Mixed,Neu
Bbx,chr16,50191844,50432390,-,50432390,50442390,3.1657603106498717,5.524254856586456,2.3584945459365843,Heterochromatin,Neu
G730013B05Rik,chr16,50526245,50559459,+,50516245,50526245,4.011660337030888,4.612453801910083,0.600793464879195,Mixed,Neu
Dubr,chr16,50719294,50732773,-,50732773,50742773,3.6946050397634504,4.409475543856621,0.7148705040931702,Mixed,Neu
Cblb,chr16,52031225,52208048,+,52021225,52031225,2.9955052727460862,5.039556617617607,2.0440513448715207,Heterochromatin,Neu
Alcam,chr16,52248996,52454074,-,52454074,52464074,2.7681131021022796,5.137871688596408,2.3697585864941284,Heterochromatin,Neu
Nfkbiz,chr16,55811375,55838899,-,55838899,55848899,3.38648180232048,4.754662870550155,1.3681810682296751,Mixed,Neu
Nxpe3,chr16,55839953,55895285,-,55895285,55905285,4.286978697896004,5.069535070617994,0.7825563727219906,Mixed,Neu
Cep97,chr16,55899888,55934855,-,55934855,55944855,4.508906111955643,5.281316860238712,0.7724107482830691,Mixed,Neu
Rpl24,chr16,55966275,55971435,+,55956275,55966275,2.670433907389641,2.2237014372150106,-0.44673247017463025,Mixed,Neu
Zbtb11,chr16,55973883,56008913,+,55963883,55973883,4.711926692795753,5.514868787741661,0.8029420949459078,Mixed,Neu
Pcnp,chr16,56007245,56029739,-,56029739,56039739,4.477456524729729,4.968693802197774,0.4912372774680449,Mixed,Neu
Trmt10c,chr16,56032609,56037819,-,56037819,56047819,0.6131198093891144,0.42029805370171863,-0.19282175568739574,Mixed,Neu
Senp7,chr16,56048338,56190012,+,56038338,56048338,0.18908746020793915,0.1719099403699239,-0.017177519838015243,Mixed,Neu
Tfg,chr16,56690332,56717450,-,56717450,56727450,2.9828471167087556,3.77502635661761,0.7921792399088545,Mixed,Neu
Tomm70a,chr16,57121703,57156705,+,57111703,57121703,2.887403179478645,5.844226052510739,2.9568228730320936,Heterochromatin,Neu
Nit2,chr16,57156665,57167341,-,57167341,57177341,3.9892451671361924,4.205619114462535,0.21637394732634263,Mixed,Neu
Tbc1d23,chr16,57168862,57231504,-,57231504,57241504,2.6736132315158843,4.9337712597052255,2.260158028189341,Heterochromatin,Neu
Cmss1,chr16,57302000,57606864,-,57606864,57616864,4.695304721045495,4.676572134757041,-0.018732586288453312,Mixed,Neu
Filip1l,chr16,57353093,57573126,+,57343093,57353093,5.075740514683724,4.0760569675525025,-0.9996835471312213,Mixed,Neu
Dcbld2,chr16,58408443,58469727,+,58398443,58408443,2.7999618701934814,5.196321659859022,2.3963597896655404,Heterochromatin,Neu
St3gal6,chr16,58468125,58524243,-,58524243,58534243,4.547002589559555,4.739457382599513,0.19245479303995783,Mixed,Neu
Cpox,chr16,58670292,58717636,+,58660292,58670292,3.6581361665964125,4.857063830391566,1.1989276637951538,Mixed,Neu
Cldnd1,chr16,58727910,58734251,+,58717910,58727910,2.5704068762063983,4.968055287122727,2.3976484109163287,Heterochromatin,Neu
Riox2,chr16,59471775,59492461,+,59461775,59471775,3.345617361068726,4.649215349038442,1.3035979879697157,Mixed,Neu
Crybg3,chr16,59490775,59600979,-,59600979,59610979,3.7615369917392734,4.131690052596729,0.37015306085745525,Mixed,Neu
Arl6,chr16,59612949,59639391,-,59639391,59649391,3.4680030705928804,5.15375454723835,1.6857514766454695,Mixed,Neu
Epha6,chr16,59653483,60605531,-,60605531,60615531,3.0621652789115905,4.298017106501262,1.2358518275896713,Mixed,Neu
Nsun3,chr16,62732444,62786818,-,62786818,62796818,3.9476366398334504,5.389028943610192,1.441392303776742,Mixed,Neu
Arl13b,chr16,62793685,62847040,-,62847040,62857040,2.9351201367378232,5.391015788992246,2.455895652254423,Heterochromatin,Neu
Pros1,chr16,62854307,62929346,+,62844307,62854307,3.3012194865942006,5.078951498699189,1.777732012104988,Mixed,Neu
Epha3,chr16,63543534,63864175,-,63864175,63874175,2.244952110528946,4.582732954482238,2.337780843953292,Heterochromatin,Neu
4930453N24Rik,chr16,64751751,64771161,-,64771161,64781161,5.372946274232864,4.974130148251851,-0.39881612598101235,Mixed,Neu
Cggbp1,chr16,64851996,64859507,+,64841996,64851996,3.958965732455254,4.995501343504587,1.0365356110493336,Mixed,Neu
Htr1f,chr16,64924729,65105854,-,65105854,65115854,3.3592036352157595,5.33153749666214,1.9723338614463803,Mixed,Neu
Chmp2b,chr16,65539128,65562726,-,65562726,65572726,4.197277181816101,4.242722868172328,0.04544568635622692,Mixed,Neu
Vgll3,chr16,65815257,65866368,+,65805257,65815257,3.5280377150774003,4.9595693927923845,1.4315316777149842,Mixed,Neu
Cadm2,chr16,66655421,67620908,-,67620908,67630908,2.412396441221237,4.878232914400101,2.465836473178864,Heterochromatin,Neu
Gbe1,chr16,70313949,70569716,+,70303949,70313949,2.9316363658666607,4.054661755371094,1.1230253895044333,Mixed,Neu
Robo1,chr16,72308306,73046095,+,72298306,72308306,4.3519192672967915,4.825773601142565,0.47385433384577347,Mixed,Neu
Rbm11,chr16,75592844,75602829,+,75582844,75592844,3.352159748983383,4.3784663738409675,1.0263066248575843,Mixed,Neu
Hspa13,chr16,75745431,75767104,-,75767104,75777104,2.5264142265319824,4.863959078423183,2.3375448518912005,Heterochromatin,Neu
Nrip1,chr16,76287400,76373827,-,76373827,76383827,2.265731546163559,4.360055248451233,2.094323702287674,Heterochromatin,Neu
Usp25,chr16,77013706,77116780,+,77003706,77013706,2.8310478439331055,4.671027580253283,1.8399797363201778,Mixed,Neu
Cxadr,chr16,78301489,78359774,+,78291489,78301489,3.4700888573884963,4.663175160447756,1.19308630305926,Mixed,Neu
Btg3,chr16,78332637,78377192,-,78377192,78387192,5.3423857133626935,4.829097221668561,-0.5132884916941327,Mixed,Neu
D16Ertd472e,chr16,78540338,78576708,-,78576708,78586708,4.069773270964623,5.10180892659823,1.0320356556336074,Mixed,Neu
Mir155hg,chr16,84703167,84715245,+,84693167,84703167,3.424028375697136,4.164372941319148,0.7403445656220122,Mixed,Neu
Mrpl39,chr16,84717576,84735742,-,84735742,84745742,4.321119375061989,4.055803314892451,-0.2653160601695381,Mixed,Neu
Jam2,chr16,84774123,84825928,+,84764123,84774123,3.840102249622345,4.4759149617751435,0.6358127121527986,Mixed,Neu
App,chr16,84949685,85173766,-,85173766,85183766,3.8435902613401414,4.560621695113182,0.717031433773041,Mixed,Neu
Adamts1,chr16,85793827,85803113,-,85803113,85813113,3.488911764645577,4.069101882839203,0.5801901181936264,Mixed,Neu
Adamts5,chr16,85856173,85901828,-,85901828,85911828,3.271851229095459,4.277102421212197,1.005251192116738,Mixed,Neu
N6amt1,chr16,87354185,87368742,+,87344185,87354185,3.7375106230974198,5.020780416448911,1.2832697933514914,Mixed,Neu
Ltn1,chr16,87376651,87432612,-,87432612,87442612,5.969125023603439,5.442482263565064,-0.5266427600383752,Mixed,Neu
Rwdd2b,chr16,87433407,87440573,-,87440573,87450573,4.184751826643944,5.247232374159495,1.062480547515551,Mixed,Neu
Usp16,chr16,87454703,87483517,+,87444703,87454703,4.5276126261472704,4.76320757847627,0.23559495232899952,Mixed,Neu
Cct8,chr16,87483326,87495873,-,87495873,87505873,5.04511513440609,5.16790722858111,0.12279209417502024,Mixed,Neu
Bach1,chr16,87698945,87733346,+,87688945,87698945,5.028064974069595,4.331829040924708,-0.6962359331448873,Mixed,Neu
Grik1,chr16,87895900,88290265,-,88290265,88300265,3.4899530493021014,5.306765794316927,1.816812745014826,Mixed,Neu
Tiam1,chr16,89787111,90143769,-,90143769,90153769,5.438800507676602,3.8430999815940865,-1.5957005260825152,Mixed,Neu
Sod1,chr16,90220754,90226329,+,90210754,90220754,2.9185475485324863,3.7519345920085914,0.833387043476105,Mixed,Neu
Scaf4,chr16,90225680,90284503,-,90284503,90294503,4.4597541931390765,4.239192802425226,-0.2205613907138506,Mixed,Neu
Hunk,chr16,90386013,90499553,+,90376013,90386013,3.491921024680138,3.886282963510354,0.3943619388302162,Mixed,Neu
Mis18a,chr16,90719312,90727404,-,90727404,90737404,5.677335201740265,3.8530206219514214,-1.8243145797888434,Mixed,Neu
Urb1,chr16,90751527,90810413,-,90810413,90820413,4.527072138190269,4.239901674723625,-0.2871704634666443,Mixed,Neu
Eva1c,chr16,90826719,90905109,+,90816719,90826719,4.97157911157608,5.625456036019326,0.6538769244432459,Mixed,Neu
Cfap298,chr16,90925809,90935114,-,90935114,90945114,4.667687132239342,4.724702997628848,0.05701586538950565,Mixed,Neu
Synj1,chr16,90936092,91011308,-,91011308,91021308,4.000428459858894,5.04939098850886,1.048962528649966,Mixed,Neu
Paxbp1,chr16,91014037,91044543,-,91044543,91054543,4.62990449655056,4.696935614633561,0.06703111808300122,Mixed,Neu
Olig2,chr16,91225457,91228677,+,91215457,91225457,4.8476661813020705,3.905834812227885,-0.9418313690741855,Mixed,Neu
Olig1,chr16,91269772,91271933,+,91259772,91269772,3.9366967104673387,4.604669143780073,0.6679724333127339,Mixed,Neu
Ifnar2,chr16,91372783,91405589,+,91362783,91372783,4.347165978205204,4.595014470255375,0.24784849205017068,Mixed,Neu
Il10rb,chr16,91406164,91425834,+,91396164,91406164,5.167981506443024,5.253056614875793,0.08507510843276922,Mixed,Neu
A930006K02Rik,chr16,91465025,91470128,+,91455025,91465025,4.21661649954319,3.4458743922710418,-0.7707421072721483,Mixed,Neu
Ifnar1,chr16,91485238,91507441,+,91475238,91485238,4.642051424860954,3.788080089584986,-0.8539713352759679,Mixed,Neu
Ifngr2,chr16,91547072,91565623,+,91537072,91547072,4.429964523077011,4.00962226758798,-0.4203422554890315,Mixed,Neu
Tmem50b,chr16,91574503,91597800,-,91597800,91607800,5.175149703741074,4.595285233815511,-0.5798644699255631,Mixed,Neu
Dnajc28,chr16,91614254,91619026,-,91619026,91629026,6.508217733836173,4.278537561909357,-2.229680171926816,Euchromatin,Neu
Gart,chr16,91621186,91646952,-,91646952,91656952,5.560928475785255,4.852283501466116,-0.7086449743191396,Mixed,Neu
Son,chr16,91647506,91679221,+,91637506,91647506,3.0416160186052323,3.7416376685857773,0.700021649980545,Mixed,Neu
Gm10785,chr16,91688898,91715642,+,91678898,91688898,3.1610585939645763,4.579785537719727,1.4187269437551504,Mixed,Neu
Cryzl1,chr16,91689322,91728975,-,91728975,91738975,4.2466895700693135,4.891919894297918,0.6452303242286046,Mixed,Neu
Itsn1,chr16,91729281,91920597,+,91719281,91729281,5.0264889847040175,4.1034476754585905,-0.923041309245427,Mixed,Neu
Mrps6,chr16,92058270,92112227,+,92048270,92058270,4.493487519860268,4.812245734016101,0.3187582141558334,Mixed,Neu
Rcan1,chr16,92391953,92470867,-,92470867,92480867,5.427092429161072,4.456418739748001,-0.9706736894130712,Mixed,Neu
Clic6,chr16,92485736,92541243,+,92475736,92485736,5.803537684512139,4.380987186169624,-1.422550498342515,Mixed,Neu
Runx1,chr16,92601466,92826149,-,92826149,92836149,4.306033958733082,4.773845535445214,0.46781157671213247,Mixed,Neu
Setd4,chr16,93583457,93604063,-,93604063,93614063,3.099200533413887,3.5337946769237516,0.4345941435098646,Mixed,Neu
Cbr1,chr16,93605853,93610505,+,93595853,93605853,5.416207005143166,4.942029357671738,-0.47417764747142765,Mixed,Neu
Cbr3,chr16,93683215,93690990,+,93673215,93683215,3.8101969270706175,3.738964851021766,-0.0712320760488514,Mixed,Neu
Dop1b,chr16,93711904,93810590,+,93701904,93711904,2.840813680052757,2.2930508158604304,-0.5477628641923267,Mixed,Neu
Morc3,chr16,93832121,93876073,+,93822121,93832121,3.9870583508729935,4.301460053165754,0.31440170229276054,Mixed,Neu
Chaf1b,chr16,93883901,93906115,+,93873901,93883901,3.499982204890251,4.520716644628842,1.020734439738591,Mixed,Neu
Sim2,chr16,94084931,94127032,+,94074931,94084931,3.8196468989849093,4.531565315584341,0.7119184165994321,Mixed,Neu
Hlcs,chr16,94128882,94313571,-,94313571,94323571,4.638416225874424,4.359880014618238,-0.27853621125618666,Mixed,Neu
Ttc3,chr16,94370618,94469343,+,94360618,94370618,3.1301560025453568,4.8875897273063655,1.7574337247610088,Mixed,Neu
Vps26c,chr16,94497783,94526830,-,94526830,94536830,4.800785455822945,4.847281234105428,0.04649577828248308,Mixed,Neu
Dyrk1a,chr16,94570010,94695517,+,94560010,94570010,4.398788123011589,4.195356694817543,-0.2034314281940457,Mixed,Neu
Kcnj6,chr16,94748636,94997701,-,94997701,95007701,3.6626663318872454,4.2709891155958175,0.6083227837085721,Mixed,Neu
Erg,chr16,95359169,95586593,-,95586593,95596593,3.751922284293175,4.174722879505158,0.42280059521198243,Mixed,Neu
Ets2,chr16,95702075,95721051,+,95692075,95702075,3.763895261049271,3.938377250075341,0.17448198902607004,Mixed,Neu
Psmg1,chr16,95979933,95990960,-,95990960,96000960,3.0443152611255644,4.658345802187919,1.614030541062355,Mixed,Neu
Brwd1,chr16,95992092,96082526,-,96082526,96092526,6.585226309418678,5.281557903520266,-1.3036684058984118,Mixed,Neu
Hmgn1,chr16,96120618,96127729,-,96127729,96137729,4.1448135773181916,3.818506440091133,-0.3263071372270585,Mixed,Neu
Get1,chr16,96145407,96157852,+,96135407,96145407,4.60976460878849,4.672068717666467,0.062304108877976994,Mixed,Neu
Lca5l,chr16,96158407,96192271,-,96192271,96202271,3.4635801563382147,3.5477994934638346,0.08421933712561991,Mixed,Neu
B3galt5,chr16,96235801,96319859,+,96225801,96235801,3.781164665579796,4.563555221001306,0.78239055542151,Mixed,Neu
Bace2,chr16,97356742,97442936,+,97346742,97356742,1.997480188846588,1.9647584423224131,-0.03272174652417492,Mixed,Neu
Ripk4,chr16,97741933,97763787,-,97763787,97773787,3.382104055762291,3.1315823195616406,-0.2505217362006502,Mixed,Neu
Prdm15,chr16,97791467,97851850,-,97851850,97861850,4.761670740127563,5.271164409399033,0.5094936692714693,Mixed,Neu
C2cd2,chr16,97855209,97962598,-,97962598,97972598,3.3364767023563386,3.8233410030762354,0.4868643007198967,Mixed,Neu
Zbtb21,chr16,97943357,97962622,-,97962622,97972622,3.3282983088731766,3.8062002625385922,0.47790195366541566,Mixed,Neu
Zfp263,chr16,3744093,3750790,+,3734093,3744093,5.672609099292755,5.462749265501896,-0.20985983379085926,Mixed,NSC
Zfp597,chr16,3858321,3884561,-,3884561,3894561,6.163947515439988,5.017500918126107,-1.146446597313881,Mixed,NSC
Cluap1,chr16,3908801,3941147,+,3898801,3908801,6.724333974182606,6.051111526334286,-0.6732224478483202,Mixed,NSC
Slx4,chr16,3979105,4003770,-,4003770,4013770,6.77202499806881,5.450547352770964,-1.321477645297846,Mixed,NSC
Trap1,chr16,4039971,4077827,-,4077827,4087827,7.920018172073364,5.91827563426892,-2.0017425378044447,Euchromatin,NSC
Crebbp,chr16,4081328,4213997,-,4213997,4223997,5.783442369699478,5.101024294344584,-0.6824180753548941,Mixed,NSC
Adcy9,chr16,4287529,4420498,-,4420498,4430498,6.222506724715233,6.565162082374095,0.34265535765886224,Mixed,NSC
Srl,chr16,4480216,4541816,-,4541816,4551816,8.182045253956318,6.542423231486478,-1.6396220224698395,Mixed,NSC
Tfap4,chr16,4544661,4559854,-,4559854,4569854,8.79812153968811,6.5640559744636215,-2.234065565224488,Euchromatin,NSC
Glis2,chr16,4594713,4624924,+,4584713,4594713,7.938434489214421,7.2380797667304675,-0.7003547224839535,Mixed,NSC
Pam16,chr16,4616464,4624988,-,4624988,4634988,9.56674688259363,7.241945387562115,-2.3248014950315152,Euchromatin,NSC
Coro7,chr16,4626133,4679777,-,4679777,4689777,5.3519051776289945,6.045776856583356,0.6938716789543617,Mixed,NSC
Vasn,chr16,4639941,4650802,+,4629941,4639941,10.283792108082771,7.891986491761606,-2.3918056163211654,Euchromatin,NSC
Dnaja3,chr16,4639989,4707695,+,4629989,4639989,10.304202910876274,7.9020778338789945,-2.4021250769972795,Euchromatin,NSC
Hmox2,chr16,4726361,4766742,+,4716361,4726361,5.9861554338455205,6.091405845602353,0.10525041175683292,Mixed,NSC
Cdip1,chr16,4750348,4790292,-,4790292,4800292,6.375923800873756,5.824386308912437,-0.5515374919613194,Mixed,NSC
Ubald1,chr16,4874778,4880315,-,4880315,4890315,7.233706180691719,6.192120221555233,-1.0415859591364862,Mixed,NSC
Mgrn1,chr16,4886249,4938296,+,4876249,4886249,8.354757051932811,7.087489776051046,-1.267267275881765,Mixed,NSC
Nudt16l1,chr16,4938761,4941032,+,4928761,4938761,8.698484330117703,6.301311257660388,-2.3971730724573144,Euchromatin,NSC
Anks3,chr16,4941436,4964205,-,4964205,4974205,7.802044053852558,6.152107530305783,-1.6499365235467751,Mixed,NSC
Rogdi,chr16,5008730,5013553,-,5013553,5023553,7.02298464486599,6.7721801375269886,-0.2508045073390015,Mixed,NSC
Ubn1,chr16,5050057,5086289,+,5040057,5050057,4.847340531933308,5.463357825541497,0.6160172936081887,Mixed,NSC
Ppl,chr16,5086291,5132421,-,5132421,5142421,8.634235940992832,6.0483717245976125,-2.58586421639522,Euchromatin,NSC
Nagpa,chr16,5195289,5204012,-,5204012,5214012,7.253443977212906,5.965435167674225,-1.288008809538681,Mixed,NSC
Alg1,chr16,5233621,5244912,+,5223621,5233621,3.5617868075788017,3.095119951061408,-0.4666668565173939,Mixed,NSC
Eef2kmt,chr16,5244152,5255983,-,5255983,5265983,5.947031858348846,5.800285116298994,-0.14674674204985205,Mixed,NSC
Tmem114,chr16,8409275,8425136,-,8425136,8435136,5.557869782733917,4.574911554964383,-0.9829582277695339,Mixed,NSC
Abat,chr16,8513429,8621568,+,8503429,8513429,6.196358713507653,5.81160379767418,-0.3847549158334731,Mixed,NSC
Pmm2,chr16,8637674,8662467,+,8627674,8637674,7.031663636934757,6.387956690267721,-0.6437069466670362,Mixed,NSC
Carhsp1,chr16,8658580,8672155,-,8672155,8682155,7.9179674178957935,5.879617606361706,-2.0383498115340872,Euchromatin,NSC
Usp7,chr16,8689595,8792308,-,8792308,8802308,5.502907364761829,4.57019566744566,-0.9327116973161695,Mixed,NSC
Grin2a,chr16,9567898,9995560,-,9995560,10005560,5.2812271680235865,4.755757218122482,-0.5254699499011046,Mixed,NSC
Atf7ip2,chr16,10192712,10251478,+,10182712,10192712,4.916269316101074,4.744910552541415,-0.17135876355965873,Mixed,NSC
Emp2,chr16,10281749,10313968,-,10313968,10323968,6.416686573982238,5.628894773777326,-0.7877918002049125,Mixed,NSC
Tekt5,chr16,10357948,10395490,-,10395490,10405490,3.6967634136080747,2.9560881690979,-0.7406752445101747,Mixed,NSC
Nubp1,chr16,10411948,10424428,+,10401948,10411948,3.1083025537848474,2.6992958914319676,-0.40900666235287986,Mixed,NSC
Dexi,chr16,10502531,10543054,-,10543054,10553054,6.801359308660031,6.591060853938262,-0.21029845472176856,Mixed,NSC
Clec16a,chr16,10545339,10744878,+,10535339,10545339,6.3548004336059085,6.107210957894723,-0.2475894757111856,Mixed,NSC
Socs1,chr16,10782240,10785536,-,10785536,10795536,8.30916696164608,6.273396954751014,-2.0357700068950653,Euchromatin,NSC
Rmi2,chr16,10835059,10892966,+,10825059,10835059,7.136109139251708,6.671150374337036,-0.46495876491467225,Mixed,NSC
Litaf,chr16,10959275,11066157,-,11066157,11076157,8.373903578728438,6.419628695646922,-1.9542748830815162,Mixed,NSC
Snn,chr16,11060945,11074985,+,11050945,11060945,8.279606697022915,6.604956516464552,-1.6746501805583636,Mixed,NSC
Txndc11,chr16,11074911,11134650,-,11134650,11144650,20.411111920118334,14.543323779404163,-5.86778814071417,Euchromatin,NSC
Zc3h7a,chr16,11136592,11176393,-,11176393,11186393,7.11204244325161,6.15929173181057,-0.9527507114410403,Mixed,NSC
Rsl1d1,chr16,11192970,11203331,-,11203331,11213331,5.103417257642746,5.471146601895491,0.36772934425274517,Mixed,NSC
Mir1945,chr16,11254368,11254445,-,11254445,11264445,6.079650953829288,5.653174574315547,-0.4264763795137414,Mixed,NSC
Cpped1,chr16,11803721,11909445,-,11909445,11919445,5.035829129308462,5.115617410848539,0.07978828154007633,Mixed,NSC
Shisa9,chr16,11984113,12270902,+,11974113,11984113,6.322405526447296,5.602905308781067,-0.7195002176662291,Mixed,NSC
Ercc4,chr16,13109684,13150617,+,13099684,13109684,1.842570921242237,1.948383453285694,0.10581253204345709,Mixed,NSC
Mrtfb,chr16,13256481,13417529,+,13246481,13256481,6.299011383676529,5.15930521856149,-1.1397061651150393,Mixed,NSC
Mir193b,chr16,13449523,13449601,+,13439523,13449523,7.5923462261796,5.353450932514668,-2.2388952936649327,Euchromatin,NSC
Parn,chr16,13537960,13668170,-,13668170,13678170,6.296646098077297,6.1255131185849505,-0.17113297949234685,Mixed,NSC
Bfar,chr16,13671858,13703612,+,13661858,13671858,5.922948031902314,5.4658085351626085,-0.4571394967397051,Mixed,NSC
A930007A09Rik,chr16,13754566,13758537,+,13744566,13754566,4.629235213279724,4.366610197353363,-0.26262501592636145,Mixed,NSC
Rrn3,chr16,13780708,13814839,+,13770708,13780708,5.252189035153389,5.1618236506223685,-0.09036538453102061,Mixed,NSC
Ntan1,chr16,13818845,13835451,+,13808845,13818845,6.621184576690196,5.787709633727869,-0.8334749429623276,Mixed,NSC
Mpv17l,chr16,13903161,13949619,+,13893161,13903161,5.746301547753811,5.46237014780442,-0.2839313999493909,Mixed,NSC
Marf1,chr16,14109173,14163351,-,14163351,14173351,6.492964025962353,5.432348819204171,-1.0606152067581816,Mixed,NSC
Myh11,chr16,14194535,14291372,-,14291372,14301372,6.558835898435116,5.470174869851271,-1.0886610285838447,Mixed,NSC
Abcc1,chr16,14361558,14475737,+,14351558,14361558,6.349283079683781,5.273397005426884,-1.0758860742568972,Mixed,NSC
Snai2,chr16,14705852,14709385,+,14695852,14705852,4.341474183797836,4.413607637544473,0.07213345374663671,Mixed,NSC
Ube2v2,chr16,15552077,15595773,-,15595773,15605773,4.736952028715611,5.041225196838379,0.3042731681227684,Mixed,NSC
Mcm4,chr16,15623897,15637400,-,15637400,15647400,4.392702772915364,4.967052979866664,0.5743502069513005,Mixed,NSC
Mzt2,chr16,15848441,15863369,-,15863369,15873369,5.408739193439484,4.256716017760833,-1.152023175678651,Mixed,NSC
Cebpd,chr16,15887286,15891031,+,15877286,15887286,4.135434901380539,4.768433788907529,0.6329988875269894,Mixed,NSC
Spidr,chr16,15889224,16146851,-,16146851,16156851,3.3440513667464256,3.8000151047309245,0.45596373798449896,Mixed,NSC
Pkp2,chr16,16213318,16272712,+,16203318,16213318,4.487802760791778,4.844056364413102,0.3562536036213233,Mixed,NSC
Yars2,chr16,16302965,16309640,+,16292965,16302965,4.532141085624695,4.679524238348008,0.1473831527233127,Mixed,NSC
Dnm1l,chr16,16312230,16358959,-,16358959,16368959,3.8622280750155453,4.562220007880529,0.6999919328649837,Mixed,NSC
Spag6l,chr16,16753016,16829456,-,16829456,16839456,3.5875475886583326,3.627159514621894,0.03961192596356122,Mixed,NSC
Top3b,chr16,16870736,16892990,+,16860736,16870736,5.5805423174738875,5.198467139248053,-0.3820751782258345,Mixed,NSC
Mapk1,chr16,16983382,17047453,+,16973382,16983382,4.688887833368779,4.838055879517397,0.14916804614861867,Mixed,NSC
Ypel1,chr16,17069696,17087045,+,17059696,17069696,5.6327799992918965,6.04089571962754,0.40811572033564314,Mixed,NSC
Ppil2,chr16,17086555,17111257,-,17111257,17121257,7.858060019886493,5.996866541405519,-1.861193478480974,Mixed,NSC
Sdf2l1,chr16,17130138,17132383,-,17132383,17142383,6.9945058666825295,5.68166093279918,-1.3128449338833494,Mixed,NSC
Ydjc,chr16,17144621,17160701,+,17134621,17144621,6.779048726147413,5.342224971759319,-1.4368237543880937,Mixed,NSC
Ube2l3,chr16,17152013,17202649,-,17202649,17212649,8.232959677004814,5.9306060519258175,-2.3023536250789967,Euchromatin,NSC
Rimbp3,chr16,17208603,17213982,+,17198603,17208603,6.196129353356361,5.136642895269394,-1.0594864580869672,Mixed,NSC
Pi4ka,chr16,17280351,17406314,-,17406314,17416314,5.88517150067091,4.744822913686435,-1.1403485869844747,Mixed,NSC
Crkl,chr16,17451987,17487434,+,17441987,17451987,5.350215774285793,4.549963050059477,-0.8002527242263158,Mixed,NSC
Lztr1,chr16,17508688,17526333,+,17498688,17508688,8.41668969810009,6.402925643932821,-2.013764054167269,Euchromatin,NSC
Thap7,chr16,17527982,17531136,-,17531136,17541136,6.617333297801018,5.547550831611951,-1.069782466189067,Mixed,NSC
Slc7a4,chr16,17572018,17583214,-,17583214,17593214,6.769329815483093,5.893229867160319,-0.876099948322774,Mixed,NSC
Smpd4,chr16,17619354,17644828,+,17609354,17619354,5.503575055170058,4.487794728938738,-1.0157803262313205,Mixed,NSC
Med15,chr16,17651208,17732891,-,17732891,17742891,7.2583319685339935,5.8049959861338145,-1.453335982400179,Mixed,NSC
Klhl22,chr16,17759618,17793382,+,17749618,17759618,5.810333859980107,5.528626684939861,-0.28170717504024534,Mixed,NSC
Scarf2,chr16,17797282,17808293,+,17787282,17797282,6.370635409200191,6.056165756563345,-0.3144696526368458,Mixed,NSC
Car15,chr16,17835276,17838364,-,17838364,17848364,8.665613689160347,7.513815826606751,-1.1517978625535958,Mixed,NSC
Dgcr2,chr16,17839482,17898562,-,17898562,17908562,8.459270788061618,6.558026491792997,-1.9012442962686205,Mixed,NSC
Tssk2,chr16,17898637,17900024,+,17888637,17898637,7.990467846477031,6.010533537574609,-1.979934308902422,Mixed,NSC
Ess2,chr16,17900709,17911348,-,17911348,17921348,7.593098890829086,6.354403589280447,-1.2386953015486393,Mixed,NSC
Gsc2,chr16,17913107,17915059,-,17915059,17925059,6.587362458360195,6.093373332206408,-0.493989126153787,Mixed,NSC
Slc25a1,chr16,17925223,17928219,-,17928219,17938219,9.098415689373017,6.052846065872907,-3.0455696235001097,Euchromatin,NSC
Dgcr6,chr16,18052860,18071632,+,18042860,18052860,6.30629495793581,6.051370640297731,-0.2549243176380793,Mixed,NSC
Prodh,chr16,18060357,18090203,-,18090203,18100203,5.577620998162032,5.1233547854781145,-0.4542662126839172,Mixed,NSC
Zdhhc8,chr16,18220753,18235136,-,18235136,18245136,7.054145105707645,5.304273281725248,-1.7498718239823976,Mixed,NSC
Trmt2a,chr16,18248679,18254772,+,18238679,18248679,7.392544014322757,5.812086182836691,-1.5804578314860658,Mixed,NSC
Dgcr8,chr16,18253948,18289246,-,18289246,18299246,4.177038447356224,3.7788817898829783,-0.39815665747324536,Mixed,NSC
Tango2,chr16,18300825,18348103,-,18348103,18358103,9.04120830514431,6.69322477836609,-2.347983526778221,Euchromatin,NSC
Arvcf,chr16,18348182,18407076,+,18338182,18348182,7.388219407284259,6.163644628834724,-1.2245747784495347,Mixed,NSC
Comt,chr16,18406886,18426852,-,18426852,18436852,6.974475694537163,6.585275835541885,-0.3891998589952781,Mixed,NSC
Gnb1l,chr16,18498713,18566679,+,18488713,18498713,5.435443574225903,4.807340702867507,-0.6281028713583954,Mixed,NSC
Tbx1,chr16,18580979,18590671,-,18590671,18600671,8.107764051878451,6.28579451837937,-1.8219695334990815,Mixed,NSC
Gp1bb,chr16,18620317,18622403,-,18622403,18632403,10.719975502586363,7.461994721730549,-3.2579807808558146,Euchromatin,NSC
Septin5,chr16,18620502,18629954,-,18629954,18639954,8.51186636222601,6.197341343732675,-2.3145250184933355,Euchromatin,NSC
Ufd1,chr16,18811779,18835261,+,18801779,18811779,4.855117352831364,4.634010614113014,-0.2211067387183503,Mixed,NSC
2510002D24Rik,chr16,18836578,18840160,+,18826578,18836578,5.383291064047814,5.144533741656939,-0.23875732239087455,Mixed,NSC
Hira,chr16,18877037,18970309,+,18867037,18877037,6.374047163081169,4.9011166860659925,-1.4729304770151765,Mixed,NSC
B3gnt5,chr16,19760208,19772753,+,19750208,19760208,4.690089218735695,5.160708658981323,0.4706194402456285,Mixed,NSC
Klhl24,chr16,20097542,20129221,+,20087542,20097542,5.839385648620128,5.737305327788989,-0.10208032083113938,Mixed,NSC
Yeats2,chr16,20141063,20232573,+,20131063,20141063,4.235988443881273,4.32672204606533,0.09073360218405746,Mixed,NSC
Map6d1,chr16,20233303,20241358,-,20241358,20251358,6.853805163931847,5.887334715855121,-0.9664704480767261,Mixed,NSC
Parl,chr16,20279818,20302387,-,20302387,20312387,5.420716316127777,5.058481814386448,-0.3622345017413293,Mixed,NSC
Abcc5,chr16,20331303,20426394,-,20426394,20436394,5.398962544870376,5.031457360327244,-0.3675051845431323,Mixed,NSC
Eif2b5,chr16,20498817,20509323,+,20488817,20498817,5.855533135831356,5.1585398265480995,-0.6969933092832568,Mixed,NSC
Dvl3,chr16,20516982,20534010,+,20506982,20516982,6.007401563739776,5.349024217478434,-0.658377346261342,Mixed,NSC
Ap2m1,chr16,20535478,20544909,+,20525478,20535478,6.936032371175289,5.871290577483179,-1.06474179369211,Mixed,NSC
Gm15760,chr16,20545212,20548456,-,20548456,20558456,7.196718750429154,5.699238555832704,-1.4974801945964504,Mixed,NSC
Vwa5b2,chr16,20589471,20605377,+,20579471,20589471,6.905595306533575,6.029833811090389,-0.8757614954431867,Mixed,NSC
Eef1akmt4,chr16,20611593,20619011,+,20601593,20611593,7.615214250421524,6.196279712069035,-1.418934538352489,Mixed,NSC
Camk2n2,chr16,20619215,20621287,-,20621287,20631287,7.422273733115197,6.071113984000682,-1.3511597491145144,Mixed,NSC
Psmd2,chr16,20651652,20663414,+,20641652,20651652,6.857939189565182,5.626302151934305,-1.2316370376308772,Mixed,NSC
Eif4g1,chr16,20668313,20692884,+,20658313,20668313,4.948413045930862,5.175415733118852,0.22700268718798977,Mixed,NSC
Fam131a,chr16,20693241,20703048,+,20683241,20693241,7.8771272395253185,6.404861197884878,-1.4722660416404407,Mixed,NSC
Clcn2,chr16,20702964,20717746,-,20717746,20727746,6.5254278384208675,5.812304187333584,-0.7131236510872832,Mixed,NSC
Chrd,chr16,20733127,20742384,+,20723127,20733127,7.810989054691792,6.2668185599644985,-1.5441704947272932,Mixed,NSC
Ephb3,chr16,21204755,21223305,+,21194755,21204755,7.487933840990067,6.074198370397091,-1.413735470592976,Mixed,NSC
Magef1,chr16,21331902,21333356,-,21333356,21343356,6.4529268224596965,6.2278159050146735,-0.22511091744502298,Mixed,NSC
Vps8,chr16,21423118,21644680,+,21413118,21423118,6.705225431072712,6.2414906541069355,-0.4637347769657767,Mixed,NSC
2510009E07Rik,chr16,21649045,21694665,-,21694665,21704665,6.830113626599312,5.63438025933504,-1.195733367264272,Mixed,NSC
1300002E11Rik,chr16,21794318,21809040,+,21784318,21794318,6.222718789756297,5.565381423111757,-0.6573373666445406,Mixed,NSC
Tmem41a,chr16,21934326,21947552,-,21947552,21957552,7.89370144238472,5.953275111416976,-1.9404263309677443,Mixed,NSC
Senp2,chr16,22009484,22049269,+,21999484,22009484,5.862514911055565,5.688236856019497,-0.1742780550360683,Mixed,NSC
Igf2bp2,chr16,22059009,22163299,-,22163299,22173299,6.739583689177036,6.226425374964872,-0.5131583142121636,Mixed,NSC
Tra2b,chr16,22244549,22266005,-,22266005,22276005,5.566348730564117,5.098634761065244,-0.467713969498873,Mixed,NSC
Etv5,chr16,22381309,22439719,-,22439719,22449719,8.810718480956554,7.223155543975036,-1.5875629369815183,Mixed,NSC
Dgkg,chr16,22468461,22657221,-,22657221,22667221,6.836175582921505,5.973454488436381,-0.8627210944851234,Mixed,NSC
Dnajb11,chr16,22857845,22879634,+,22847845,22857845,4.806089516103268,5.437079450070858,0.63098993396759,Mixed,NSC
Eif4a2,chr16,23107444,23114136,+,23097444,23107444,5.170750556766986,4.957371714623768,-0.2133788421432179,Mixed,NSC
Rfc4,chr16,23113943,23127737,-,23127737,23137737,5.503714721047878,5.555322877848148,0.05160815680027042,Mixed,NSC
BC106179,chr16,23220656,23225484,-,23225484,23235484,6.327386562514305,5.269444882663091,-1.057941679851214,Mixed,NSC
Rtp1,chr16,23429133,23433960,+,23419133,23429133,5.35500957568884,5.586559579277039,0.23155000358819944,Mixed,NSC
Bcl6,chr16,23965052,23988852,-,23988852,23998852,4.607586586236954,5.201417512369155,0.5938309261322017,Mixed,NSC
Lpp,chr16,24393507,24992578,+,24383507,24393507,5.798524959003926,4.7637920287927,-1.0347329302112254,Mixed,NSC
P3h2,chr16,25959288,26105784,-,26105784,26115784,4.9350383250474925,4.6614210653543475,-0.273617259693145,Mixed,NSC
Il1rap,chr16,26581704,26730117,+,26571704,26581704,5.71330087120533,4.640763515532017,-1.0725373556733135,Mixed,NSC
Ccdc50,chr16,27388869,27452218,+,27378869,27388869,4.451972508299351,4.894331889267762,0.4423593809684112,Mixed,NSC
Mb21d2,chr16,28826176,28929673,-,28929673,28939673,3.9336879829883578,4.944389557629823,1.0107015746414656,Mixed,NSC
Opa1,chr16,29579334,29654884,+,29569334,29579334,4.645387103390694,4.795232156308492,0.14984505291779815,Mixed,NSC
4632428C04Rik,chr16,30008667,30021430,+,29998667,30008667,6.765914328628778,6.075199517162641,-0.6907148114661368,Mixed,NSC
Hes1,chr16,30064384,30067796,+,30054384,30064384,8.12407601853609,6.72813185762167,-1.3959441609144205,Mixed,NSC
Lrrc15,chr16,30269302,30283256,-,30283256,30293256,8.35720071041584,6.2646843399127325,-2.092516370503108,Euchromatin,NSC
Gp5,chr16,30307685,30310779,-,30310779,30320779,4.154588420760631,4.883304110586644,0.7287156898260125,Mixed,NSC
Atp13a3,chr16,30312423,30405975,-,30405975,30415975,6.931669846594334,5.702520563721657,-1.2291492828726769,Mixed,NSC
Tmem44,chr16,30511855,30550842,-,30550842,30560842,5.9751956621408455,5.815291541389624,-0.1599041207512215,Mixed,NSC
Lsg1,chr16,30560494,30587592,-,30587592,30597592,6.805138265430927,6.266032965556781,-0.5391052998741461,Mixed,NSC
Fam43a,chr16,30599723,30602797,+,30589723,30599723,6.592794144934415,5.886171504626671,-0.706622640307744,Mixed,NSC
Xxylt1,chr16,30955144,31081432,-,31081432,31091432,2.736677026569843,2.5948920278867083,-0.14178499868313477,Mixed,NSC
Acap2,chr16,31092412,31201245,-,31201245,31211245,5.664465833872557,5.650379529297353,-0.01408630457520399,Mixed,NSC
Ppp1r2,chr16,31251537,31275277,-,31275277,31285277,5.602522331905366,6.191024587162336,0.5885022552569703,Mixed,NSC
Gm15743,chr16,31427876,31429776,-,31429776,31439776,6.634041532492637,5.762988400272529,-0.8710531322201085,Mixed,NSC
Dlg1,chr16,31663443,31875129,+,31653443,31663443,4.776287834560871,5.028877051816385,0.25258921725551353,Mixed,NSC
Pigz,chr16,31933851,31946046,+,31923851,31933851,7.5834405903220174,6.465682177476087,-1.1177584128459301,Mixed,NSC
Senp5,chr16,31959672,32003287,-,32003287,32013287,6.220408591341972,5.650057505293688,-0.5703510860482837,Mixed,NSC
Pak2,chr16,32016290,32079342,-,32079342,32089342,6.077423517858982,5.62258971340259,-0.454833804456392,Mixed,NSC
Cep19,chr16,32099800,32108069,+,32089800,32099800,5.878245445430279,5.853894201735656,-0.024351243694622937,Mixed,NSC
Nrros,chr16,32142785,32165594,-,32165594,32175594,6.118626782929897,5.300261951446533,-0.8183648314833638,Mixed,NSC
Fbxo45,chr16,32230112,32247158,-,32247158,32257158,5.402832213234901,5.643198193534215,0.24036598029931433,Mixed,NSC
Rnf168,chr16,32277459,32301434,+,32267459,32277459,6.789599477618934,6.388267709964513,-0.4013317676544208,Mixed,NSC
Ubxn7,chr16,32332257,32393747,+,32322257,32332257,6.70791303628683,6.538545165586471,-0.1693678707003592,Mixed,NSC
Pcyt1a,chr16,32430921,32475070,+,32420921,32430921,4.860144246554375,5.099694588665167,0.23955034211079163,Mixed,NSC
Tfrc,chr16,32608920,32632794,+,32598920,32608920,7.638202354252339,5.845715149541696,-1.7924872047106435,Mixed,NSC
Tnk2,chr16,32643874,32683493,+,32633874,32643874,6.102064250838756,5.482471943227449,-0.619592307611307,Mixed,NSC
Rubcn,chr16,32821703,32877766,-,32877766,32887766,5.183386912167072,5.067072235449156,-0.1163146767179164,Mixed,NSC
Lrch3,chr16,32914100,33015647,+,32904100,32914100,4.210326391756535,4.796894074519475,0.58656768276294,Mixed,NSC
Rpl35a,chr16,33056453,33060189,+,33046453,33056453,4.043068124389649,4.394311081123352,0.351242956733703,Mixed,NSC
Lmln,chr16,33062521,33127695,+,33052521,33062521,4.356490217614174,4.804302569846313,0.44781235223213933,Mixed,NSC
Osbpl11,chr16,33185071,33243312,+,33175071,33185071,8.23956136507988,6.59755347352624,-1.6420078915536394,Mixed,NSC
Snx4,chr16,33251442,33300269,+,33241442,33251442,6.266502143359184,5.75416703880628,-0.5123351045529043,Mixed,NSC
1700007L15Rik,chr16,33379854,33380727,-,33380727,33390727,6.044884051513671,5.282490350182851,-0.7623937013308204,Mixed,NSC
Heg1,chr16,33684370,33771576,+,33674370,33684370,7.2291809789538375,5.7222392127315205,-1.506941766222317,Mixed,NSC
Itgb5,chr16,33829665,33949338,+,33819665,33829665,6.969199895381927,6.41671240156889,-0.5524874938130377,Mixed,NSC
Umps,chr16,33954782,33967038,-,33967038,33977038,6.2618457249164585,5.981095759479206,-0.28074996543725295,Mixed,NSC
Kalrn,chr16,33969073,34573532,-,34573532,34583532,4.312771866846084,3.7530062317967414,-0.559765635049343,Mixed,NSC
Ccdc14,chr16,34690616,34725202,+,34680616,34690616,5.081162186944485,5.158752177878221,0.07758999093373653,Mixed,NSC
Mylk,chr16,34745210,35002420,+,34735210,34745210,6.9638401978015905,6.279959770003955,-0.6838804277976358,Mixed,NSC
Hacd2,chr16,35022428,35109177,+,35012428,35022428,5.537533226323128,5.094645629020532,-0.44288759730259564,Mixed,NSC
Adcy5,chr16,35154877,35305738,+,35144877,35154877,5.625337082308532,5.46468884314696,-0.16064823916157156,Mixed,NSC
Sec22a,chr16,35311131,35363918,-,35363918,35373918,5.714913939809799,5.057433326081435,-0.6574806137283637,Mixed,NSC
Pdia5,chr16,35397312,35490873,-,35490873,35500873,10.978322135853766,11.071496725352604,0.0931745894988385,Mixed,NSC
Sema5b,chr16,35541145,35664732,+,35531145,35541145,12.512016129553318,10.46278260310491,-2.0492335264484076,Euchromatin,NSC
Slc49a4,chr16,35694062,35769356,-,35769356,35779356,5.947652335810661,5.561599266795317,-0.3860530690153441,Mixed,NSC
Hspbap1,chr16,35770375,35828477,+,35760375,35770375,5.214367190301419,4.32839046617349,-0.8859767241279295,Mixed,NSC
Parp14,chr16,35832874,35871544,-,35871544,35881544,5.498086805927754,4.830644866923492,-0.6674419390042621,Mixed,NSC
Dtx3l,chr16,35926511,35939151,-,35939151,35949151,5.591788098454476,5.034086571478844,-0.5577015269756318,Mixed,NSC
Kpna1,chr16,35978750,36037131,+,35968750,35978750,6.085586172103882,5.26625831536452,-0.8193278567393625,Mixed,NSC
Wdr5b,chr16,36041190,36043928,+,36031190,36041190,4.639227997779845,5.167584576328595,0.5283565785487498,Mixed,NSC
Ildr1,chr16,36693978,36726804,+,36683978,36693978,4.311619753289222,4.759629836634795,0.44801008334557224,Mixed,NSC
Eaf2,chr16,36792884,36875003,-,36875003,36885003,3.9070788226604463,4.188307412902514,0.2812285902420677,Mixed,NSC
Golgb1,chr16,36875140,36933085,+,36865140,36875140,4.632047919988633,4.762796392023564,0.13074847203493078,Mixed,NSC
Polq,chr16,37011786,37095417,+,37001786,37011786,3.8366600962519644,5.051992006699244,1.2153319104472797,Mixed,NSC
Stxbp5l,chr16,37114942,37384962,-,37384962,37394962,2.5049132008910178,3.769943689747652,1.2650304888566342,Mixed,NSC
Rabl3,chr16,37539885,37572385,+,37529885,37539885,4.728297689259053,4.7106320249736315,-0.01766566428542138,Mixed,NSC
Ndufb4,chr16,37647170,37654453,-,37654453,37664453,3.685272349512577,5.129635396631559,1.4443630471189821,Mixed,NSC
Fstl1,chr16,37776873,37836514,+,37766873,37776873,5.174100176930428,4.996333290765683,-0.17776688616474434,Mixed,NSC
Lrrc58,chr16,37868389,37888858,+,37858389,37868389,4.65831667612791,4.869331771775086,0.21101509564717613,Mixed,NSC
Gpr156,chr16,37916496,38007530,+,37906496,37916496,6.943174217116832,6.40764110036691,-0.5355331167499218,Mixed,NSC
Gsk3b,chr16,38089001,38246084,+,38079001,38089001,5.244687000143529,5.640420441373188,0.3957334412296598,Mixed,NSC
Cox17,chr16,38346991,38352763,+,38336991,38346991,5.171469220376014,5.101984666200479,-0.06948455417553578,Mixed,NSC
Adprh,chr16,38444030,38452703,-,38452703,38462703,5.6845769194841385,5.360238132901986,-0.3243387865821523,Mixed,NSC
Timmdc1,chr16,38498347,38522663,-,38522663,38532663,6.107380740404129,5.380887807190419,-0.7264929332137102,Mixed,NSC
Poglut1,chr16,38525137,38550258,-,38550258,38560258,5.317169669294357,5.542164011025428,0.22499434173107158,Mixed,NSC
Tmem39a,chr16,38558698,38592162,+,38548698,38558698,5.5869547450542445,5.590756366745631,0.0038016216913865364,Mixed,NSC
Arhgap31,chr16,38598340,38713274,-,38713274,38723274,2.1229282800078395,1.8957939818342526,-0.22713429817358688,Mixed,NSC
B4galt4,chr16,38742264,38769049,+,38732264,38742264,5.770469114625454,5.071493229738872,-0.6989758848865826,Mixed,NSC
Igsf11,chr16,38892671,39027159,+,38882671,38892671,4.461610388153791,4.950864499290785,0.4892541111369937,Mixed,NSC
Lsamp,chr16,39984361,42181679,+,39974361,39984361,3.7696011401414875,4.908795053418477,1.1391939132769897,Mixed,NSC
Zbtb20,chr16,42875881,43642602,+,42865881,42875881,4.623654564344883,4.923556735821566,0.29990217147668297,Mixed,NSC
Zdhhc23,chr16,43965033,43979791,-,43979791,43989791,5.090403272008896,4.755665024880568,-0.33473824712832734,Mixed,NSC
Gramd1c,chr16,43980350,44063345,-,44063345,44073345,4.752079063951968,4.773132393280665,0.021053329328696968,Mixed,NSC
Atp6v1a,chr16,44085402,44139705,-,44139705,44149705,4.487948320209981,5.005019952058793,0.517071631848812,Mixed,NSC
Usf3,chr16,44173246,44227465,+,44163246,44173246,3.9092045897006984,4.688735772109031,0.7795311824083329,Mixed,NSC
Sidt1,chr16,44240180,44333196,-,44333196,44343196,4.263830637800694,4.337580068743228,0.07374943094253439,Mixed,NSC
Spice1,chr16,44347121,44388497,+,44337121,44347121,4.502400110960007,4.685446523706118,0.1830464127461111,Mixed,NSC
Boc,chr16,44485049,44558897,-,44558897,44568897,3.857927547645569,4.931243209032218,1.0733156613866486,Mixed,NSC
Mir3081,chr16,44558046,44558129,-,44558129,44568129,4.383453437203169,4.983527541440726,0.6000741042375566,Mixed,NSC
Nepro,chr16,44724301,44737284,+,44714301,44724301,3.110632814526558,3.6032546834707264,0.4926218689441684,Mixed,NSC
Gtpbp8,chr16,44736768,44746363,-,44746363,44756363,5.494009100037813,4.928571365380287,-0.5654377346575261,Mixed,NSC
Atg3,chr16,45158785,45188538,+,45148785,45158785,4.594570889562369,4.594440391103427,-0.00013049845894208545,Mixed,NSC
Cd200,chr16,45382135,45409053,-,45409053,45419053,2.880610959798098,3.681067869277795,0.8004569094796974,Mixed,NSC
Abhd10,chr16,45729725,45742955,-,45742955,45752955,5.3281772984266285,5.419791916747887,0.09161461832125894,Mixed,NSC
Phldb2,chr16,45746243,45953598,-,45953598,45963598,3.565022757768631,4.3726034155607225,0.8075806577920916,Mixed,NSC
Plcxd2,chr16,45959263,46010218,-,46010218,46020218,3.718824859428406,4.3094584173202515,0.5906335578918456,Mixed,NSC
Nectin3,chr16,46387706,46498525,-,46498525,46508525,4.037380921006203,4.725472421040138,0.6880915000339352,Mixed,NSC
Dzip3,chr16,48924232,48994165,-,48994165,49004165,3.3878000043630596,4.687382999579111,1.2995829952160518,Mixed,NSC
Ift57,chr16,49699233,49765126,+,49689233,49699233,3.634753926384449,4.133393293341001,0.4986393669565521,Mixed,NSC
Cd47,chr16,49800533,49915010,+,49790533,49800533,4.766392679148913,4.848217861362298,0.08182518221338508,Mixed,NSC
Bbx,chr16,50191844,50432390,-,50432390,50442390,3.880779973268509,4.5641910044153535,0.6834110311468446,Mixed,NSC
G730013B05Rik,chr16,50526245,50559459,+,50516245,50526245,4.292016452252865,4.173079957842826,-0.11893649441003884,Mixed,NSC
Dubr,chr16,50719294,50732773,-,50732773,50742773,4.519680429911613,4.216967614056666,-0.3027128158549468,Mixed,NSC
Cblb,chr16,52031225,52208048,+,52021225,52031225,3.856735206484794,5.141718135257562,1.2849829287727674,Mixed,NSC
Alcam,chr16,52248996,52454074,-,52454074,52464074,2.9660539817094804,3.831262639216582,0.8652086575071016,Mixed,NSC
Nfkbiz,chr16,55811375,55838899,-,55838899,55848899,4.521963573861122,5.188643610167503,0.6666800363063814,Mixed,NSC
Nxpe3,chr16,55839953,55895285,-,55895285,55905285,5.3282741132974625,4.687844266444444,-0.6404298468530181,Mixed,NSC
Cep97,chr16,55899888,55934855,-,55934855,55944855,4.585483002454042,4.431820386330287,-0.1536626161237553,Mixed,NSC
Rpl24,chr16,55966275,55971435,+,55956275,55966275,1.5206927587389947,1.9007381380995116,0.38004537936051697,Mixed,NSC
Zbtb11,chr16,55973883,56008913,+,55963883,55973883,4.858056232571602,5.048149406870206,0.19009317429860406,Mixed,NSC
Pcnp,chr16,56007245,56029739,-,56029739,56039739,4.6125484655380244,4.63772137269179,0.025172907153765856,Mixed,NSC
Trmt10c,chr16,56032609,56037819,-,56037819,56047819,0.4410146935582161,0.3907029639085134,-0.05031172964970271,Mixed,NSC
Senp7,chr16,56048338,56190012,+,56038338,56048338,0.062030107855796816,0.22632474383115772,0.1642946359753609,Mixed,NSC
Tfg,chr16,56690332,56717450,-,56717450,56727450,3.665220326721668,4.241837899426619,0.5766175727049507,Mixed,NSC
Tomm70a,chr16,57121703,57156705,+,57111703,57121703,4.222005528116226,4.826415427895387,0.6044098997791609,Mixed,NSC
Nit2,chr16,57156665,57167341,-,57167341,57177341,5.348317211174965,5.200903048453728,-0.14741416272123686,Mixed,NSC
Tbc1d23,chr16,57168862,57231504,-,57231504,57241504,4.302435551130771,4.555727187852065,0.2532916367212934,Mixed,NSC
Cmss1,chr16,57302000,57606864,-,57606864,57616864,4.146981569218635,4.286400139137109,0.13941856991847423,Mixed,NSC
Filip1l,chr16,57353093,57573126,+,57343093,57353093,5.849953040242195,4.820472510894139,-1.0294805293480556,Mixed,NSC
Dcbld2,chr16,58408443,58469727,+,58398443,58408443,3.290939917033911,4.498596617929141,1.20765670089523,Mixed,NSC
St3gal6,chr16,58468125,58524243,-,58524243,58534243,3.2608664494872093,3.7113171027183536,0.4504506532311443,Mixed,NSC
Cpox,chr16,58670292,58717636,+,58660292,58670292,5.103105194413661,4.576782132673263,-0.5263230617403982,Mixed,NSC
Cldnd1,chr16,58727910,58734251,+,58717910,58727910,3.7785438566207885,4.62593537102143,0.8473915144006412,Mixed,NSC
Riox2,chr16,59471775,59492461,+,59461775,59471775,3.744683174103499,3.9596912291447324,0.21500805504123344,Mixed,NSC
Crybg3,chr16,59490775,59600979,-,59600979,59610979,3.423716179478168,4.2427248588681215,0.8190086793899534,Mixed,NSC
Arl6,chr16,59612949,59639391,-,59639391,59649391,2.2350977664232254,3.6582077937742077,1.4231100273509822,Mixed,NSC
Nsun3,chr16,62732444,62786818,-,62786818,62796818,3.0047044895291326,4.150160188476244,1.1454556989471114,Mixed,NSC
Arl13b,chr16,62793685,62847040,-,62847040,62857040,4.2597856293320655,4.647608852187791,0.3878232228557259,Mixed,NSC
Pros1,chr16,62854307,62929346,+,62844307,62854307,4.089521632516384,4.5808566708485285,0.49133503833214487,Mixed,NSC
Epha3,chr16,63543534,63864175,-,63864175,63874175,2.9050277810394762,4.535754522005717,1.6307267409662405,Mixed,NSC
4930453N24Rik,chr16,64751751,64771161,-,64771161,64781161,4.040304099059106,4.796604697775841,0.7563005987167353,Mixed,NSC
Cggbp1,chr16,64851996,64859507,+,64841996,64851996,3.7104794173240663,4.659598621789614,0.9491192044655481,Mixed,NSC
Htr1f,chr16,64924729,65105854,-,65105854,65115854,4.550902888822555,5.104880216336251,0.5539773275136959,Mixed,NSC
Chmp2b,chr16,65539128,65562726,-,65562726,65572726,3.4594327093601223,4.646658436759313,1.1872257273991904,Mixed,NSC
Vgll3,chr16,65815257,65866368,+,65805257,65815257,4.473337704467774,5.160541499984265,0.6872037955164911,Mixed,NSC
Cadm2,chr16,66655421,67620908,-,67620908,67630908,2.62009752368927,3.456320598276456,0.8362230745871861,Mixed,NSC
Gbe1,chr16,70313949,70569716,+,70303949,70313949,3.94844115909338,4.5408996519287435,0.5924584928353633,Mixed,NSC
Robo1,chr16,72308306,73046095,+,72298306,72308306,3.122099670648575,4.531495274718602,1.4093956040700273,Mixed,NSC
Rbm11,chr16,75592844,75602829,+,75582844,75592844,2.727282205402851,4.179177844186623,1.451895638783772,Mixed,NSC
Hspa13,chr16,75745431,75767104,-,75767104,75777104,3.126621491789818,4.100414817893506,0.9737933261036877,Mixed,NSC
Nrip1,chr16,76287400,76373827,-,76373827,76383827,4.017273690783977,4.7945741770029064,0.7773004862189294,Mixed,NSC
Usp25,chr16,77013706,77116780,+,77003706,77013706,4.507361458778382,5.174465769815446,0.6671043110370638,Mixed,NSC
Cxadr,chr16,78301489,78359774,+,78291489,78301489,4.237098580539226,4.545624200781186,0.3085256202419595,Mixed,NSC
Btg3,chr16,78332637,78377192,-,78377192,78387192,3.5776836980223656,3.437327621670564,-0.14035607635180147,Mixed,NSC
D16Ertd472e,chr16,78540338,78576708,-,78576708,78586708,3.76261973798275,4.705966033967337,0.9433462959845866,Mixed,NSC
Mir155hg,chr16,84703167,84715245,+,84693167,84703167,5.712780028939247,5.000007602250576,-0.7127724266886712,Mixed,NSC
Mrpl39,chr16,84717576,84735742,-,84735742,84745742,3.8665630427122117,4.905350879216194,1.0387878365039827,Mixed,NSC
Jam2,chr16,84774123,84825928,+,84764123,84774123,4.644780522036553,4.146365741634369,-0.49841478040218323,Mixed,NSC
App,chr16,84949685,85173766,-,85173766,85183766,4.459111469745636,4.0895587621013325,-0.3695527076443037,Mixed,NSC
Adamts1,chr16,85793827,85803113,-,85803113,85813113,3.114419100081921,4.413478828763962,1.2990597286820411,Mixed,NSC
Adamts5,chr16,85856173,85901828,-,85901828,85911828,3.3583236191630363,4.25159842912356,0.8932748099605239,Mixed,NSC
N6amt1,chr16,87354185,87368742,+,87344185,87354185,3.7463123999238013,4.388666958947976,0.6423545590241746,Mixed,NSC
Ltn1,chr16,87376651,87432612,-,87432612,87442612,5.555000144064426,5.864834927181402,0.3098347831169761,Mixed,NSC
Rwdd2b,chr16,87433407,87440573,-,87440573,87450573,3.239755961793661,3.5117371701558433,0.2719812083621824,Mixed,NSC
Usp16,chr16,87454703,87483517,+,87444703,87454703,3.566933360409737,3.7385768079002695,0.17164344749053262,Mixed,NSC
Cct8,chr16,87483326,87495873,-,87495873,87505873,5.468086766505241,5.070466557842493,-0.3976202086627483,Mixed,NSC
Bach1,chr16,87698945,87733346,+,87688945,87698945,6.1965521218180655,5.4677799123128255,-0.72877220950524,Mixed,NSC
Grik1,chr16,87895900,88290265,-,88290265,88300265,3.0767807837724686,4.134340560992559,1.0575597772200904,Mixed,NSC
Tiam1,chr16,89787111,90143769,-,90143769,90153769,7.355202893269062,5.993632029805581,-1.3615708634634807,Mixed,NSC
Sod1,chr16,90220754,90226329,+,90210754,90220754,5.06209502389431,5.0111444371342655,-0.05095058676004438,Mixed,NSC
Scaf4,chr16,90225680,90284503,-,90284503,90294503,4.307974603700638,4.166954709500074,-0.14101989420056338,Mixed,NSC
Hunk,chr16,90386013,90499553,+,90376013,90386013,6.295370486235618,5.612148673228423,-0.6832218130071954,Mixed,NSC
Mis18a,chr16,90719312,90727404,-,90727404,90737404,6.961128754925728,5.988236075739066,-0.9728926791866614,Mixed,NSC
Urb1,chr16,90751527,90810413,-,90810413,90820413,5.41785699903965,5.609748321972291,0.19189132293264155,Mixed,NSC
Eva1c,chr16,90826719,90905109,+,90816719,90826719,6.287109911286832,5.860350502943992,-0.4267594083428401,Mixed,NSC
Cfap298,chr16,90925809,90935114,-,90935114,90945114,5.009404940295219,5.269795567516486,0.26039062722126616,Mixed,NSC
Synj1,chr16,90936092,91011308,-,91011308,91021308,5.482931460916996,4.990685816756884,-0.4922456441601115,Mixed,NSC
Paxbp1,chr16,91014037,91044543,-,91044543,91054543,5.243623186385632,5.529478984842697,0.28585579845706555,Mixed,NSC
Olig2,chr16,91225457,91228677,+,91215457,91225457,7.436715192377568,5.6639091329177225,-1.7728060594598452,Mixed,NSC
Olig1,chr16,91269772,91271933,+,91259772,91269772,7.875593190026284,6.3344663914362584,-1.5411267985900254,Mixed,NSC
Ifnar2,chr16,91372783,91405589,+,91362783,91372783,6.810198315179348,5.86279249659578,-0.9474058185835679,Mixed,NSC
Il10rb,chr16,91406164,91425834,+,91396164,91406164,6.8668574767827995,5.841988485662142,-1.0248689911206572,Mixed,NSC
A930006K02Rik,chr16,91465025,91470128,+,91455025,91465025,5.392220281898976,4.96756356181701,-0.4246567200819662,Mixed,NSC
Ifnar1,chr16,91485238,91507441,+,91475238,91485238,4.849935206007958,4.581364804935456,-0.26857040107250185,Mixed,NSC
Ifngr2,chr16,91547072,91565623,+,91537072,91547072,7.74943867508173,5.736246941268444,-2.0131917338132856,Euchromatin,NSC
Tmem50b,chr16,91574503,91597800,-,91597800,91607800,6.299468931019306,5.4305368978579835,-0.8689320331613226,Mixed,NSC
Dnajc28,chr16,91614254,91619026,-,91619026,91629026,7.142393026351929,5.675347136207422,-1.4670458901445071,Mixed,NSC
Gart,chr16,91621186,91646952,-,91646952,91656952,7.325485801410675,6.341384767679373,-0.9841010337313021,Mixed,NSC
Gm10785,chr16,91688898,91715642,+,91678898,91688898,6.9475921980261806,5.907971362658341,-1.0396208353678391,Mixed,NSC
Cryzl1,chr16,91689322,91728975,-,91728975,91738975,6.347342443704605,5.5578967109521225,-0.7894457327524824,Mixed,NSC
Itsn1,chr16,91729281,91920597,+,91719281,91729281,8.074912616670131,5.992918513564269,-2.0819941031058624,Euchromatin,NSC
Mrps6,chr16,92058270,92112227,+,92048270,92058270,6.975671710729599,5.745726090093453,-1.2299456206361459,Mixed,NSC
Rcan1,chr16,92391953,92470867,-,92470867,92480867,6.18792967787981,5.899182723375161,-0.2887469545046484,Mixed,NSC
Runx1,chr16,92601466,92826149,-,92826149,92836149,6.606009630054236,6.402806528731188,-0.20320310132304797,Mixed,NSC
Setd4,chr16,93583457,93604063,-,93604063,93614063,4.994785372376442,5.507733090555668,0.5129477181792259,Mixed,NSC
Cbr1,chr16,93605853,93610505,+,93595853,93605853,5.814975087672472,6.159829407179355,0.34485431950688294,Mixed,NSC
Cbr3,chr16,93683215,93690990,+,93673215,93683215,6.740222740828991,5.39792942460378,-1.342293316225211,Mixed,NSC
Dop1b,chr16,93711904,93810590,+,93701904,93711904,3.4595676761388785,3.0369214410066605,-0.422646235132218,Mixed,NSC
Morc3,chr16,93832121,93876073,+,93822121,93832121,6.867135099196434,5.3724159682830175,-1.494719130913417,Mixed,NSC
Chaf1b,chr16,93883901,93906115,+,93873901,93883901,5.45909673706293,5.503796717282136,0.04469998021920585,Mixed,NSC
Sim2,chr16,94084931,94127032,+,94074931,94084931,6.755437189710141,5.920942883205413,-0.8344943065047277,Mixed,NSC
Hlcs,chr16,94128882,94313571,-,94313571,94323571,7.211912205576897,5.723265538922945,-1.4886466666539517,Mixed,NSC
Ripply3,chr16,94328420,94336935,+,94318420,94328420,6.574186409473419,5.662408777793249,-0.9117776316801702,Mixed,NSC
Ttc3,chr16,94370618,94469343,+,94360618,94370618,5.377821152555943,5.646723517111937,0.26890236455599403,Mixed,NSC
Vps26c,chr16,94497783,94526830,-,94526830,94536830,5.638190831899643,5.422546394924322,-0.21564443697532099,Mixed,NSC
Dyrk1a,chr16,94570010,94695517,+,94560010,94570010,7.806156102538109,6.641785054723422,-1.1643710478146874,Mixed,NSC
Kcnj6,chr16,94748636,94997701,-,94997701,95007701,6.450621441090107,5.714281276849906,-0.7363401642402003,Mixed,NSC
Erg,chr16,95359169,95586593,-,95586593,95596593,5.980949102437496,6.015905815867583,0.03495671343008766,Mixed,NSC
Ets2,chr16,95702075,95721051,+,95692075,95702075,5.60080480876565,5.154859868576129,-0.4459449401895208,Mixed,NSC
Psmg1,chr16,95979933,95990960,-,95990960,96000960,5.063402320981026,5.671367037435373,0.6079647164543474,Mixed,NSC
Brwd1,chr16,95992092,96082526,-,96082526,96092526,8.31037083363533,6.334450525995096,-1.9759203076402345,Mixed,NSC
Hmgn1,chr16,96120618,96127729,-,96127729,96137729,7.487898286271094,5.816864912947018,-1.671033373324076,Mixed,NSC
Get1,chr16,96145407,96157852,+,96135407,96145407,7.004540033179522,6.004109792979558,-1.0004302401999636,Mixed,NSC
Lca5l,chr16,96158407,96192271,-,96192271,96202271,5.274977115499974,5.494867970240115,0.21989085474014125,Mixed,NSC
B3galt5,chr16,96235801,96319859,+,96225801,96235801,5.974918325507641,5.023213821568092,-0.9517045039395491,Mixed,NSC
Dscam,chr16,96590840,97170752,-,97170752,97180752,5.145700905287265,4.616635990003744,-0.529064915283521,Mixed,NSC
Bace2,chr16,97356742,97442936,+,97346742,97356742,3.1628044101595876,2.36671019603014,-0.7960942141294476,Mixed,NSC
Tmprss2,chr16,97564682,97611195,-,97611195,97621195,6.47888611972332,5.382326608439286,-1.0965595112840347,Mixed,NSC
Ripk4,chr16,97741933,97763787,-,97763787,97773787,4.956022011077404,4.008324878557524,-0.9476971325198802,Mixed,NSC
Prdm15,chr16,97791467,97851850,-,97851850,97861850,7.818112621724605,6.008889259358248,-1.8092233623663576,Mixed,NSC
C2cd2,chr16,97855209,97962598,-,97962598,97972598,3.633331210029125,4.17768955227534,0.5443583422462153,Mixed,NSC
Zbtb21,chr16,97943357,97962622,-,97962622,97972622,3.6000335660099982,4.162084403789044,0.5620508377790459,Mixed,NSC
