gene,chrom,start,end,neu_signal,nsc_signal,fold_change,enriched_in,gfp_phase,gfp_s3_s2s_ratio
Gm15772,chr5,3231431,3241431,1.4194812985261283,1.0105649441083273,1.4046413412634342,Neither,,
Rbm48,chr5,3591585,3601585,43.11348562610149,22.7081680722634,1.8985893308919932,Neither,,
Cyp51,chr5,4099746,4109746,35.63775448530515,14.084906823762255,2.5302087497789967,Neurons,intermediate,1.0
Mterf1b,chr5,4187367,4197367,3.5838188056151075,4.137069768667221,0.8662698494373359,Neither,,
Cldn12,chr5,5509958,5519958,23.639821868721643,10.560503792293867,2.2385127010675308,Neurons,intermediate,1.0
Gtpbp10,chr5,5554538,5564538,15.378284840583802,7.411044461488724,2.0750495993508893,Neurons,intermediate,1.0
Zfp804b,chr5,7339756,7349756,8.40200681789716,9.235679454048475,0.9097334808663294,Neither,,
Rundc3b,chr5,8617952,8627952,15.78785118762652,14.88534006772836,1.06063087009042,Neither,,
Tmem243,chr5,9095668,9105668,21.391941722154616,15.32715081878503,1.3956893864407303,Neither,,
Dmtf1,chr5,9156776,9166776,16.607799175739288,12.71935569094022,1.3057107277508355,Neither,,
Tmem60,chr5,20877191,20887191,81.87574541107813,33.7896951924324,2.423098076049386,Neurons,intermediate,1.0
Rsbn1l,chr5,20951398,20961398,19.447252416849135,12.113837676008544,1.6053750212754148,Neither,,
Ptpn12,chr5,21050911,21060911,40.50920394686063,18.711596120913825,2.1649250916432385,Neurons,intermediate,1.0
Pmpcb,chr5,21732141,21742141,56.170308859348296,21.105420374631883,2.661416255269827,Neurons,intermediate,1.0
5031425E22Rik,chr5,23429269,23439269,64.70683505360286,28.645426818331085,2.2588888433735947,Neurons,intermediate,1.0
Kcnh2,chr5,24346604,24356604,15.027100105285646,6.107770503203073,2.46032494138492,Neurons,intermediate,1.0
Atg9b,chr5,24387143,24397143,54.40452626490593,45.031257486498355,1.2081502783087492,Neither,,
Cdk5,chr5,24418530,24428530,60.78626400136948,33.63370564842224,1.8073020153288095,Neither,,
Slc4a2,chr5,24418837,24428837,61.047447011661525,34.3372601691246,1.7778776381976513,Neither,,
Agap3,chr5,24447177,24457177,12.662716648983954,21.50766912151178,0.5887535547177829,Neither,,
Abcf2,chr5,24572467,24582467,47.94473267890612,21.937925265582404,2.185472513853661,Neurons,intermediate,1.0
Nub1,chr5,24680532,24690532,99.20993458469708,43.94549600118001,2.2575677512442485,Neurons,intermediate,1.0
Crygn,chr5,24753008,24763008,7.46133765522639,8.200560728470483,0.9098570088411542,Neither,,
Rheb,chr5,24837624,24847624,81.71828197854359,28.101462861657144,2.9079725272965615,Neurons,intermediate,1.0
1700096K18Rik,chr5,25525013,25535013,52.007712021875385,28.976325156529743,1.7948346362394259,Neither,,
Dpp6,chr5,26812203,26822203,3.8044613788604735,4.458307243148486,0.8533421254686202,Neither,,
Insig1,chr5,28066363,28076363,76.6956343158722,47.86363963989417,1.6023778152455141,Neither,,
Rbm33,chr5,28312121,28322121,12.703825862479208,7.521421962181726,1.6890191676992725,Neither,,
Rnf32,chr5,29190992,29200992,17.222051948897043,13.600854556473095,1.2662477844600213,Neither,,
Ube3c,chr5,29564242,29574242,27.148270919768013,15.304069039750098,1.7739250162328932,Neither,,
Dnajb6,chr5,29730688,29740688,15.824107692877453,10.924743417978286,1.4484649284153013,Neither,,
Tyms,chr5,30068617,30078617,5.53759381600221,4.911521281957626,1.127470186547791,Neither,,
Hadhb,chr5,30150248,30160248,27.978940976254147,19.539662474830944,1.4319050296950546,Neither,,
Selenoi,chr5,30227581,30237581,34.66574769523938,18.643892843643826,1.8593620970664295,Neither,,
Gm9899,chr5,30583619,30593619,9.777595899120966,7.304252488255501,1.3386169104699421,Neither,,
Dpysl5,chr5,30706564,30716564,30.724574073346457,12.48449551792145,2.461018471210265,Neurons,intermediate,1.0
Mapre3,chr5,30809641,30819641,26.876489124520617,8.890594515681267,3.023024959367538,Neurons,intermediate,1.0
Agbl5,chr5,30883694,30893694,139.2812811431408,30.95802582182884,4.499036273977524,Neurons,intermediate,1.0
Khk,chr5,30916431,30926431,27.647732702660562,11.397196182974179,2.425836342447313,Neurons,intermediate,1.0
Cad,chr5,31049780,31059780,12.661635526657106,13.112343922495844,0.9656271679188118,Neither,,
Slc30a3,chr5,31103237,31113237,6.326999543587367,9.720908258954685,0.6508650606551168,Neither,,
Gtf3c2,chr5,31175144,31185144,31.655295737250643,12.993885739374159,2.436168546667188,Neurons,intermediate,1.0
Eif2b4,chr5,31188430,31198430,44.82413427273432,25.43409013783932,1.762364371196737,Neither,,
Zfp513,chr5,31197303,31207303,36.27587475365797,18.648691577355066,1.9452235886461564,Neither,,
Nrbp1,chr5,31235864,31245864,10.514789304176967,9.794478142221768,1.073542576898518,Neither,,
Zfp512,chr5,31447431,31457431,20.11203149841627,7.470064222296078,2.6923505474541183,Neurons,intermediate,1.0
Gpn1,chr5,31489741,31499741,9.071321303892136,9.353264167706172,0.9698562064794989,Neither,,
Mrpl33,chr5,31591935,31601935,10.631863559484481,6.225809698025386,1.7077077641574148,Neither,,
Babam2,chr5,31692684,31702684,19.89986753233274,9.789204036029181,2.0328381612122133,Neurons,intermediate,1.0
Fosl2,chr5,32130801,32140801,70.76287313710053,35.27854216293494,2.0058332572326885,Neurons,intermediate,1.0
Ppp1cb,chr5,32453843,32463843,40.89801930277347,13.228963681022327,3.0915512574461084,Neurons,intermediate,1.0
Pisd,chr5,32780646,32790646,14.278204570849738,7.959359701116878,1.7938885924261196,Neither,,
Prr14l,chr5,32849256,32859256,12.03687328561147,14.70264196717739,0.8186877781886371,Neither,,
Ctbp1,chr5,33269994,33279994,24.710248657496766,15.557981141153972,1.5882683256462637,Neither,,
Maea,chr5,33330509,33340509,21.66526854527791,16.85418987258275,1.2854529769194956,Neither,,
Uvssa,chr5,33373549,33383549,55.305278754838305,30.18978902554512,1.8319200146791912,Neither,,
Tacc3,chr5,33653128,33663128,62.86204838485718,37.538019808888436,1.6746234538981302,Neither,,
Nelfa,chr5,33931413,33941413,50.41456399337451,17.60753492355347,2.863238051905569,Neurons,intermediate,1.0
Gm1673,chr5,33978433,33988433,9.962843445062637,10.897149448680878,0.9142614306596171,Neither,,
Haus3,chr5,34164527,34174527,44.201521894486746,18.065297967167695,2.4467640652714198,Neurons,intermediate,1.0
Mxd4,chr5,34182720,34192720,119.74579786030453,57.27685989332199,2.0906487905120983,Neurons,intermediate,1.0
Cfap99,chr5,34283600,34293600,16.804701939582824,8.244814339001973,2.0382147188067568,Neurons,intermediate,1.0
Rnf4,chr5,34331289,34341289,32.88800746688843,16.7332710029006,1.9654260939888868,Neither,,
Fam193a,chr5,34364933,34374933,36.113183912309005,23.16619295064608,1.5588743471681152,Neither,,
Sh3bp2,chr5,34520838,34530838,16.877247074047723,19.36306026518345,0.8716208513999492,Neither,,
Grk4,chr5,34655379,34665379,70.97680152915319,32.102609484505656,2.210935580280793,Neurons,intermediate,1.0
Adra2c,chr5,35273319,35283319,12.7426210698843,6.291130218172074,2.0254899561730495,Neurons,intermediate,1.0
Cpz,chr5,35520698,35530698,12.92536586623192,9.067281075278919,1.4254952238628296,Neither,,
Grpel1,chr5,36459998,36469998,89.18626797741256,39.09762776238918,2.2811171183947696,Neurons,intermediate,1.0
Tada2b,chr5,36479285,36489285,44.742344769477846,20.18034606472651,2.2171247522699113,Neurons,intermediate,1.0
Tbc1d14,chr5,36588276,36598276,8.417382367547352,7.452902241619429,1.1294100062847936,Neither,,
Man2b2,chr5,36825653,36835653,16.928476415538785,9.262696955402694,1.827596918807199,Neither,,
Wfs1,chr5,36984205,36994205,31.723539647181827,16.347749059120815,1.940544813384108,Neither,,
Jakmip1,chr5,37108784,37118784,20.18295093393326,14.221982195115089,1.419137688195505,Neither,,
Crmp1,chr5,37236940,37246940,13.467690226236977,9.47731424597899,1.4210450214786339,Neither,,
Msx1,chr5,37819583,37829583,17.134909011586508,6.710198177886009,2.553562287930029,Neurons,intermediate,1.0
Hs3st1,chr5,39750475,39760475,1.759719996849696,3.563984929720561,0.4937506840096737,NSCs,,
Rab28,chr5,41703157,41713157,33.694079392194745,21.504251987020172,1.5668566110800912,Neither,,
Bod1l,chr5,41839315,41849315,17.452019220034284,15.548192682425181,1.1224468062941542,Neither,,
Qdpr,chr5,45445236,45455236,109.95580315767923,56.114434396076206,1.9594923185284367,Neither,,
Med28,chr5,45515229,45525229,14.703233710598946,6.432001341311138,2.285950038001974,Neurons,intermediate,1.0
9630001P10Rik,chr5,45633699,45643699,10.29569033425649,7.1039345814387005,1.4492940800943284,Neither,,
Ncapg,chr5,45664919,45674919,27.90876395670573,14.934498946468034,1.868744579697203,Neither,,
Lcorl,chr5,45852615,45862615,44.45339800341924,26.743355261166894,1.662222169555833,Neither,,
Slit2,chr5,47978138,47988138,16.898013173468907,7.129148481965065,2.370270897880243,Neurons,intermediate,1.0
Dhx15,chr5,52185514,52195514,15.680045815960566,9.973305590351423,1.5722014806334697,Neither,,
Ccdc149,chr5,52466521,52476521,25.142183342822392,13.161758550008138,1.910244990993764,Neither,,
Rbpj,chr5,53461152,53471152,7.464108747227987,10.610951072231929,0.7034344703332961,Neither,,
4932441J04Rik,chr5,57715201,57725201,72.08927278941472,47.92592029184501,1.5041812937639365,Neither,,
Klf3,chr5,64798388,64808388,31.990845561456684,19.033129683232307,1.6807979609175778,Neither,,
Rpl9,chr5,65386444,65396444,16.905337555535635,14.754536366430917,1.1457721974916242,Neither,,
Smim14,chr5,65532184,65542184,12.306862537781399,10.220617779016495,1.2041211993122454,Neither,,
Ube2k,chr5,65532233,65542233,12.310381227819127,10.220617779016495,1.204465473025812,Neither,,
Guf1,chr5,69551923,69561923,17.614797367493313,10.433813887635866,1.6882414769125753,Neither,,
Gabra2,chr5,71090849,71100849,16.042380989313127,8.297296385248503,1.9334467812713503,Neither,,
Gabra4,chr5,71653308,71663308,7.589162236452101,6.291509146372477,1.2062546616224532,Neither,,
Gabrb1,chr5,71653113,71663113,7.589162236452101,6.318840245215099,1.2010372065030361,Neither,,
Nfxl1,chr5,72554684,72564684,29.44647983729045,13.618598892529805,2.162225355902265,Neurons,intermediate,1.0
Fryl,chr5,73251619,73261619,49.830129511070254,33.06375596414407,1.507092224038565,Neither,,
Ociad1,chr5,73287784,73297784,20.21629324698448,10.132146593054136,1.9952626090944345,Neither,,
Spata18,chr5,73646379,73656379,16.710748964881898,15.583154708011946,1.0723598191764219,Neither,,
Dancr,chr5,74088060,74098060,31.908961804707843,19.234005701422692,1.6589868122139328,Neither,,
Kit,chr5,75569916,75579916,31.571252782424292,9.870759082754454,3.1984625009826777,Neurons,intermediate,1.0
Kdr,chr5,75973458,75983458,19.157885210148493,8.093284380936622,2.3671335774724604,Neurons,intermediate,1.0
Srd5a3,chr5,76135271,76145271,27.98175255064964,12.968646255135534,2.157646372655818,Neurons,intermediate,1.0
Aasdh,chr5,76900514,76910514,17.120534769058228,9.888777054111163,1.731309612439946,Neither,,
Ppat,chr5,76946578,76956578,46.6573703781128,19.693915154663724,2.3691262002346876,Neurons,intermediate,1.0
Polr2b,chr5,77305147,77315147,61.33454156460761,27.20312283056577,2.2546875204964096,Neurons,intermediate,1.0
Igfbp7,chr5,77403041,77413041,8.961848930422464,3.8714956204493842,2.3148286370480813,Neurons,intermediate,1.0
Uba6,chr5,86167803,86177803,25.75045917921066,10.776150941451391,2.3895785535222327,Neurons,intermediate,1.0
Ythdc1,chr5,86799221,86809221,22.995804929153124,15.104544091677667,1.5224428350554056,Neither,,
Utp3,chr5,88549462,88559462,28.60470291177432,11.474212611238164,2.4929556284984713,Neurons,intermediate,1.0
Mob1b,chr5,88715855,88725855,23.595562525749205,14.825852150400479,1.5915147599196744,Neither,,
Cox18,chr5,90219001,90229001,35.59333766663869,19.974611584703126,1.7819289008801869,Neither,,
Ankrd17,chr5,90361577,90371577,14.983080631335577,10.492699675758681,1.4279528714570033,Neither,,
Gm9958,chr5,90361620,90371620,14.983080631335577,10.484964725693066,1.429006298382676,Neither,,
Thap6,chr5,91957389,91967389,40.42358154431979,17.381154665724438,2.3257132406764045,Neurons,intermediate,1.0
Cdkl2,chr5,92038883,92048883,13.08363860297998,5.767959181459744,2.26833065064597,Neurons,intermediate,1.0
G3bp2,chr5,92078719,92088719,34.1063035209179,18.866505448611576,1.8077700512061627,Neither,,
Uso1,chr5,92132938,92142938,33.06284512434006,25.812689224545164,1.280875651379274,Neither,,
Naaa,chr5,92273170,92283170,29.15935892796516,16.616681443095207,1.7548244532353277,Neither,,
Sdad1,chr5,92305479,92315479,23.461520252362888,13.882393947609266,1.6900197718710666,Neither,,
Art3,chr5,92326827,92336827,10.305800669908523,7.024160975853602,1.467193121760158,Neither,,
Nup54,chr5,92430219,92440219,37.37768870135943,27.179267114949226,1.3752279832740906,Neither,,
Ccdc158,chr5,92670271,92680271,19.356666891050338,13.702076352651915,1.4126812895261693,Neither,,
Ccni,chr5,93201495,93211495,33.56634441105525,11.150341147939365,3.010342371207043,Neurons,intermediate,1.0
Ccng2,chr5,93262257,93272257,54.70911048753262,22.61035198291143,2.419648775431756,Neurons,intermediate,1.0
Prdm8,chr5,98162198,98172198,15.725473113044103,10.417857143561045,1.5094729075607962,Neither,,
Cfap299,chr5,98324304,98334304,17.021096997944515,12.847973081064225,1.3248079592438422,Neither,,
Bmp3,chr5,98849415,98859415,17.129652284781134,4.541748613754908,3.7715985056731545,Neurons,intermediate,1.0
Rasgef1b,chr5,99724065,99734065,8.923470470905306,8.539049120903016,1.0450192222294696,Neither,,
Hnrnpd,chr5,99973938,99983938,22.039626789045332,15.953461077698071,1.3814950048585593,Neither,,
Hnrnpdl,chr5,100034664,100044664,31.545211085796353,16.991653783321382,1.8565121140097858,Neither,,
Tmem150c,chr5,100154808,100164808,4.8241375478267665,7.46446103767554,0.6462807593847419,Neither,,
5430416N02Rik,chr5,100424535,100434535,37.48210922284921,14.231310544172922,2.633777761120984,Neurons,intermediate,1.0
Cops4,chr5,100513309,100523309,42.25396665827433,15.07455913992723,2.802998500059505,Neurons,intermediate,1.0
Coq2,chr5,100670140,100680140,10.211353726943335,9.692249582211176,1.053558685249388,Neither,,
Helq,chr5,100793598,100803598,14.858919282754263,14.25373623239994,1.0424578538908762,Neither,,
Gpat3,chr5,100840713,100850713,15.962198058136304,8.964501759572824,1.7806006944101411,Neither,,
Wdfy3,chr5,102064921,102074921,13.452475600242614,10.486692602396012,1.282813953864632,Neither,,
Nudt9,chr5,104041306,104051306,39.46413775609334,15.736669376730918,2.507782098697907,Neurons,intermediate,1.0
Lrrc8b,chr5,105410775,105420775,31.54031854152679,18.92650191966693,1.6664631782142783,Neither,,
Lrrc8d,chr5,105694969,105704969,18.28741937218507,23.508633853944144,0.7779022586255863,Neither,,
Tgfbr3,chr5,107284629,107294629,21.43318635905584,9.597053692674637,2.2333089972619034,Neurons,intermediate,1.0
Btbd8,chr5,107432997,107442997,14.497688006432853,9.94516938252449,1.4577617985982203,Neither,,
Evi5,chr5,107870107,107880107,5.130589941978455,8.734911089380581,0.5873660177509924,Neither,,
Dipk1a,chr5,107982085,107992085,16.60769561258952,9.771999161064626,1.6995187309021595,Neither,,
Mtf2,chr5,108060674,108070674,13.098498746871948,8.257116626143455,1.5863284170408642,Neither,,
Tmed5,chr5,108127620,108137620,62.56383054995536,22.336126383344332,2.8010152466100005,Neurons,intermediate,1.0
Dgkq,chr5,108664672,108674672,29.708559214719134,21.284420843601225,1.395788940324889,Neither,,
Fgfrl1,chr5,108687382,108697382,35.38507930369377,27.093045898660023,1.306057629550019,Neither,,
Crlf2,chr5,109553993,109563993,205.81785660258927,56.26354033939043,3.658103549137931,Neurons,intermediate,1.0
Plcxd1,chr5,110094969,110104969,31.451527382040023,10.071310981225968,3.122883152021532,Neurons,intermediate,1.0
Gtpbp6,chr5,110103197,110113197,48.14984094567299,14.878137335968018,3.2362815222353376,Neurons,intermediate,1.0
Chfr,chr5,110130842,110140842,20.556093711662292,12.88686450699965,1.5951198757849134,Neither,,
Ankle2,chr5,110226004,110236004,10.911289162476857,8.704838947256405,1.2534739848249439,Neither,,
P2rx2,chr5,110338212,110348212,13.196370026127497,7.780456111113229,1.6960920847915892,Neither,,
Gm15559,chr5,110765949,110775949,83.30032393134435,33.202730352234845,2.508839575771138,Neurons,intermediate,1.0
Ulk1,chr5,110805097,110815097,34.484515149911246,19.0530695382754,1.80991913563512,Neither,,
Ttc28,chr5,110874803,110884803,10.091110376524925,10.27502183148861,0.982101112972814,Neither,,
Mn1,chr5,111412362,111422362,34.32997436677615,8.847741266012193,3.880083439900269,Neurons,intermediate,1.0
Tpst2,chr5,112271691,112281691,81.60179793599447,37.89080659772157,2.1536041394511063,Neurons,intermediate,1.0
Tfip11,chr5,112321358,112331358,16.30026343550682,11.355498971684774,1.4354510952052344,Neither,,
2900026A02Rik,chr5,113216236,113226236,18.656502759631476,10.291270990697543,1.8128472932541968,Neither,,
Sgsm1,chr5,113305786,113315786,31.12399820950826,7.144847055117289,4.356146180514333,Neurons,intermediate,1.0
Wscd2,chr5,113485333,113495333,22.52146474392414,8.040486425161362,2.8010077441890795,Neurons,intermediate,1.0
Sart3,chr5,113767510,113777510,34.85441899641355,20.863121976733208,1.6706233628544949,Neither,,
Alkbh2,chr5,114123218,114133218,39.429657817729314,31.519513409336408,1.250960232338163,Neither,,
Ube3b,chr5,114375607,114385607,23.66733800492287,16.68586587828,1.418406343283069,Neither,,
Mvk,chr5,114439269,114449269,61.69682676997979,23.74997182950179,2.5977642084333383,Neurons,intermediate,1.0
Fam222a,chr5,114563016,114573016,67.45983113940558,27.645119926810263,2.4402075779741135,Neurons,intermediate,1.0
Trpv4,chr5,114653421,114663421,13.92024818341732,10.368811286290487,1.3425114797703472,Neither,,
Gltp,chr5,114685984,114695984,18.36816188952128,15.017172276624043,1.2231438483337795,Neither,,
Tchp,chr5,114702760,114712760,14.409472372690837,12.426784049073854,1.1595495918966057,Neither,,
1500011B03Rik,chr5,114818468,114828468,19.91997204972903,9.27221997364362,2.1483498133512526,Neurons,intermediate,1.0
Sppl3,chr5,115006137,115016137,13.366833387486139,10.935748660127322,1.2223061998693112,Neither,,
Unc119b,chr5,115129975,115139975,9.344834500312805,9.26182159336408,1.0089629136247023,Neither,,
Mlec,chr5,115153179,115163179,82.78936513926188,33.659066955129305,2.459645279223808,Neurons,intermediate,1.0
Pop5,chr5,115230836,115240836,31.051518967374165,17.95411307029724,1.7294933392585619,Neither,,
Gm13830,chr5,115296120,115306120,44.516104487816484,18.946870920976004,2.3495227614884358,Neurons,intermediate,1.0
Srsf9,chr5,115322177,115332177,15.886054894669849,12.932500547822317,1.22838230981903,Neither,,
Gatc,chr5,115336178,115346178,12.257458317359289,6.806907327214877,1.8007382395750298,Neither,,
Cox6a1,chr5,115343981,115353981,19.32714619029363,11.246579242189725,1.7184910872979904,Neither,,
Pxn,chr5,115501676,115511676,23.799519651873908,22.333911835471792,1.0656225307594511,Neither,,
Rplp0,chr5,115554467,115564467,35.521945670072235,16.287643469754855,2.1809137544074,Neurons,intermediate,1.0
Bicdl1,chr5,115726621,115736621,17.589117882649106,8.283166049559911,2.12347763855146,Neurons,intermediate,1.0
Srrm4,chr5,116586817,116596817,17.415429475069047,9.1764929286321,1.8978306429823717,Neither,,
Suds3,chr5,117111113,117121113,39.15832505215009,22.14298150340716,1.7684305542198444,Neither,,
Taok3,chr5,117115129,117125129,38.98712518111865,17.940787686888374,2.173099969830841,Neurons,intermediate,1.0
Rfc5,chr5,117384047,117394047,15.931324326928456,5.840807756177585,2.7275892294312443,Neurons,intermediate,1.0
Ksr2,chr5,117409000,117419000,10.468544316609702,3.8446042665243145,2.7229185608935795,Neurons,intermediate,1.0
Fbxw8,chr5,118150464,118160464,8.858064997498195,8.321022878098487,1.0645403969280316,Neither,,
Rnft2,chr5,118240116,118250116,57.32665793204307,17.913156857180596,3.2002543375855796,Neurons,intermediate,1.0
Tbx3,chr5,119665669,119675669,19.679864985291164,7.22193825018406,2.725011527866442,Neurons,intermediate,1.0
Rbm19,chr5,120111465,120121465,16.62517250227928,9.27707449400425,1.7920706051270892,Neither,,
Lhx5,chr5,120426699,120436699,12.490132059415181,6.721806169946988,1.8581511789581528,Neither,,
Slc8b1,chr5,120506168,120516168,16.50400175239245,8.931642864926657,1.8478125471408418,Neither,,
Rita1,chr5,120607589,120617589,147.28489712287586,69.0478265824318,2.133085202139445,Neurons,intermediate,1.0
Rasal1,chr5,120643812,120653812,22.346604843695957,17.70455483356317,1.2621952403645127,Neither,,
Dtx1,chr5,120706927,120716927,39.017827163052566,20.381856710354487,1.914341157311274,Neither,,
Trafd1,chr5,121380632,121390632,23.351051271279648,16.473107530419032,1.4175255778644007,Neither,,
Naa25,chr5,121392936,121402936,17.78500610871315,11.89711394850413,1.4949008798011327,Neither,,
Erp29,chr5,121447506,121457506,33.06694408092498,25.8918344550848,1.2771186274300887,Neither,,
Acad12,chr5,121613938,121623938,17.62940703765551,11.609709777291615,1.518505404169389,Neither,,
Sh2b3,chr5,121832646,121842646,23.911024201075236,12.46548778550625,1.9181779816812967,Neither,,
Rad9b,chr5,122349233,122359233,25.37447501396338,10.471649672031402,2.4231592737231984,Neurons,intermediate,1.0
Gpn3,chr5,122366876,122376876,31.771305058161413,12.238836116234461,2.595941702006917,Neurons,intermediate,1.0
Atp2a2,chr5,122497225,122507225,23.859561915477116,15.308690349300704,1.5585632324561984,Neither,,
Camkk2,chr5,122774409,122784409,24.607375717274348,12.2397290832599,2.010451011610175,Neurons,intermediate,1.0
Anapc5,chr5,122816339,122826339,24.381167672793072,18.412684848745666,1.324150599061277,Neither,,
Kdm2b,chr5,122984823,122994823,12.41973937373161,8.047965788030625,1.543214732871122,Neither,,
Mlxip,chr5,123389798,123399798,44.661432763894396,27.686288740444184,1.6131245752217014,Neither,,
Vps33a,chr5,123568038,123578038,16.012001224104562,7.94235905799071,2.0160258566999794,Neurons,intermediate,1.0
Zcchc8,chr5,123716100,123726100,21.610874579111737,18.2819894007047,1.1820854998569643,Neither,,
Rsrc2,chr5,123744414,123754414,45.78044386204083,24.54657689089775,1.8650439149019156,Neither,,
Denr,chr5,123902175,123912175,31.03444534635544,16.815732510089873,1.845560122209007,Neither,,
Ccdc62,chr5,123925679,123935679,18.42279107872645,6.520685103988647,2.825284580520134,Neurons,intermediate,1.0
Hip1r,chr5,123968628,123978628,11.915489132436116,9.94824624513785,1.1977477073669889,Neither,,
Abcb9,chr5,124090798,124100798,43.73392767820358,12.947779506047567,3.3777164383882665,Neurons,intermediate,1.0
Ogfod2,chr5,124107297,124117297,83.38739437004726,32.36215178104242,2.5766949903156675,Neurons,intermediate,1.0
Arl6ip4,chr5,124111089,124121089,91.52930131669045,38.02943769807816,2.4068013322562467,Neurons,intermediate,1.0
Pitpnm2,chr5,124244760,124254760,8.68388604704539,12.33922187836965,0.7037628573863338,Neither,,
Mphosph9,chr5,124322972,124332972,51.7021920689106,30.091933019137382,1.7181412718162663,Neither,,
Sbno1,chr5,124421001,124431001,30.17493944131533,10.995464203715324,2.744307914814487,Neurons,intermediate,1.0
Kmt5a,chr5,124434930,124444930,24.38543738881747,18.47748325455189,1.319738032115936,Neither,,
Snrnp35,chr5,124478134,124488134,24.12265603984197,12.420609294009209,1.942147560464443,Neither,,
Tmed2,chr5,124535695,124545695,21.55173469332854,12.818094149788221,1.681352503849772,Neither,,
Eif2b1,chr5,124574131,124584131,9.090054697306952,11.397927922646204,0.797518176900048,Neither,,
Dnah10,chr5,124720085,124730085,13.816933739622433,6.807606512705486,2.029631664790698,Neurons,intermediate,1.0
Ccdc92,chr5,124857424,124867424,15.76285170006752,14.99915129073461,1.0509162414945885,Neither,,
Scarb1,chr5,125336094,125346094,16.95868586076101,11.84840122018655,1.4313058399700274,Neither,,
Ubc,chr5,125385202,125395202,61.176537848424914,26.90789176023007,2.2735537363370844,Neurons,intermediate,1.0
Dhx37,chr5,125429121,125439121,19.518017445373534,5.438663446664811,3.5887525743742614,Neurons,intermediate,1.0
Aacs,chr5,125470814,125480814,29.99246263264021,14.566692804773647,2.0589754335185395,Neurons,intermediate,1.0
Tmem132c,chr5,127236808,127246808,12.31781696562767,3.59600879295667,3.425413472223424,Neurons,intermediate,1.0
Slc15a4,chr5,127627897,127637897,4.694442673683167,5.116913986682892,0.9174363074893901,Neither,,
Stx2,chr5,129003574,129013574,12.785758467912673,16.16113239367803,0.7911424865818346,Neither,,
Sfswap,chr5,129496221,129506221,11.20472019130389,8.094210402143,1.3842882300585317,Neither,,
Zfp11,chr5,129665099,129675099,11.585973938941956,7.7140901730855305,1.5019235812624323,Neither,,
Psph,chr5,129782449,129792449,59.45373081930479,31.89264623529911,1.8641830590244588,Neither,,
Chchd2,chr5,129882470,129892470,29.635261625289917,12.333695779800415,2.4027884386304748,Neurons,intermediate,1.0
Zbed5,chr5,129890723,129900723,18.616134067384404,10.093116123429935,1.8444387084945277,Neither,,
Nupr1l,chr5,129903540,129913540,11.890612416426341,8.01943971268336,1.482723586988306,Neither,,
Vkorc1l1,chr5,129936970,129946970,131.1507944526672,43.40052290582657,3.0218712972018147,Neurons,intermediate,1.0
Gusb,chr5,129998049,130008049,19.314821096165975,8.722412105838458,2.2143898799779653,Neurons,intermediate,1.0
Crcp,chr5,130024290,130034290,16.79808532714844,11.200350329478582,1.4997821347549272,Neither,,
Kctd7,chr5,130139861,130149861,85.90549934253693,47.29157868671417,1.816507330229404,Neither,,
Tmem248,chr5,130212081,130222081,7.386792872969309,6.429499499825636,1.1488908076234603,Neither,,
Tyw1,chr5,130250619,130260619,38.53482401386897,20.616215250897408,1.86915122610546,Neither,,
Auts2,chr5,132538344,132548344,30.928591263484957,10.230953397758801,3.0230409680353145,Neurons,intermediate,1.0
Gtf2ird2,chr5,134179019,134189019,39.03232067569097,19.013813603917757,2.0528401870758026,Neurons,intermediate,1.0
Gtf2i,chr5,134309760,134319760,70.20731186469396,29.151165130416555,2.4083878483278567,Neurons,intermediate,1.0
Gtf2ird1,chr5,134451716,134461716,24.051382524426774,11.0919769200325,2.1683585079400167,Neurons,intermediate,1.0
Clip2,chr5,134547434,134557434,46.399077390352886,22.35676019162337,2.075393616635817,Neurons,intermediate,1.0
Rfc2,chr5,134576366,134586366,13.232586994202933,4.788134221673012,2.7636207302433062,Neurons,intermediate,1.0
Limk1,chr5,134683598,134693598,72.69602813685735,30.901822012925148,2.3524835560327526,Neurons,intermediate,1.0
Abhd11,chr5,135004152,135014152,187.73441751796403,49.0344275175492,3.8286246423653,Neurons,intermediate,1.0
Stx1a,chr5,135018482,135028482,17.58873653613726,17.880000159581503,0.9837100883196492,Neither,,
Dnajc30,chr5,135059202,135069202,11.543317360830306,8.786137486147881,1.313810235615976,Neither,,
Mlxipl,chr5,135084890,135094890,6.2818020422458645,3.9320419804255167,1.597592821622434,Neither,,
Tbl2,chr5,135144657,135154657,100.42873475468953,49.457465541934965,2.0306081934088605,Neurons,intermediate,1.0
Baz1b,chr5,135182264,135192264,46.1333875386397,25.49336093382041,1.8096235980183175,Neither,,
Nsun5,chr5,135364953,135374953,10.776370713535945,9.047301113955179,1.191114408352534,Neither,,
Hip1,chr5,135540120,135550120,303.8992107030551,131.78204839257398,2.306074419163301,Neurons,intermediate,1.0
Rhbdd2,chr5,135627618,135637618,13.302300442822775,6.744554406563441,1.9723023406672626,Neither,,
Por,chr5,135665033,135675033,14.97495648929278,10.481970249231656,1.428639476475376,Neither,,
Tmem120a,chr5,135739448,135749448,12.060507223844526,11.167649583419163,1.0799503632125964,Neither,,
Mdh2,chr5,135773480,135783480,65.46783019757271,20.878768836577734,3.135617368533672,Neurons,intermediate,1.0
Ywhag,chr5,135929616,135939616,55.41314989279112,17.36919136269887,3.190312590590336,Neurons,intermediate,1.0
Ssc4d,chr5,135969531,135979531,5.1842668162028,8.918214436757564,0.5813121957277883,Neither,,
Rasa4,chr5,136078916,136088916,18.612785146474838,9.676073183226585,1.923588711455799,Neither,,
Polr2j,chr5,136111631,136121631,17.831153062327704,10.059523292342822,1.7725644192205952,Neither,,
Orai2,chr5,136165713,136175713,36.655514361254376,21.887024246811865,1.6747600746407423,Neither,,
Plod3,chr5,136982019,136992019,34.42711955974897,16.830419824413458,2.0455294590934994,Neurons,intermediate,1.0
Vgf,chr5,137021392,137031392,19.169677884896597,9.406999305653573,2.0378100669546866,Neurons,intermediate,1.0
Pop7,chr5,137497518,137507518,89.24307808240253,28.580320920109752,3.122535899154621,Neurons,intermediate,1.0
Gnb2,chr5,137528510,137538510,63.18726103226344,25.394179316004116,2.4882576532977807,Neurons,intermediate,1.0
Gm20605,chr5,137624175,137634175,129.5520196368694,71.54031230286756,1.810895360484421,Neither,,
Agfg2,chr5,137679726,137689726,38.83510678563118,25.56893916130066,1.5188391876816407,Neither,,
Nyap1,chr5,137736607,137746607,35.89926541732152,28.07914723320802,1.2785026952266194,Neither,,
Ppp1r35,chr5,137773849,137783849,25.366791519260406,15.935061983629069,1.5918853372092967,Neither,,
Mepce,chr5,137782655,137792655,148.84428398076693,35.54874940097332,4.1870469844627385,Neurons,intermediate,1.0
Zfp113,chr5,138150744,138160744,14.502221084658304,9.909461701599758,1.4634721361622602,Neither,,
Ap4m1,chr5,138167002,138177002,48.96508322965304,25.83969632239342,1.894955831474633,Neither,,
Stag3,chr5,138275240,138285240,63.365118192354835,21.307859760046004,2.973790840841259,Neurons,intermediate,1.0
Zfp157,chr5,138436468,138446468,11.778585041824977,6.897311723311742,1.7077066419972524,Neither,,
Pdgfa,chr5,138992370,139002370,22.49319232861201,14.3367504251798,1.5689184551268298,Neither,,
Prkar1b,chr5,139145001,139155001,69.64522031588554,28.376906874163947,2.4542921687949986,Neurons,intermediate,1.0
Sun1,chr5,139195637,139205637,28.212905010501544,16.1991699757576,1.7416265804187965,Neither,,
3110082I17Rik,chr5,139455527,139465527,17.45338885850906,9.868283601085345,1.7686347052885147,Neither,,
Ints1,chr5,139770674,139780674,17.32759761854808,6.252496164441109,2.771308796172119,Neurons,intermediate,1.0
Mafk,chr5,139786513,139796513,27.027190185284613,14.49228647734324,1.8649362353923948,Neither,,
Mad1l1,chr5,140316552,140326552,15.378529719273251,13.762170759264627,1.117449419011205,Neither,,
Snx8,chr5,140384262,140394262,19.718701143836977,8.421037223005294,2.341600045415757,Neurons,intermediate,1.0
Chst12,chr5,140500550,140510550,39.31488989233971,16.083338752587636,2.444448288824008,Neurons,intermediate,1.0
Lfng,chr5,140602320,140612320,73.4622903251648,35.31992186566194,2.079910895742522,Neurons,intermediate,1.0
Ttyh3,chr5,140644031,140654031,40.35622974096934,22.208913227876025,1.8171186193080036,Neither,,
Iqce,chr5,140697378,140707378,194.6242290359974,50.545360483447716,3.8504865169520697,Neurons,intermediate,1.0
Brat1,chr5,140700011,140710011,193.87402510704996,48.26907927987576,4.016526273122419,Neurons,intermediate,1.0
Amz1,chr5,140719127,140729127,56.218011252276106,27.761440434400242,2.0250394205991653,Neurons,intermediate,1.0
Gna12,chr5,140825431,140835431,61.23917641297976,24.127954152933757,2.538100662195331,Neurons,intermediate,1.0
Ap5z1,chr5,142458944,142468944,34.56680676425298,15.05411121384303,2.2961705459215036,Neurons,intermediate,1.0
Radil,chr5,142546098,142556098,27.42007830810547,8.606524162983895,3.185964250938545,Neurons,intermediate,1.0
Wipi2,chr5,142622698,142632698,15.522114034223558,9.774963471849759,1.587945988639714,Neither,,
Slc29a4,chr5,142687512,142697512,16.765377531544367,9.655285826539993,1.736393705244902,Neither,,
Tnrc18,chr5,142812662,142822662,61.46130071169535,33.57611436612606,1.8305066524821532,Neither,,
Fscn1,chr5,142955343,142965343,43.069231098691624,16.897204036339122,2.5488969066164406,Neurons,intermediate,1.0
Rbak,chr5,143175775,143185775,19.805139971256256,10.262681306918461,1.9298212015903546,Neither,,
Fam220a,chr5,143543708,143553708,26.536479975795746,17.75976952269872,1.4941905604056143,Neither,,
Usp42,chr5,143727280,143737280,21.369653283834456,8.258485457579296,2.587599553647246,Neurons,intermediate,1.0
D130017N08Rik,chr5,143753354,143763354,15.90454779920578,11.3838501329422,1.3971150018201433,Neither,,
Ccz1,chr5,144009877,144019877,5.977959113995234,6.591259182492891,0.9069525182492217,Neither,,
Lmtk2,chr5,144095436,144105436,9.656496387497583,5.855499915321668,1.649132700391664,Neither,,
Nptx2,chr5,144540902,144550902,15.640255662139259,6.637666219671568,2.356288361681606,Neurons,intermediate,1.0
Trrap,chr5,144762732,144772732,28.068154639116926,13.846719993543624,2.0270616183619223,Neurons,intermediate,1.0
Arpc1b,chr5,145109215,145119215,27.38375418631236,12.037695665319761,2.274833568454811,Neurons,intermediate,1.0
Pdap1,chr5,145135238,145145238,33.445224100716906,13.734601022783915,2.435107073386088,Neurons,intermediate,1.0
Zkscan14,chr5,145196868,145206868,94.01352418967883,55.52428249760468,1.693196561229487,Neither,,
Rnf6,chr5,146216555,146226555,17.0624591375192,11.888871214151381,1.435162247969317,Neither,,
Cdk8,chr5,146226230,146236230,25.642128862222037,18.67596454489231,1.3730015818237835,Neither,,
Rpl21,chr5,146827890,146837890,38.2376763745149,26.365139158328372,1.4503119496123031,Neither,,
Gtf3a,chr5,146943657,146953657,12.439827703468005,8.944079725714525,1.3908449035514618,Neither,,
Mtif3,chr5,146958800,146968800,12.784697857220968,9.99808497909705,1.2787146622528092,Neither,,
Lnx2,chr5,147071586,147081586,27.525152508942284,15.765986717549959,1.7458566344155657,Neither,,
Gsx1,chr5,147183696,147193696,10.0611138976415,7.7675290658871345,1.2952785644314049,Neither,,
Flt1,chr5,147721011,147731011,12.935030662266414,8.333432698583602,1.5521851714798063,Neither,,
Pomp,chr5,147855461,147865461,16.322659347081185,13.800751197218895,1.1827370201681848,Neither,,
Mtus2,chr5,147952320,147962320,12.387119785467783,6.224973942001661,1.9899070905162157,Neither,,
Slc7a1,chr5,148394904,148404904,24.359718273099265,10.252640441163381,2.3759458271156473,Neurons,intermediate,1.0
Ubl3,chr5,148547789,148557789,55.50157359418869,31.77376678188642,1.7467734932148182,Neither,,
Katnal1,chr5,148924320,148934320,32.839936178207395,15.99783193810781,2.0527741699786626,Neurons,intermediate,1.0
Hmgb1,chr5,149179489,149189489,47.52499927632014,18.037007650971415,2.634860515444789,Neurons,intermediate,1.0
Hsph1,chr5,149631376,149641376,67.57907534491221,40.815804924726486,1.655708504819229,Neither,,
N4bp2l1,chr5,150592188,150602188,17.91606386520068,18.725585094102225,0.9567692424651387,Neither,,
N4bp2l2,chr5,150661183,150671183,73.58896287895838,32.77247317703565,2.2454503961734478,Neurons,intermediate,1.0
Pds5b,chr5,150668739,150678739,17.151047780505817,9.600001036802928,1.786567284186211,Neither,,
Stard13,chr5,151228836,151238836,19.77056941105525,8.641374040643374,2.2878964986433195,Neurons,intermediate,1.0
1700028E10Rik,chr5,151363675,151373675,79.19455423315365,24.98772853545348,3.1693378660164964,Neurons,intermediate,1.0
